"Coefficient.x_variables","Coefficient.coeff"
"2ND20798",0.00595238095238096
"2ND21089_3",0.00595238095238096
"2ND21865_6",0.00595238095238095
"2ND21867",0.00595238095238096
"2ND22182",0.00595238095238095
"2ND22927",0.00595238095238095
"2ND23146",0.00595238095238095
"2ND23164",0.00595238095238095
"2ND24175",0.00595238095238095
"2ND24186",0.00595238095238095
"2ND24205",0.00595238095238096
"2ND24238",0.00595238095238095
"2ND24253",0.00595238095238096
"2ND24259",0.00595238095238096
"2ND24263",0.00595238095238095
"2ND24266",0.00595238095238095
"2ND24341",0.00595238095238095
"2ND24379",0.00595238095238095
"2ND24383",0.00595238095238096
"2ND24385",0.00595238095238095
"2ND24388",0.00595238095238096
"2ND24393",0.00595238095238094
"2ND24424",0.00595238095238095
"2ND24434",0.00595238095238096
"2ND24510",0.00595238095238096
"2ND24519",0.00595238095238096
"2ND24527",0.00595238095238094
"2ND25253",0.00595238095238096
"2ND25265",0.00595238095238096
"2ND25270",0.00595238095238096
"2ND25275",0.00595238095238095
"2ND25484",0.00595238095238096
"2ND26306",0.00595238095238096
"2ND26319",0.00595238095238095
"2ND26321",0.00595238095238095
"2ND26322",0.00595238095238095
"2ND26324",0.00595238095238096
"2ND26325",0.00595238095238096
"2ND26328",0.00595238095238095
"2ND26330",0.00595238095238095
"2ND26333",0.00595238095238094
"2ND26334",0.00595238095238095
"2ND26342",0.00595238095238095
"2ND26346",0.00595238095238094
"2ND26348",0.00595238095238096
"2ND26350",0.00595238095238095
"2ND26351",0.00595238095238096
"2ND26352",0.00595238095238096
"2ND26361",0.00595238095238095
"2ND26369",0.00595238095238095
"2ND26373",0.00595238095238096
"2ND26388",0.00595238095238096
"2ND26512",0.00595238095238096
"2ND26635",0.00595238095238095
"2ND27343",0.00595238095238094
"2ND27344",0.00595238095238097
"2ND27347",0.00595238095238095
"2ND27348",0.00595238095238096
"2ND27353",0.00595238095238095
"2ND27360",0.00595238095238095
"2ND27362",0.00595238095238095
"2ND27368",0.00595238095238095
"2ND27373",0.00595238095238096
"2ND27374",0.00595238095238096
"2ND27375",0.00595238095238095
"2ND27377",0.00595238095238095
"2ND27378",0.00595238095238095
"2ND27379",0.00595238095238094
"2ND27380",0.00595238095238094
"2ND27390",0.00595238095238094
"2ND27392",0.00595238095238096
"2ND27394",0.00595238095238095
"2ND27395",0.00595238095238095
"2ND27396",0.00595238095238094
"2ND27397",0.00595238095238095
"2ND27403",0.00595238095238095
"2ND27404",0.00595238095238094
"2ND27408",0.00595238095238096
"2ND27416",0.00595238095238095
"2ND27419",0.00595238095238095
"2ND27440",0.00595238095238095
"2ND27480",0.00595238095238095
"2ND27518",0.00595238095238095
"2ND27560",0.00595238095238096
"2ND27625",0.00595238095238095
"2ND27628",0.00595238095238095
"2ND27633",0.00595238095238096
"2ND27667",0.00595238095238095
"2ND27669",0.00595238095238095
"2ND27670",0.00595238095238095
"2ND27671",0.00595238095238095
"2ND27672",0.00595238095238095
"2ND27673",0.00595238095238095
"2ND27674",0.00595238095238096
"2ND27675",0.00595238095238094
"2ND27676",0.00595238095238094
"2ND27677",0.00595238095238095
"2ND27681",0.00595238095238094
"2ND27692",0.00595238095238095
"2ND27699",0.00595238095238095
"2ND27702",0.00595238095238096
"2ND27705",0.00595238095238096
"2ND27732",0.00595238095238095
"2ND27767",0.00595238095238094
"2ND27830",0.00595238095238095
"2ND27855",0.00595238095238095
"2ND28046",0.00595238095238095
"2ND28065",0.00595238095238094
"2ND28071",0.00595238095238095
"2ND28074",0.00595238095238096
"2ND28086",0.00595238095238095
"2ND28131",0.00595238095238096
"2ND28133",0.00595238095238094
"2ND29817",0.00595238095238095
"2ND29835",0.00595238095238094
"2ND29888",0.00595238095238095
"2ND29977",0.00595238095238095
"2ND29990",0.00595238095238096
"2ND30002",0.00595238095238095
"2ND30612",0.00595238095238096
"2ND30635",0.00595238095238095
"2ND30639",0.00595238095238095
"2ND30658",0.00595238095238095
"2ND30680",0.00595238095238095
"2ND30682",0.00595238095238096
"2ND30749",0.00595238095238095
"2ND30765",0.00595238095238095
"2ND30815",0.00595238095238095
"2ND30837",0.00595238095238095
"2ND31815",0.00595238095238096
"2ND31885",0.00595238095238095
"2ND31899",0.00595238095238096
"2ND31914",0.00595238095238095
"2ND32014",0.00595238095238095
"2ND32184",0.00595238095238096
"2ND32205",0.00595238095238095
"2ND32210",0.00595238095238095
"2ND32322",0.00595238095238095
"2ND32462",0.00595238095238095
"2ND32529",0.00595238095238095
"2ND32657",0.00595238095238095
"2ND32658",0.00595238095238095
"2ND32667",0.00595238095238096
"2ND32746",0.00595238095238096
"2ND32784",0.00595238095238095
"2ND32802",0.00595238095238095
"2ND32820",0.00595238095238096
"2ND32829",0.00595238095238095
"2ND32833",0.00595238095238096
"2ND32834",0.00595238095238096
"2ND32838",0.00595238095238095
"2ND33669",0.00595238095238095
"2ND33685",0.00595238095238095
"2ND33686",0.00595238095238095
"2ND33690",0.00595238095238095
"2ND33699",0.00595238095238095
"2ND33710",0.00595238095238095
"2ND33757",0.00595238095238096
"2ND33760",0.00595238095238095
"2ND33821",0.00595238095238096
"2ND33996",0.00595238095238095
"2ND34783",0.00595238095238095
"2ND34784",0.00595238095238095
"AAC_SYNERGY",0.00595238095238094
"CONLON",0.00595238095238095
"ND_GENESIS",0.00595238095238095
"PINNACLE",0.00595238095238096
"RAWSON",0.00595238095238095
