"NAME","Predicted_value","Residual_value"
"2ND32205",5.58710223813845,NA
"2ND32210",5.57079977063999,NA
"2ND32322",5.55420484031959,NA
"2ND32462",5.57595551084846,NA
"2ND32529",5.51992991067944,NA
"2ND32657",5.37719908510461,NA
"2ND32658",5.53569571785712,NA
"2ND32667",5.65539734317342,NA
"2ND32746",5.71340394303963,NA
"2ND32784",5.68673527051505,NA
"2ND32802",5.45567341613414,NA
"2ND32820",5.39454113416223,NA
"2ND32829",5.36391615807441,NA
"2ND32833",5.38526809198026,NA
"2ND32834",5.41477658632846,NA
"2ND32838",5.34278185256416,NA
"2ND33669",5.65682137700642,NA
"2ND33685",5.73735460173002,NA
"2ND33686",5.55699717283911,NA
"2ND33690",5.55054466348231,NA
"2ND33699",5.53353784327748,NA
"2ND33710",5.48958591565133,NA
"2ND33757",5.70623234404819,NA
"2ND33760",5.59471500770684,NA
"2ND33821",5.62922838420119,NA
"2ND33996",5.43921638413455,NA
"2ND34783",5.46645765584704,NA
"2ND34784",5.5757539296331,NA
"AAC_SYNERGY",5.56972919424376,NA
"CONLON",5.59986811152404,NA
"ND_GENESIS",5.56154961426533,NA
"PINNACLE",5.4604113259341,NA
"RAWSON",5.40695035419558,NA
