"GID","Env","BLUP","Std_error","PEV","Reliability"
"7806808","B5I",0.303984369293418,0.0874039350979945,0.00763944787061444,NA
"8786051","B5I",0.000515018076186134,0.0930905305080677,0.00866584687027348,NA
"8786059","B5I",-0.00415675100022491,0.0873382318984375,0.00762796675114524,NA
"8786066","B5I",-0.145712905272369,0.0907113183858935,0.00822854328330693,NA
"8786068","B5I",-0.139181941666765,0.0886922315693842,0.00786631194075726,NA
"8786077","B5I",-0.0935299740107166,0.0910137628036835,0.00828350501968516,NA
"8786086","B5I",-0.0061081537046678,0.089075091713038,0.00793437196368614,NA
"8786087","B5I",-0.105678431585967,0.0883484448238616,0.00780544770279492,NA
"8786092","B5I",0.118681656171724,0.088801738586802,0.00788574877603872,NA
"8786093","B5I",0.0515803480537017,0.0906450229884949,0.00821652019258477,NA
"8786094","B5I",0.0481812920630499,0.0903017739194355,0.00815441037299684,NA
"8786096","B5I",0.00491383927479604,0.0897122779487768,0.00804829281475858,NA
"8786102","B5I",-0.0429855622344327,0.089141649360959,0.00794623365079217,NA
"8786104","B5I",0.00228968151884637,0.0875662127782543,0.0076678416203265,NA
"8786115","B5I",-0.067626141813362,0.0902254748641042,0.0081406363144531,NA
"8786132","B5I",-0.0154660433672432,0.0879367634143937,0.00773287435979905,NA
"8786136","B5I",0.0874984817754179,0.087470048258814,0.00765100934239925,NA
"8786147","B5I",-0.0148661216064505,0.0881864741016885,0.00777685421448778,NA
"8786149","B5I",0.0840595406700819,0.0866760282087878,0.00751273386605057,NA
"8786150","B5I",0.00922249085705102,0.0879204633796287,0.00773000788088863,NA
"8786159","B5I",-0.0337771121455599,0.0882199002646319,0.00778275080270161,NA
"8786160","B5I",-0.0709907601390024,0.0878740897997027,0.00772185565812621,NA
"8786165","B5I",0.00254404848138773,0.0899797866004447,0.00809636199666156,NA
"8786172","B5I",-0.184864998078966,0.086864638531119,0.00754546542714196,NA
"8786179","B5I",-0.15727921433175,0.0933681658698469,0.00871761439789924,NA
"8786193","B5I",0.0236743327290807,0.0917938591280979,0.00842611257362909,NA
"8786198","B5I",-0.0189434047695926,0.0907910029670085,0.00824300621975535,NA
"8786202","B5I",0.00799394267118449,0.0914370857447933,0.00836074064950069,NA
"8786213","B5I",0.047308488911011,0.096483245483838,0.00930901665909454,NA
"8786234","B5I",-0.0798345360742413,0.0886044575562686,0.00785074989884061,NA
"8786238","B5I",-0.129820704080411,0.0949278740313997,0.00901130126812129,NA
"8786246","B5I",-0.121880835799509,0.0893652178754958,0.00798614216593484,NA
"8786247","B5I",-0.15177188925484,0.0907633664540615,0.00823798869007426,NA
"8786251","B5I",-0.0997815624575108,0.091002567475196,0.0082814672870776,NA
"8786257","B5I",-0.179519863695882,0.0911230265320583,0.0083034059643622,NA
"8786258","B5I",-0.0504261738889118,0.0910009415278874,0.00828117135896198,NA
"8786269","B5I",-0.12708416163895,0.0923519901816952,0.00852889009051993,NA
"8786275","B5I",-0.061605733847931,0.0949091932567481,0.00900775496464676,NA
"8786276","B5I",-0.12277360391957,0.0948359197649479,0.00899385167766363,NA
"8786279","B5I",0.0172443250567944,0.0957170285387014,0.00916174955227858,NA
"8786281","B5I",-0.0312628584012902,0.0961509798733858,0.00924501093061224,NA
"8786285","B5I",-0.206369431529677,0.0938334820772261,0.00880472235873712,NA
"8786286","B5I",-0.351640306335473,0.0934800466867094,0.00873851912854937,NA
"8786301","B5I",-0.251981857496587,0.0934054377736381,0.00872457580568499,NA
"8786303","B5I",-0.141672576190401,0.0840825995612626,0.00706988354897964,NA
"8786304","B5I",-0.0415549381707292,0.0852904203443359,0.0072744558025135,NA
"8786309","B5I",-0.130762190620138,0.095373533596455,0.00909611091067413,NA
"8786313","B5I",-0.152557049857455,0.088764530909676,0.00787914194761483,NA
"8786320","B5I",-0.235057175137755,0.0932422052996615,0.00869410884914423,NA
"8786324","B5I",-0.229843076256683,0.0906357714702185,0.00821484307000168,NA
"8786329","B5I",-0.0154876994676871,0.0898799835337802,0.00807841144003259,NA
"8786337","B5I",-0.0880259880648917,0.0947121756811352,0.00897039622225421,NA
"8786340","B5I",0.063307401741531,0.0878776130381753,0.00772247487328728,NA
"8786345","B5I",0.00387794627164193,0.0878967193918011,0.00772583327984103,NA
"8786347","B5I",0.0163239539311807,0.088239494460922,0.00778620838271908,NA
"8786350","B5I",0.172251909727003,0.0928991602636585,0.00863025397769291,NA
"8786352","B5I",0.0881672655673826,0.0948950545987254,0.00900507138729507,NA
"8786353","B5I",0.0164170644299133,0.0920635034501611,0.00847568866751783,NA
"8786357","B5I",-0.0451677686563151,0.0901648088101727,0.008129692747775,NA
"8786359","B5I",-0.148702088936177,0.089039634297867,0.00792805647589789,NA
"8786362","B5I",-0.117639469211612,0.0871297452908703,0.00759159251445193,NA
"8786366","B5I",-0.176600310935549,0.0954779667539697,0.00911604213547214,NA
"8786367","B5I",-0.251918701276791,0.0883084710947858,0.00779838606709862,NA
"8786368","B5I",-0.135112530417811,0.0920425723699451,0.00847183512847659,NA
"8786372","B5I",-0.0708621967899238,0.0889813921540755,0.00791768814967737,NA
"8786374","B5I",-0.122128323725192,0.0895777634050523,0.00802417569665153,NA
"8786375","B5I",-0.105877090856947,0.0896335134326918,0.00803416673028855,NA
"8786376","B5I",-0.172936338456092,0.08859311281653,0.00784873963852241,NA
"8786377","B5I",-0.0489653324300919,0.0883619842896683,0.00780784026760758,NA
"8786379","B5I",-0.191259161656116,0.0872340387091144,0.00760977750950326,NA
"8786382","B5I",-0.0985252723459867,0.0854904051914207,0.00730860937979329,NA
"8786389","B5I",-0.0833570702090876,0.090781993030282,0.00824137025855018,NA
"8786391","B5I",-0.190112911073223,0.0953258700399166,0.00908702149886708,NA
"8786406","B5I",-0.0879169234736752,0.0916250330454927,0.00839514668058763,NA
"8786424","B5I",-0.171688789555144,0.0966264413037194,0.00933666915902112,NA
"8786441","B5I",-0.00388017403854062,0.0912544744799942,0.00832737911261991,NA
"8786442","B5I",0.130072926032821,0.0899470335111569,0.00809046883745718,NA
"8786444","B5I",-0.132998569773012,0.0916106621109291,0.00839251341240283,NA
"8786447","B5I",-0.110489804512948,0.0915589040853051,0.0083830329173021,NA
"8786455","B5I",-0.287137246476891,0.0881390536815701,0.0077684927838827,NA
"8786458","B5I",-0.246484657309032,0.0890288048251276,0.00792612808859065,NA
"8786462","B5I",-0.289252939639497,0.0869960194773271,0.00756830740489947,NA
"8786479","B5I",-0.127570488604579,0.0924405273473013,0.00854525109624715,NA
"8786483","B5I",-0.118187511031841,0.089234642991249,0.00796282150977567,NA
"8786484","B5I",-0.0698451693203376,0.0893061596718784,0.00797559015533903,NA
"8786487","B5I",-0.0177112323362285,0.0862768075685656,0.0074436875242233,NA
"8786488","B5I",-0.068832368794889,0.0889586189929333,0.00791363589312987,NA
"8786491","B5I",0.14171271870927,0.0887562340599571,0.00787766908450589,NA
"8786492","B5I",-0.0588627069280424,0.0857657572447454,0.0073557651157646,NA
"8786493","B5I",0.00507252983509992,0.0904268806025288,0.00817702073550399,NA
"8786495","B5I",0.0503568806449963,0.0869248821563972,0.00755593513790353,NA
"8786504","B5I",-0.0355224267556738,0.0902053469733622,0.00813700462258467,NA
"8786507","B5I",0.0724532046492008,0.0900157116528343,0.00810282834436622,NA
"8786508","B5I",-0.117412393343892,0.0906405586797243,0.00821571087777255,NA
"8786524","B5I",-0.082462188540297,0.0872506816031012,0.00761268144020575,NA
"8786525","B5I",0.0122820132073009,0.0913789128157817,0.00835010570739423,NA
"8786526","B5I",-0.0481748752451226,0.0884574002057318,0.007824711651157,NA
"8786527","B5I",-0.106530708763294,0.0908938140324529,0.00826168542936614,NA
"8786532","B5I",-0.202280202343289,0.0929496618158427,0.00863963963167952,NA
"8786579","B5I",0.0369159098309736,0.0938459101735876,0.00880705485630907,NA
"8786581","B5I",0.0952063039998212,0.0942181856152888,0.00887706650063702,NA
"8786585","B5I",0.0952330572940395,0.0944237965570157,0.00891585335624069,NA
"8786591","B5I",0.246935341831834,0.0839315544880657,0.00704450583878314,NA
"8786598","B5I",-0.15290932266296,0.0922639111759553,0.00851262930548457,NA
"8786605","B5I",0.0143586683494987,0.0919127047628014,0.0084479452968139,NA
"8786612","B5I",-0.0575181502707176,0.0853678070970649,0.00728766248856168,NA
"8786625","B5I",-0.143673475078671,0.091021593220362,0.00828493043237306,NA
"8786634","B5I",-0.0622156479946027,0.090347905220715,0.00816274397777129,NA
"8786635","B5I",-0.0789883280465475,0.0912490637351674,0.00832639163254465,NA
"8786636","B5I",-0.196542092997757,0.0903635844390236,0.00816557739266855,NA
"8786638","B5I",-0.325585702621241,0.0896111759437122,0.00803016285401495,NA
"8786639","B5I",-0.220023454548707,0.0926739661317863,0.00858846399859547,NA
"8786660","B5I",0.0919775272578688,0.0909352888540991,0.00826922675897844,NA
"8786674","B5I",0.0322744582999143,0.0870710310811761,0.00758136445353913,NA
"8786676","B5I",0.263031646634538,0.0838503494171085,0.00703088109737118,NA
"8786677","B5I",0.22603829596355,0.0871471933614,0.00759463331076923,NA
"8786679","B5I",0.149034622908385,0.0871996764442743,0.00760378357198612,NA
"8786680","B5I",0.215334210557647,0.086354336098754,0.00745707136305656,NA
"8786681","B5I",0.290984999345345,0.085899903786047,0.00737879347045214,NA
"8786683","B5I",0.122473237593864,0.0862317289796853,0.0074359110828259,NA
"8786686","B5I",0.1577425243518,0.0895276232484853,0.00801519532452272,NA
"8786688","B5I",0.0887628264079866,0.0913622819900248,0.00834706657042481,NA
"8786689","B5I",0.17124445072987,0.0911334824184377,0.00830531161771169,NA
"8786694","B5I",0.296733177539808,0.0880602878722817,0.00775461430014913,NA
"8786695","B5I",0.192697342107109,0.0873092347288429,0.00762290246893619,NA
"8786697","B5I",0.11834612070065,0.0905552693709722,0.00820025681084933,NA
"8786698","B5I",0.234932822349033,0.090900932296411,0.0082629794923567,NA
"8786699","B5I",0.283437941091036,0.0869115089665164,0.00755361039083686,NA
"8786700","B5I",0.109247487643516,0.0869469982736974,0.00755978050880634,NA
"8786701","B5I",0.142323402502831,0.0874136719077383,0.00764115003639372,NA
"8786704","B5I",0.213288042898398,0.0760590310638395,0.0057849762063701,NA
"8786706","B5I",0.131992886333676,0.0761643210511514,0.00580100380118287,NA
"8786707","B5I",0.231663667044703,0.0756818985836871,0.0057277497732315,NA
"8786709","B5I",0.123211808280799,0.0763514512980133,0.0058295441153129,NA
"8786711","B5I",0.17200281573873,0.0762879730784825,0.00581985483642327,NA
"8786713","B5I",0.177947339944247,0.0777578948097851,0.00604629020524961,NA
"8786715","B5I",0.123281596971809,0.0771260158888596,0.00594842232688862,NA
"8786726","B5I",0.0198897874643493,0.092137672417019,0.00848935067842591,NA
"8786729","B5I",0.135429117442202,0.0935921615854748,0.00875949271024163,NA
"8786739","B5I",0.143196370352348,0.0730532048257838,0.00533677073531793,NA
"8786759","B5I",0.0999611982750103,0.0911712140236205,0.00831219026654082,NA
"8786763","B5I",0.0726541558728046,0.0922085782447921,0.00850242190192594,NA
"8786764","B5I",0.168086801900429,0.0916800056562247,0.00840522343712539,NA
"8786770","B5I",-0.23226285808302,0.0953466324162395,0.00909098031311749,NA
"8786785","B5I",0.264071661809926,0.0846130095493216,0.00715936138499359,NA
"8786787","B5I",0.128086233761072,0.0839252280111222,0.00704344389671886,NA
"8786792","B5I",0.311564980610935,0.0862419501236395,0.00743767396112833,NA
"8786793","B5I",0.21011331844217,0.0905941913268289,0.00820730750216207,NA
"8786794","B5I",0.203801071121269,0.087728134672544,0.00769622561312402,NA
"8786796","B5I",0.331340254468089,0.0855067242279303,0.00731139988819132,NA
"8786798","B5I",0.143603567635702,0.0875822021947678,0.0076706421412852,NA
"8786799","B5I",0.189143464106686,0.0926991982805617,0.0085931413618589,NA
"8786800","B5I",-0.0616144736180185,0.0933766696091581,0.00871920242729787,NA
"8786803","B5I",0.0482443917110783,0.0955409809367422,0.00912807903835493,NA
"8786819","B5I",-0.179872956750677,0.0900985741618166,0.00811775306599237,NA
"8786820","B5I",-0.0846907135410157,0.0860543482386949,0.00740535085078657,NA
"8786825","B5I",0.00259383994899547,0.0871358607388625,0.00759265822670244,NA
"8786839","B5I",-0.036536364753563,0.0935025535719743,0.00874272752447993,NA
"8786843","B5I",-0.0603466487221072,0.0918303368571081,0.00843281076728995,NA
"8786861","B5I",-0.12345245209822,0.0950454856044919,0.00903364433379368,NA
"8786868","B5I",0.016593231884451,0.0928235091944397,0.00861620385917023,NA
"8786870","B5I",-0.282610487478837,0.0948131436018874,0.00898953219967212,NA
"8786873","B5I",-0.0921340337537687,0.093725190664147,0.00878441136503071,NA
"8786911","B5I",0.115672747704771,0.0924522636391726,0.00854742105200708,NA
"8786963","B5I",0.0991978753555255,0.0872066040865908,0.00760499179631539,NA
"8786966","B5I",0.0841317987205195,0.0893292029864658,0.00797970650619722,NA
"8786967","B5I",0.392690726253376,0.0887632020657179,0.00787890604095948,NA
"8786968","B5I",0.0245730390218463,0.0889727661720653,0.007916153120309,NA
"8786976","B5I",0.104536168742233,0.0942636478027512,0.00888563529708112,NA
"8786978","B5I",-0.0616034623486097,0.0877000106107479,0.00769129186112529,NA
"8786980","B5I",0.102108300200306,0.0908413695267691,0.00825215441749901,NA
"8786998","B5I",-0.0496768425342537,0.0882435463005867,0.00778692346370379,NA
"8787000","B5I",0.0570264928564518,0.0879949606777661,0.00774311310468161,NA
"8787002","B5I",0.00716733531279265,0.0940021063382653,0.00883639599603053,NA
"8787004","B5I",0.0849663665656503,0.0887845481205939,0.00788269598497806,NA
"8787008","B5I",0.308379829878838,0.0896232828313311,0.00803233282546478,NA
"8787017","B5I",0.0101663463161919,0.0889598284847715,0.00791385108403996,NA
"8787023","B5I",-0.0176731164068336,0.0906483350020197,0.00821712063863838,NA
"8787027","B5I",0.0863438358584486,0.0957117129743498,0.00916073200048432,NA
"8787038","B5I",0.051040701259092,0.0899884985196651,0.00809792986582377,NA
"8787042","B5I",0.244587142511733,0.0913606329410537,0.00834676525138995,NA
"8787043","B5I",0.280373901301333,0.0938075051635403,0.00879984802500764,NA
"8787050","B5I",0.193172904535763,0.0927580800463347,0.00860406141388224,NA
"8787052","B5I",0.162099742885354,0.0896414787433935,0.00803559471130228,NA
"8787059","B5I",-0.00324823741131741,0.090481568293135,0.00818691420078526,NA
"8787084","B5I",-0.130491728840817,0.0926752237291695,0.00858869709325162,NA
"8787091","B5I",0.235346080921079,0.0928029014648446,0.00861237852029365,NA
"8787099","B5I",0.265505077172352,0.0922625597674247,0.00851237993483762,NA
"8787107","B5I",-0.119143235290109,0.0853220254511703,0.00727984802709015,NA
"8787111","B5I",-0.171197336166752,0.0869917503833907,0.00756756463476615,NA
"8787121","B5I",-0.159987488859195,0.0852194137611617,0.00726234848179608,NA
"8787127","B5I",0.144249136891672,0.0924492411438067,0.00854686218806573,NA
"8787131","B5I",0.0999802313020046,0.0944419700955344,0.00891928571552581,NA
"8787150","B5I",0.278066525058356,0.0904147613671363,0.00817482907307621,NA
"8787153","B5I",0.203260904539386,0.0847223425848578,0.00717787533306601,NA
"8787155","B5I",0.129594714442542,0.0849608250471488,0.00721834179269223,NA
"8787156","B5I",0.392275142719781,0.0897622622923051,0.00805726373183258,NA
"8787160","B5I",0.189525094738678,0.0865190506013044,0.00748554611695108,NA
"8787161","B5I",0.156248865864303,0.0881422324253973,0.00776905313693277,NA
"8787164","B5I",0.274652971722339,0.0860552278363549,0.00740550223796695,NA
"8787176","B5I",-0.0887165199751109,0.091432279531839,0.00835986174038834,NA
"8787179","B5I",-0.064079017401507,0.0908624540303276,0.00825598555241339,NA
"8787182","B5I",0.0717565681025069,0.0905848407008275,0.00820561336479429,NA
"8787187","B5I",-0.0621510572698825,0.090204204461943,0.00813679850261201,NA
"8787193","B5I",0.00890931267049591,0.0890898839642257,0.00793700742475921,NA
"8787196","B5I",-0.0299351569940635,0.0946637030123644,0.00896121666801312,NA
"8787197","B5I",0.111926441729115,0.0900827368175028,0.00811489947253147,NA
"8787204","B5I",0.0987150792853046,0.0949122702733538,0.00900833904844216,NA
"8787221","B5I",-0.0832731813183347,0.0863385424633866,0.00745434391470202,NA
"8787223","B5I",-0.113484602103703,0.0860872932364881,0.0074110220567851,NA
"8787224","B5I",-0.028558106799697,0.0923423622322585,0.00852711186263363,NA
"8787229","B5I",0.0418317472092188,0.0967561067660647,0.0093617441965261,NA
"8787235","B5I",0.400415889791392,0.0840411515037341,0.00706291514607359,NA
"8787281","B5I",0.123925880377256,0.0879140681569745,0.00772888337990916,NA
"8787303","B5I",0.180446841951035,0.0939186329155051,0.00882070960871739,NA
"8787305","B5I",0.053868163503194,0.0952905523704009,0.00908028937105611,NA
"8787309","B5I",0.00573010741366777,0.0915446650705679,0.00838042570288246,NA
"8787332","B5I",0.0987331978118222,0.0890169581055984,0.00792401883037387,NA
"8787337","B5I",0.076001786333591,0.0961125754839696,0.00923762716616175,NA
"8787344","B5I",0.0569593258659994,0.0888640024855562,0.00789681093775294,NA
"8787345","B5I",0.0162297568001691,0.0901525752351276,0.00812748682152533,NA
"8787380","B5I",0.1130967959319,0.093507790239388,0.00874370683545339,NA
"8787385","B5I",0.0297607753257697,0.0945952383920618,0.008948259126451,NA
"8787393","B5I",-0.244770034481885,0.0946216618407327,0.00895325888950196,NA
"8787407","B5I",-0.0768311675961747,0.0907063011298729,0.00822763306466318,NA
"8787414","B5I",-0.149184416749134,0.0905652979827099,0.00820207319869704,NA
"8787415","B5I",0.022864338652155,0.0921820072932895,0.00849752246862007,NA
"8787421","B5I",0.0498811363086007,0.0937494021995999,0.00878895041278235,NA
"8787423","B5I",-0.0160081656465609,0.0953927313281139,0.00909977319023772,NA
"8787424","B5I",0.0815374381367067,0.0934931570118783,0.00874097040804773,NA
"8787425","B5I",0.0863316922252041,0.0965993793379963,0.00933144008848611,NA
"8787438","B5I",0.0560251687970743,0.0943521706677538,0.00890233210971694,NA
"8787441","B5I",0.127224964898548,0.0940645719476592,0.00884814369569636,NA
"8787453","B5I",-0.0405968546035025,0.0947720158542036,0.00898173498906943,NA
"8787467","B5I",-0.159250247807567,0.0896097949860954,0.00802991535745004,NA
"8787471","B5I",-0.135456208707093,0.0905260492552601,0.00819496559376579,NA
"8787472","B5I",0.0260016022667609,0.0934075444587931,0.00872496936182141,NA
"8787473","B5I",0.0967438851666163,0.0911502746941045,0.0083083725768107,NA
"8787481","B5I",-0.0663046104551263,0.0932239865279075,0.00869071166415548,NA
"8787495","B5I",-0.271122324320957,0.0943706141892384,0.00890581282245408,NA
"8787521","B5I",0.146631447382639,0.0933065663080019,0.00870611531618955,NA
"8787526","B5I",-0.0111703821494891,0.0882876351867101,0.00779470652686162,NA
"8787530","B5I",-0.0851709821155003,0.0867832332668241,0.00753132957624401,NA
"8787532","B5I",-0.0092415175659194,0.090350285619703,0.0081631741115619,NA
"8787534","B5I",-0.023763551283852,0.087122736813042,0.00759037126979459,NA
"8787535","B5I",0.00182909138205108,0.0867134653071532,0.00751922506557487,NA
"8787536","B5I",-0.084083582193632,0.0852243704771093,0.00726319332321959,NA
"8787538","B5I",-0.014482792530151,0.0907698242486911,0.00823916099413827,NA
"8787539","B5I",-0.105254107897173,0.0839566696143081,0.00704872237272608,NA
"8787540","B5I",-0.052459779428488,0.0843523895057924,0.00711532561533692,NA
"8787541","B5I",-0.0516142065466177,0.085194281092578,0.0072580655308812,NA
"8787543","B5I",-0.0798683414014626,0.0850548343802461,0.0072343248514511,NA
"8787547","B5I",-0.180567486288392,0.0865301468824472,0.00748746631949788,NA
"8787552","B5I",-0.255962115312142,0.0909595985172621,0.00827364856242152,NA
"8787554","B5I",-0.00451285225951028,0.0906621708196136,0.00821962921772479,NA
"8787557","B5I",-0.111795350340628,0.094668458770902,0.00896211708605797,NA
"8787568","B5I",-0.299602506105097,0.0928518482619525,0.00862146572566064,NA
"8787569","B5I",-0.0408040201282854,0.0862792497792483,0.00744410894246992,NA
"8787570","B5I",0.060661690883362,0.0856987337143064,0.0073442729602356,NA
"8787572","B5I",-0.00261423894976285,0.0909361053195512,0.00826937525068851,NA
"8787573","B5I",0.0296415214604075,0.0902425139403561,0.00814371132227536,NA
"8787574","B5I",-0.0752034410706204,0.0905824960366599,0.00820518858823151,NA
"8787578","B5I",-0.150922353873751,0.0907448606101187,0.00823462972714986,NA
"8787580","B5I",0.0150091085730322,0.0907901362156643,0.00824284883405887,NA
"8787582","B5I",-0.144877423978348,0.0920263041625921,0.00846884065782591,NA
"8787584","B5I",-0.0871489952482157,0.0869469356310367,0.00755976961562765,NA
"8787590","B5I",-0.13330546578533,0.090407039952948,0.00817343287305394,NA
"8787592","B5I",-0.08495141749503,0.0906908787078122,0.0082248354807951,NA
"8787604","B5I",-0.0332959951481187,0.0934595524621,0.00873468794641603,NA
"8787618","B5I",0.0998001734478134,0.0920683928190745,0.00847658895628742,NA
"8787628","B5I",-0.224023252966158,0.0932581022879246,0.00869707364234501,NA
"8787630","B5I",-0.00553171263744361,0.08948646014534,0.00800782654934353,NA
"8787658","B5I",0.0520748537533887,0.0925325338989297,0.00856226982975658,NA
"8787668","B5I",0.0261712995195491,0.0917924047162497,0.00842584556359179,NA
"8787670","B5I",0.0536609136254625,0.0920503519433261,0.0084732672928902,NA
"8787676","B5I",0.0577460008840258,0.0962014829462057,0.00925472532104911,NA
"8787690","B5I",0.114082023366105,0.0904907983512595,0.00818858458624831,NA
"8787692","B5I",-0.0892895545109956,0.0947416839592403,0.00897598667943257,NA
"8787702","B5I",-0.225284098788681,0.0911515535854267,0.00830860572103692,NA
"8787707","B5I",-0.0312197705441396,0.0948594361084438,0.00899831261881193,NA
"8787759","B5I",-0.509165547759235,0.0976151443369677,0.00952871640392704,NA
"7806808","B2IR",0.0793691313315814,0.107144124437429,0.0114798634014633,NA
"8786051","B2IR",-0.193857331927755,0.12188322047896,0.0148555194343228,NA
"8786059","B2IR",-0.00295753283945901,0.112397496289211,0.0126331971720832,NA
"8786066","B2IR",-0.029459817375009,0.114269745401429,0.0130575747141075,NA
"8786068","B2IR",-0.0303852761709766,0.111246141320657,0.0123757039587356,NA
"8786077","B2IR",0.0240541857582728,0.114825969718568,0.0131850033218094,NA
"8786086","B2IR",0.0859682628693703,0.113162253388308,0.0128056955919197,NA
"8786087","B2IR",0.0434357027312586,0.110538426967668,0.0122187438364864,NA
"8786092","B2IR",0.124068928808353,0.11084779735133,0.0122872341776416,NA
"8786093","B2IR",0.186287290302796,0.111204858214182,0.0123665204904363,NA
"8786094","B2IR",0.0574409608787842,0.112532656232937,0.0126635987188403,NA
"8786096","B2IR",0.0766614883114292,0.112455042276401,0.0126461365333871,NA
"8786102","B2IR",-0.0585187429245877,0.111466146753004,0.0124247018719622,NA
"8786104","B2IR",-0.00559366622387922,0.108874672816119,0.0118536943808169,NA
"8786115","B2IR",0.106824144085318,0.112074907186809,0.0125607848209319,NA
"8786132","B2IR",0.0724843305234431,0.109701121007853,0.0120343359503796,NA
"8786136","B2IR",0.13572301311796,0.108036952282379,0.0116719830584651,NA
"8786147","B2IR",0.0394662970823816,0.110031464150741,0.0121069231031557,NA
"8786149","B2IR",0.0903349865512916,0.109272988493085,0.01194058601421,NA
"8786150","B2IR",-0.0286352660240057,0.110118067046618,0.0121259886900834,NA
"8786159","B2IR",-0.126393983282187,0.117010184912636,0.0136913833732892,NA
"8786160","B2IR",-0.167489686104886,0.115085382426957,0.0132446452483591,NA
"8786165","B2IR",-0.110405378481349,0.115311928872579,0.0132968409403146,NA
"8786172","B2IR",-0.0457960690992007,0.105954418386201,0.0112263387755582,NA
"8786179","B2IR",-0.118189059600752,0.120531172114707,0.014527763451345,NA
"8786193","B2IR",0.0912684593020467,0.116122430675928,0.0134844189060857,NA
"8786198","B2IR",-0.0966512049817384,0.119245503000126,0.0142194899857532,NA
"8786202","B2IR",-0.0172759126807222,0.118621478068075,0.0140710550590548,NA
"8786213","B2IR",-0.120877915610355,0.123892831418562,0.0153494336769081,NA
"8786234","B2IR",0.032971765901612,0.110570598929599,0.0122258573476503,NA
"8786238","B2IR",0.0204520947105716,0.122051095591484,0.0148964699350815,NA
"8786246","B2IR",-0.0144015346905692,0.115912520470752,0.0134357124018824,NA
"8786247","B2IR",-0.04818485622089,0.118201052460532,0.0139714888027775,NA
"8786251","B2IR",-0.0748534826330053,0.118777069225681,0.0141079921738421,NA
"8786257","B2IR",-0.137344500506374,0.118190404395916,0.0139689716912702,NA
"8786258","B2IR",-0.155218045151693,0.11863511999499,0.0140742916962258,NA
"8786269","B2IR",-0.120133247972419,0.119490179518066,0.0142779030012597,NA
"8786275","B2IR",-0.0932298135353027,0.121154727076383,0.0146784678929529,NA
"8786276","B2IR",-0.0239132006878357,0.120189742246079,0.0144455741411788,NA
"8786279","B2IR",-0.169619946143161,0.121179828486455,0.0146845508320066,NA
"8786281","B2IR",-0.0922530533336924,0.122191836407995,0.0149308448847583,NA
"8786285","B2IR",-0.156730812956953,0.121979317988844,0.0148789540170235,NA
"8786286","B2IR",-0.0895781193241757,0.120230763112717,0.0144554363986662,NA
"8786301","B2IR",-0.201382397380456,0.120832436594496,0.0146004777333628,NA
"8786303","B2IR",-0.184355696243569,0.107341841610459,0.0115222709603249,NA
"8786304","B2IR",-0.0307452780243698,0.108454040422894,0.0117622788840507,NA
"8786309","B2IR",-0.0162796699393503,0.123642607608738,0.0152874944162884,NA
"8786313","B2IR",-0.236738586957875,0.114879400260762,0.0131972766042723,NA
"8786320","B2IR",-0.236773107475013,0.120097415013272,0.0144233890928701,NA
"8786324","B2IR",-0.114705140114558,0.120828280505936,0.0145994733700211,NA
"8786329","B2IR",0.039843697014163,0.111227511506359,0.0123715593158973,NA
"8786337","B2IR",-0.0179481816253419,0.122357295768004,0.0149713078276589,NA
"8786340","B2IR",-0.00447110713867353,0.108639529004844,0.0118025472623944,NA
"8786345","B2IR",-0.193613538333558,0.111429256909194,0.0124164792953351,NA
"8786347","B2IR",-0.222989845349227,0.111940844729697,0.0125307527187982,NA
"8786350","B2IR",0.114232281653943,0.115931164340772,0.0134400348654071,NA
"8786352","B2IR",-0.0355399513141886,0.119375150510167,0.014250426559325,NA
"8786353","B2IR",-0.010035372043344,0.116740753956319,0.0136284036342898,NA
"8786357","B2IR",-0.114070274893246,0.114388171666736,0.0130846538172586,NA
"8786359","B2IR",-0.145534407205634,0.113914131671819,0.0129764293945446,NA
"8786362","B2IR",-0.117839800521786,0.11306825615474,0.0127844305498738,NA
"8786366","B2IR",-0.170951694445173,0.121575489733604,0.0147805997039657,NA
"8786367","B2IR",-0.16514688437249,0.114908718068476,0.0132040134881405,NA
"8786368","B2IR",-0.12913321054732,0.118212679200037,0.0139742375236509,NA
"8786372","B2IR",-0.259094858814821,0.115988698351067,0.0134533781451748,NA
"8786374","B2IR",-0.205921577340238,0.114226473313646,0.013047687205673,NA
"8786375","B2IR",-0.242000431004772,0.114795326643134,0.0131779670191038,NA
"8786376","B2IR",-0.140313478131575,0.109748499998349,0.0120447332518877,NA
"8786377","B2IR",-0.0416535900701022,0.114878831563355,0.0131971459413617,NA
"8786379","B2IR",-0.0141418239027419,0.112605696460535,0.0126800428753621,NA
"8786382","B2IR",-0.0341254078978451,0.111758401948343,0.0124899404060473,NA
"8786389","B2IR",0.00911582069881071,0.115296145001838,0.0132932010522848,NA
"8786391","B2IR",-0.0126065856903296,0.12180125746728,0.0148355463206106,NA
"8786406","B2IR",-0.110721614496901,0.121142140095867,0.0146754181070066,NA
"8786424","B2IR",0.0665609455783695,0.127461015773275,0.0162463105419551,NA
"8786441","B2IR",0.0125309950343307,0.114967753820591,0.013217584418552,NA
"8786442","B2IR",-0.0901661665370611,0.11423747744874,0.0130502012538513,NA
"8786444","B2IR",0.0769629540618156,0.116821362108797,0.0136472306449547,NA
"8786447","B2IR",-0.0346922520151131,0.116591392266635,0.0135935527506725,NA
"8786455","B2IR",-0.166823757327283,0.111664634062466,0.0124689905003045,NA
"8786458","B2IR",-0.161898589354231,0.112426283351597,0.0126396691882537,NA
"8786462","B2IR",-0.154187398529743,0.110173751462787,0.0121382555113839,NA
"8786479","B2IR",-0.0913946726472486,0.117389305369239,0.0137802490150724,NA
"8786483","B2IR",-0.0504540617018184,0.112323591369652,0.0126165891781765,NA
"8786484","B2IR",-0.0226470429655454,0.11238387123837,0.0126301345145225,NA
"8786487","B2IR",-0.0241189383683962,0.10703810843917,0.0114571566582355,NA
"8786488","B2IR",-0.210471431741762,0.110003832883988,0.0121008432491684,NA
"8786491","B2IR",0.0369262559982247,0.11224125266618,0.0125980988000733,NA
"8786492","B2IR",-0.0547116841970505,0.106916417843943,0.0114311204045806,NA
"8786493","B2IR",-0.0487971713473412,0.114440413438797,0.0130966082280429,NA
"8786495","B2IR",0.00578799211030121,0.109254831274813,0.0119366181568878,NA
"8786504","B2IR",-0.193342516252424,0.115375413858981,0.013311486123131,NA
"8786507","B2IR",-0.137862315134427,0.114455006327928,0.013099948473526,NA
"8786508","B2IR",-0.030634044142881,0.116024763022242,0.0134617456343675,NA
"8786524","B2IR",-0.0184620869582892,0.104767745145519,0.0109762804228764,NA
"8786525","B2IR",0.0347166866339395,0.113027465535415,0.0127752079653594,NA
"8786526","B2IR",-0.129528587422298,0.108836189707555,0.0118453161900589,NA
"8786527","B2IR",-0.0350848796097978,0.111066186314447,0.0123356977424354,NA
"8786532","B2IR",-0.284751046492392,0.119216837322703,0.0142126543012279,NA
"8786579","B2IR",0.212283080508382,0.119987349817758,0.014396964116289,NA
"8786581","B2IR",0.226573315565516,0.120964446260979,0.0146323972592254,NA
"8786585","B2IR",0.231504604721748,0.119996452186465,0.0143991485373386,NA
"8786591","B2IR",0.123843653036905,0.108813253094413,0.0118403240489887,NA
"8786598","B2IR",-0.0514161579091036,0.115953808163762,0.0134452856276785,NA
"8786605","B2IR",-0.0451914362680079,0.116129201383115,0.0134859914138801,NA
"8786612","B2IR",0.0619310710995549,0.110138891306235,0.0121305753781667,NA
"8786625","B2IR",0.0880423420035117,0.115620717504254,0.0133681503161986,NA
"8786634","B2IR",0.0301902712860941,0.117330128649478,0.013766359088903,NA
"8786635","B2IR",0.0338996439368218,0.116647936964759,0.0136067411981344,NA
"8786636","B2IR",0.00131579873919889,0.115895481064761,0.0134317625312324,NA
"8786638","B2IR",-0.0631907537621232,0.114891971663665,0.0132001651527644,NA
"8786639","B2IR",0.0575620950252229,0.115725522569298,0.0133923965739371,NA
"8786660","B2IR",0.123192613827836,0.117984580617372,0.0139203612634571,NA
"8786674","B2IR",-0.00781622674010055,0.107303115206211,0.0115139585329574,NA
"8786676","B2IR",0.0770744470139644,0.103580834627794,0.0107289893021904,NA
"8786677","B2IR",0.0951046472813949,0.10619150893349,0.0112766365695716,NA
"8786679","B2IR",0.116732070478622,0.107280782142799,0.0115091662171707,NA
"8786680","B2IR",0.0988823467979873,0.105059780217023,0.0110375574192492,NA
"8786681","B2IR",0.0478168064833804,0.105035126208604,0.0110323777376574,NA
"8786683","B2IR",0.0729131059121585,0.106181941726738,0.0112746047488603,NA
"8786686","B2IR",-0.155607491063438,0.11638006283792,0.0135443190261582,NA
"8786688","B2IR",-0.0886938997737299,0.115669845632592,0.0133795131886677,NA
"8786689","B2IR",-0.0186526263290769,0.116445854482093,0.0135596370260648,NA
"8786694","B2IR",-0.041057207189611,0.111319813095393,0.0123921007875932,NA
"8786695","B2IR",-0.102709473140567,0.111313461087893,0.0123906866193658,NA
"8786697","B2IR",-0.193300817111312,0.113802084344429,0.0129509144011366,NA
"8786698","B2IR",-0.0626735362105954,0.113992953473014,0.0129943934415007,NA
"8786699","B2IR",-0.0513980148289436,0.109487690767042,0.0119875544294994,NA
"8786700","B2IR",0.0407453296657648,0.108067273284478,0.0116785355551421,NA
"8786701","B2IR",0.0833606333075401,0.108255578019568,0.0117192701723508,NA
"8786704","B2IR",0.0394334477218601,0.0933785095903343,0.00871954605331215,NA
"8786706","B2IR",0.0189496134434469,0.093801370968454,0.00879869719556153,NA
"8786707","B2IR",0.039482824741753,0.092524105155576,0.00856071003484009,NA
"8786709","B2IR",-0.0237617787458322,0.0937140574819084,0.00878232456972243,NA
"8786711","B2IR",0.0015726153871541,0.0938139716882018,0.00880106128391474,NA
"8786713","B2IR",0.0312512334839027,0.093925998914403,0.00882209327206843,NA
"8786715","B2IR",0.00582109933072261,0.0935101462808176,0.00874414745745991,NA
"8786726","B2IR",0.00232834108164282,0.118577199552364,0.0140605522536813,NA
"8786729","B2IR",0.0569892289666912,0.119028494243898,0.0141677824419697,NA
"8786739","B2IR",-0.00349417034669927,0.0913203185886512,0.00833940058713275,NA
"8786759","B2IR",0.0393696712814108,0.11353292360574,0.0128897247424668,NA
"8786763","B2IR",0.0444497751296019,0.119232536636726,0.0142163977928283,NA
"8786764","B2IR",0.0749375769649077,0.118326362294146,0.0140011280137654,NA
"8786770","B2IR",-0.0455925012577196,0.12540057112984,0.0157253032396902,NA
"8786785","B2IR",-0.0284652595862597,0.108824046293661,0.0118426730517249,NA
"8786787","B2IR",-0.127545887780609,0.107032661122399,0.0114559905469423,NA
"8786792","B2IR",-0.115096161747231,0.108667852575873,0.0118087021834518,NA
"8786793","B2IR",-0.00225497270418019,0.114349842552797,0.0130758864918494,NA
"8786794","B2IR",-0.102840709294926,0.111801788036372,0.0124996398081298,NA
"8786796","B2IR",-0.0558027981043104,0.108380010442322,0.0117462266634779,NA
"8786798","B2IR",-0.0781858813440589,0.112055820001344,0.0125565067961736,NA
"8786799","B2IR",-0.0748566009269274,0.115100718421991,0.0132481753812584,NA
"8786800","B2IR",-0.126411293751068,0.120010340404696,0.014402481804051,NA
"8786803","B2IR",-0.183927453795015,0.123895586809889,0.0153501164309667,NA
"8786819","B2IR",-0.0647413844616047,0.11324419292029,0.0128242472301678,NA
"8786820","B2IR",-0.00697793172873995,0.110653201877751,0.0122441310857983,NA
"8786825","B2IR",0.00263926112133889,0.11215903549661,0.0125796492435298,NA
"8786839","B2IR",-0.140964271682749,0.123321051757298,0.0152080818065262,NA
"8786843","B2IR",-0.0953054548704106,0.120643440737785,0.0145548397930513,NA
"8786861","B2IR",0.083714183875095,0.12244831430105,0.0149935896751687,NA
"8786868","B2IR",-0.0743477277371952,0.12149966461064,0.0147621685004981,NA
"8786870","B2IR",-0.170208798097473,0.122886153406762,0.0151010066991102,NA
"8786873","B2IR",-0.0840010453807562,0.120698064252373,0.0145680227142699,NA
"8786911","B2IR",0.105516258211055,0.117535222505621,0.0138145285294459,NA
"8786963","B2IR",0.00735960526604491,0.107027189413738,0.0114548192738043,NA
"8786966","B2IR",-0.0124756855840469,0.110447508582882,0.0121986521521657,NA
"8786967","B2IR",0.122212332384592,0.109779356076479,0.0120515070205665,NA
"8786968","B2IR",-0.0378962572423161,0.108605953806267,0.0117952532021691,NA
"8786976","B2IR",0.0150758310339692,0.122542863727828,0.0150167534506171,NA
"8786978","B2IR",0.0767744853747681,0.112434437449038,0.0126415027244817,NA
"8786980","B2IR",0.146533999442342,0.113846955070005,0.0129611291787118,NA
"8786998","B2IR",-0.0873948968784069,0.109432854310332,0.0119755496025063,NA
"8787000","B2IR",-0.06434256523574,0.10919238276366,0.0119229764536056,NA
"8787002","B2IR",0.0992470474104555,0.115791303277668,0.0134076259147409,NA
"8787004","B2IR",0.00461666240204482,0.115649587679321,0.013374827130397,NA
"8787008","B2IR",0.308085498258844,0.110850711355341,0.0122878802079852,NA
"8787017","B2IR",0.101490944288664,0.109248425852446,0.0119352185512375,NA
"8787023","B2IR",0.0714713579095797,0.114025378034961,0.0130017868360158,NA
"8787027","B2IR",0.149399058418842,0.12147537167426,0.0147562659233995,NA
"8787038","B2IR",0.21271879874701,0.113220138048331,0.012818799659683,NA
"8787042","B2IR",0.2492575965798,0.117004580132867,0.0136900717720685,NA
"8787043","B2IR",0.300285579670919,0.120417261629994,0.0145003168984665,NA
"8787050","B2IR",0.235453132985692,0.119582371910427,0.0142999436717237,NA
"8787052","B2IR",0.18308777317751,0.112928980400128,0.0127529546142126,NA
"8787059","B2IR",0.0539965591940789,0.113109271098097,0.0127937072083428,NA
"8787084","B2IR",0.0040401446162171,0.11714342306999,0.0137225815685548,NA
"8787091","B2IR",0.0873468520012598,0.120144401494085,0.0144346772103719,NA
"8787099","B2IR",0.0627819939744568,0.118063473618292,0.013938983802817,NA
"8787107","B2IR",-0.0390511503649124,0.10842058265738,0.0117550227437658,NA
"8787111","B2IR",0.0453915539582262,0.106769187025327,0.0113996592980492,NA
"8787121","B2IR",-0.0689919995825177,0.107824425871101,0.0116261068144325,NA
"8787127","B2IR",0.035681319795184,0.120089893535307,0.0144215825293215,NA
"8787131","B2IR",0.178220397754747,0.123158965752624,0.015168130845256,NA
"8787150","B2IR",0.217640014001061,0.111662793555179,0.0124685794645466,NA
"8787153","B2IR",0.0814465253761812,0.103599228562437,0.0107328001587321,NA
"8787155","B2IR",0.0826525802992312,0.10317949882066,0.0106460089768825,NA
"8787156","B2IR",0.223854112084792,0.10936665293273,0.0119610647737081,NA
"8787160","B2IR",0.101743692943675,0.103788064315963,0.0107719622944544,NA
"8787161","B2IR",0.0312087800388152,0.109199843637967,0.0119246058505565,NA
"8787164","B2IR",0.109778021705212,0.103208350967918,0.0106519637095169,NA
"8787176","B2IR",0.028496491291564,0.115966788937247,0.0134482961364161,NA
"8787179","B2IR",-0.209987048441641,0.114749791135935,0.0131675145657406,NA
"8787182","B2IR",-0.0853577053665995,0.113833217939293,0.0129580015064146,NA
"8787187","B2IR",0.0200465177915612,0.114365236297099,0.0130794072732913,NA
"8787193","B2IR",0.000463184625961965,0.112518685046609,0.0126604544846179,NA
"8787196","B2IR",0.0839166137227134,0.123768569353614,0.0153186587598404,NA
"8787197","B2IR",0.0927214642992282,0.113115287005379,0.0127950681543092,NA
"8787204","B2IR",0.142666687318458,0.120829673289304,0.0145998099472,NA
"8787221","B2IR",0.0385780636975003,0.109619116186363,0.0120163506334794,NA
"8787223","B2IR",0.0145652655021555,0.10936571829033,0.0119608603371598,NA
"8787224","B2IR",0.128462711987333,0.115929974331325,0.0134397589484617,NA
"8787229","B2IR",-0.00760120182971562,0.126003950038377,0.0158769954252738,NA
"8787235","B2IR",0.178916556259271,0.108460324990456,0.0117636420970354,NA
"8787281","B2IR",0.0915790625042005,0.108917812860689,0.011863089958356,NA
"8787303","B2IR",0.0451639203430815,0.1211863470721,0.0146861307166796,NA
"8787305","B2IR",0.00335183227832498,0.121102186818295,0.0146657396521732,NA
"8787309","B2IR",-0.0648024741810908,0.116154045279858,0.0134917622348752,NA
"8787332","B2IR",0.0324766463317191,0.111286033487495,0.0123845812493798,NA
"8787337","B2IR",0.0650939144382231,0.120662426750935,0.0145594212294249,NA
"8787344","B2IR",0.0354931427362764,0.110949619691939,0.0123098181097859,NA
"8787345","B2IR",0.0438933845708484,0.112313920820803,0.0126144168101416,NA
"8787380","B2IR",-0.0758458028045584,0.118216954489723,0.0139752483288252,NA
"8787385","B2IR",0.0261920011192801,0.119355257129249,0.0142456774043891,NA
"8787393","B2IR",-0.0402643837246058,0.121687361570638,0.0148078139660233,NA
"8787407","B2IR",-0.0891782073857561,0.11207190093671,0.0125601109795677,NA
"8787414","B2IR",-0.243408819537083,0.116454461577924,0.0135616416214042,NA
"8787415","B2IR",-0.0970511801541761,0.119333737556695,0.0142405409192501,NA
"8787421","B2IR",-0.0546200838400601,0.115663786878146,0.0133781115949931,NA
"8787423","B2IR",0.0498630018370911,0.119885850502228,0.0143726171506426,NA
"8787424","B2IR",-0.0144760915780865,0.115495905404012,0.0133393041650926,NA
"8787425","B2IR",0.166147581232517,0.121957896901495,0.0148737286166357,NA
"8787438","B2IR",0.0285442528943912,0.120049855539463,0.0144119678150459,NA
"8787441","B2IR",0.0510413931985481,0.119251118934709,0.0142208293671801,NA
"8787453","B2IR",0.0645448286198946,0.120185483691248,0.0144445504900991,NA
"8787467","B2IR",0.0681628968786262,0.110830190943,0.0122833312244618,NA
"8787471","B2IR",0.0632871649319451,0.112328257763199,0.0126176374921156,NA
"8787472","B2IR",0.111015532953006,0.12048962199577,0.0145177490086835,NA
"8787473","B2IR",0.183887009286985,0.114746563683578,0.0131667738771894,NA
"8787481","B2IR",0.139156227684329,0.119326005339262,0.0142386955502257,NA
"8787495","B2IR",-0.0545607227613749,0.12105014510831,0.014653137630743,NA
"8787521","B2IR",0.20250795735798,0.116638688107511,0.0136045835634412,NA
"8787526","B2IR",0.0791528113711324,0.106565930867326,0.0113562976216197,NA
"8787530","B2IR",0.0578613404260841,0.104169984499608,0.0108513856706487,NA
"8787532","B2IR",0.117180981803494,0.108462011361165,0.0117640079085094,NA
"8787534","B2IR",0.107897546465696,0.104822193672134,0.0109876922862384,NA
"8787535","B2IR",0.107609978006011,0.10512404962825,0.0110510658102427,NA
"8787536","B2IR",0.0901007269681296,0.10272140222036,0.010551686474117,NA
"8787538","B2IR",0.104855345170964,0.11002425662493,0.0121053370458684,NA
"8787539","B2IR",0.108836287613856,0.101726891305889,0.0103483604147601,NA
"8787540","B2IR",0.0785056507738542,0.101597375700875,0.0103220267493048,NA
"8787541","B2IR",0.038264207069701,0.106066114861502,0.0112500207218133,NA
"8787543","B2IR",0.0413808164072882,0.105798482293169,0.0111933188555381,NA
"8787547","B2IR",0.0174159797260897,0.106879269411177,0.0114231782298669,NA
"8787552","B2IR",-0.0645718500583127,0.111976603019503,0.0125387596237875,NA
"8787554","B2IR",0.0143063967937558,0.110693631016967,0.0122530799477205,NA
"8787557","B2IR",-0.0169425012554771,0.120019043242859,0.0144045707409313,NA
"8787568","B2IR",0.0503646826601517,0.117116827919628,0.0137163513819558,NA
"8787569","B2IR",0.0679655338980857,0.111261007765395,0.0123790118489713,NA
"8787570","B2IR",0.0739796166759042,0.111075145062241,0.012337687850598,NA
"8787572","B2IR",0.146835189498281,0.116557721803509,0.0135857025120242,NA
"8787573","B2IR",-0.0539253837293012,0.113828671069582,0.0129569663574672,NA
"8787574","B2IR",-0.0650107804207098,0.114561005214803,0.013124223915826,NA
"8787578","B2IR",0.0563756291440608,0.109506138641213,0.0119915944001086,NA
"8787580","B2IR",0.143340084919632,0.109690640616617,0.0120320366388839,NA
"8787582","B2IR",0.0491186175579017,0.112872825642877,0.0127402747686074,NA
"8787584","B2IR",0.013869515560171,0.104896731603537,0.0110033243011044,NA
"8787590","B2IR",0.0610376013612891,0.11034014051176,0.012174946608155,NA
"8787592","B2IR",0.0771854865517407,0.107598300052793,0.0115773941742508,NA
"8787604","B2IR",0.0147482749133986,0.119051220811585,0.0141731931767287,NA
"8787618","B2IR",0.0669671836269644,0.11644884327275,0.0135603330995616,NA
"8787628","B2IR",-0.0319120502685259,0.120227785821665,0.0144547204835802,NA
"8787630","B2IR",0.100628962908565,0.107655033567296,0.0115896062523756,NA
"8787658","B2IR",0.0291744588836321,0.118069367544697,0.0139403755524047,NA
"8787668","B2IR",0.0980629729181331,0.117434133743211,0.0137907757680185,NA
"8787670","B2IR",0.0304556441931132,0.116324477386164,0.0135313840391642,NA
"8787676","B2IR",0.0487095333576214,0.124513971763411,0.0155037291642994,NA
"8787690","B2IR",0.0267347822480526,0.11552631279863,0.0133463289488468,NA
"8787692","B2IR",0.0479367010367979,0.121780230826047,0.0148304246200454,NA
"8787702","B2IR",-0.122082361677107,0.116038658212312,0.0134649701997137,NA
"8787707","B2IR",0.184711390080776,0.123238932949746,0.015187834594592,NA
"8787759","B2IR",-0.142338324329334,0.127716260291536,0.0163114431428554,NA
"7806808","F5I",0.608776425307371,0.194896070837662,0.0379844784279588,NA
"8786051","F5I",0.0723786086371259,0.211673347117472,0.0448056058799138,NA
"8786059","F5I",-0.07891638046835,0.196342854604649,0.0385505165543024,NA
"8786066","F5I",-0.214893753580651,0.20161052901545,0.0406468054098895,NA
"8786068","F5I",-0.245173369653782,0.196482815252978,0.0386054966897361,NA
"8786077","F5I",-0.135668087197257,0.202655465431552,0.041069237669279,NA
"8786086","F5I",-0.393615436084393,0.200585063765771,0.0402343678059186,NA
"8786087","F5I",-0.409412314846748,0.197225994948259,0.0388980930833306,NA
"8786092","F5I",0.130811384651803,0.198151775154618,0.0392641259969262,NA
"8786093","F5I",0.0478649409433547,0.199666860357376,0.039866855124972,NA
"8786094","F5I",0.265006396138423,0.201223934775033,0.0404910719263469,NA
"8786096","F5I",-0.0838621604587469,0.199675801948581,0.0398704258838089,NA
"8786102","F5I",0.126683508917295,0.197835623473637,0.0391389339152026,NA
"8786104","F5I",-0.0152319011674361,0.193265910162769,0.0373517120310435,NA
"8786115","F5I",-0.349617962298346,0.201198950788052,0.0404810177982129,NA
"8786132","F5I",-0.0536079583394622,0.195040729552844,0.0380408861845057,NA
"8786136","F5I",-0.0762064338606418,0.193276171605906,0.0373556785106355,NA
"8786147","F5I",-0.0738577698844583,0.195540916970491,0.0382362502096604,NA
"8786149","F5I",-0.0933997179240484,0.193339439806106,0.037380138984539,NA
"8786150","F5I",-0.0893957830577247,0.195304998322159,0.0381440423696186,NA
"8786159","F5I",0.185378064490634,0.201745361388427,0.040701190841747,NA
"8786160","F5I",0.224209091229781,0.199152475399282,0.0396617084576618,NA
"8786165","F5I",0.107465443297052,0.202320269640711,0.0409334915074902,NA
"8786172","F5I",-0.329446282656938,0.19404728823796,0.0376543500725058,NA
"8786179","F5I",-0.20557240948812,0.211030529113067,0.0445338842177411,NA
"8786193","F5I",0.28404673627434,0.207085153854332,0.0428842609468724,NA
"8786198","F5I",-0.243398255950573,0.206053105160073,0.042457882146108,NA
"8786202","F5I",-0.12501032198907,0.207784922409844,0.0431745739808647,NA
"8786213","F5I",0.257703596064448,0.217117107406897,0.0471398383287379,NA
"8786234","F5I",-0.214376844429663,0.198690232880776,0.0394778086422169,NA
"8786238","F5I",-0.294517939929315,0.214655489809938,0.0460769793055444,NA
"8786246","F5I",-0.00631094820121383,0.200032044651869,0.0400128188876075,NA
"8786247","F5I",0.0174187763802396,0.203059010395496,0.0412329617027983,NA
"8786251","F5I",-0.143020457151205,0.206989416435999,0.0428446185165155,NA
"8786257","F5I",-0.438810736105505,0.205606676101509,0.042274105257511,NA
"8786258","F5I",-0.351110740203422,0.205983788153169,0.0424293209819298,NA
"8786269","F5I",-0.384426736188774,0.209667115872259,0.0439602994781914,NA
"8786275","F5I",0.0149325074776358,0.211872059317435,0.0448897695194108,NA
"8786276","F5I",-0.292038349540873,0.210779043485412,0.0444278051726252,NA
"8786279","F5I",-0.107542742639183,0.212460733318064,0.0451395632020496,NA
"8786281","F5I",0.102131732944579,0.215241117879233,0.0463287388259019,NA
"8786285","F5I",-0.249603766934641,0.211099769400574,0.0445631126409755,NA
"8786286","F5I",-0.490779813036056,0.208446399809686,0.0434499015936196,NA
"8786301","F5I",-0.583076423074229,0.210063940207217,0.0441268589753813,NA
"8786303","F5I",-0.147311746764195,0.185820770075673,0.0345293585915163,NA
"8786304","F5I",-0.21826320912003,0.188425708334566,0.0355042475613831,NA
"8786309","F5I",-0.580365617681738,0.214990672655006,0.046220989328652,NA
"8786313","F5I",-0.338720959963812,0.20007395304597,0.0400295866874411,NA
"8786320","F5I",-0.442347373246834,0.210035614393865,0.0441149593138084,NA
"8786324","F5I",-0.850364602451725,0.207099925530456,0.0428903791547206,NA
"8786329","F5I",-0.0288477122810398,0.200100532474228,0.0400402230964694,NA
"8786337","F5I",-0.229813316700023,0.215052712066083,0.0462476689669774,NA
"8786340","F5I",-0.154072057077881,0.196456505375181,0.0385951585042287,NA
"8786345","F5I",0.0182425101277558,0.191556002867825,0.0366937022346983,NA
"8786347","F5I",0.121417916108278,0.192407406737326,0.0370206101673827,NA
"8786350","F5I",0.140877131283244,0.205610827246732,0.0422758122810857,NA
"8786352","F5I",0.0747322756627912,0.211082204569372,0.0445556970858661,NA
"8786353","F5I",0.143372015589127,0.204182037364624,0.0416903043823687,NA
"8786357","F5I",-0.199598654884475,0.199754486344219,0.0399018548146428,NA
"8786359","F5I",-0.39421254939484,0.198640326173439,0.0394579791822903,NA
"8786362","F5I",-0.220294883879148,0.196847926876101,0.0387491063154189,NA
"8786366","F5I",0.0510048408820272,0.215006239058441,0.0462276828340555,NA
"8786367","F5I",-0.539404560709341,0.198228766185063,0.0392946437432522,NA
"8786368","F5I",-0.61831493375206,0.204504450953443,0.0418220704597692,NA
"8786372","F5I",-0.23085382135826,0.199989701877789,0.0399958808571671,NA
"8786374","F5I",-0.626156810542947,0.195782643699258,0.0383308435738706,NA
"8786375","F5I",-0.473650010047873,0.19671236650481,0.0386957551359226,NA
"8786376","F5I",-0.371591947153774,0.19626444298864,0.0385197315816411,NA
"8786377","F5I",-0.0671489624225135,0.198304329932572,0.0393246072700066,NA
"8786379","F5I",-0.597946938808874,0.196030013716506,0.0384277662776934,NA
"8786382","F5I",-0.432559512125883,0.19434396962507,0.0377695785296302,NA
"8786389","F5I",-0.0954102714458027,0.203852156456565,0.0415557016919919,NA
"8786391","F5I",-0.557727896773828,0.21430205820983,0.0459253721529695,NA
"8786406","F5I",-0.320096266939645,0.209586626740281,0.04392655410837,NA
"8786424","F5I",-0.328076460546543,0.220432523843994,0.0485904975682329,NA
"8786441","F5I",-0.0810217844907674,0.203140153445243,0.0412659219417569,NA
"8786442","F5I",0.0817636130492085,0.200749065793191,0.0403001874168391,NA
"8786444","F5I",-0.271796123452754,0.205003847277702,0.0420265773986594,NA
"8786447","F5I",-0.403909980208871,0.204709483985421,0.0419059728335775,NA
"8786455","F5I",-0.0959565061563166,0.195950061033237,0.0383964264189294,NA
"8786458","F5I",0.130006346156314,0.197649814481649,0.0390654491646302,NA
"8786462","F5I",-0.15250634422326,0.195952667016345,0.0383974477108184,NA
"8786479","F5I",-0.218909627104115,0.206821264995723,0.0427750356544309,NA
"8786483","F5I",-0.392256405159131,0.19600394035622,0.0384175446351645,NA
"8786484","F5I",-0.279056930638627,0.196387129705711,0.0385679047140477,NA
"8786487","F5I",0.158741351037078,0.188177337505042,0.0354107103504864,NA
"8786488","F5I",0.219969716797485,0.194653228275682,0.0378898792781449,NA
"8786491","F5I",0.607674372609722,0.197679841500078,0.0390773197354958,NA
"8786492","F5I",0.189735091431033,0.187945194927873,0.0353233962964761,NA
"8786493","F5I",0.203033457546516,0.202744188157939,0.0411052058318218,NA
"8786495","F5I",0.156312517081788,0.19333665210348,0.037379061046582,NA
"8786504","F5I",-0.104572285537214,0.203800790641467,0.0415347622660871,NA
"8786507","F5I",0.0305185924801223,0.20214213041455,0.0408614408885331,NA
"8786508","F5I",-0.152009374405168,0.205223945382842,0.0421168677584997,NA
"8786524","F5I",-0.00922091911829583,0.189217817669708,0.0358033825236868,NA
"8786525","F5I",0.0845135300028374,0.200350530887293,0.04014033522682,NA
"8786526","F5I",-0.0593683499151754,0.194210671706631,0.0377177850047409,NA
"8786527","F5I",-0.27000791783115,0.198661334183703,0.039466325699649,NA
"8786532","F5I",-0.203424241133128,0.209810292247527,0.0440203587329925,NA
"8786579","F5I",0.0515309496581541,0.210528209784065,0.0443221271148831,NA
"8786581","F5I",0.0531326061378831,0.210936395086313,0.0444941627720093,NA
"8786585","F5I",0.0408455295758808,0.21017996902445,0.044175619379119,NA
"8786591","F5I",0.198142310349202,0.189486641272433,0.0359051872207076,NA
"8786598","F5I",-0.531893233655093,0.205572879352359,0.0422602087252194,NA
"8786605","F5I",0.184319517030035,0.205498122426902,0.042229478320982,NA
"8786612","F5I",-0.132882593644032,0.191423022932114,0.0366427737084687,NA
"8786625","F5I",-0.573828979348134,0.204278370426035,0.0417296526239164,NA
"8786634","F5I",-0.345617969568106,0.203726695989796,0.0415045666589187,NA
"8786635","F5I",-0.155793818836794,0.20488981976813,0.0419798382446166,NA
"8786636","F5I",-0.763992828550564,0.20026856722942,0.0401074990201248,NA
"8786638","F5I",-0.649553832236899,0.19912323971395,0.0396500645941791,NA
"8786639","F5I",-0.435861133175558,0.204111002569939,0.0416613013701055,NA
"8786660","F5I",-0.00951165250549302,0.20641876213813,0.0426087053626378,NA
"8786674","F5I",0.440265370872265,0.191583154601798,0.0367041051271764,NA
"8786676","F5I",0.48268021848542,0.186081875912835,0.0346264645432399,NA
"8786677","F5I",0.465008022842705,0.19022497447845,0.0361855409153271,NA
"8786679","F5I",0.236360252476906,0.191382836392696,0.0366273900657134,NA
"8786680","F5I",0.529005661341102,0.18783651009198,0.0352825545235343,NA
"8786681","F5I",0.470267950877029,0.188320509777117,0.0354646144027132,NA
"8786683","F5I",0.137086686675579,0.189700389358679,0.0359862377228344,NA
"8786686","F5I",0.283284945261813,0.203166654513665,0.0412766895062747,NA
"8786688","F5I",0.396813955120765,0.204984979941814,0.0420188420017458,NA
"8786689","F5I",0.246776633380218,0.204203971504168,0.0416992619780752,NA
"8786694","F5I",0.327043209142674,0.19652066359117,0.0386203712183139,NA
"8786695","F5I",0.141682542360964,0.195234245062485,0.0381164104451183,NA
"8786697","F5I",-0.0309899656493124,0.201688378639376,0.0406782020781803,NA
"8786698","F5I",0.182951521735376,0.202668203083279,0.0410744005410051,NA
"8786699","F5I",0.268400997607131,0.193952504569405,0.0376175740287451,NA
"8786700","F5I",0.0820721963764469,0.192129385837642,0.0369137009023493,NA
"8786701","F5I",0.0890148044676866,0.192338087532875,0.036993939915804,NA
"8786704","F5I",0.334050733089665,0.163033397104922,0.0265798885715711,NA
"8786706","F5I",0.167767152813844,0.163422153520441,0.0267068002612585,NA
"8786707","F5I",0.365443386240049,0.162347142110025,0.0263565945512925,NA
"8786709","F5I",0.172736349980551,0.163457698842522,0.0267184193108926,NA
"8786711","F5I",0.218847803771375,0.163525708962146,0.0267406574915724,NA
"8786713","F5I",0.223561645673602,0.164344286247354,0.0270090444221521,NA
"8786715","F5I",0.223846286711786,0.163610332745387,0.0267683409810563,NA
"8786726","F5I",-0.136757019241428,0.208593231610942,0.0435111362738962,NA
"8786729","F5I",0.0477904019710328,0.210576277168144,0.044342368505995,NA
"8786739","F5I",0.23355379799608,0.159947712826141,0.0255832708383138,NA
"8786759","F5I",0.0768532728737527,0.202675951042584,0.0410775411310161,NA
"8786763","F5I",0.234568520384477,0.208486832601508,0.0434667593682091,NA
"8786764","F5I",0.140690986985065,0.205862206439896,0.0423792480403025,NA
"8786770","F5I",-0.368300033927933,0.2183409164412,0.0476727557923829,NA
"8786785","F5I",0.639465658404721,0.190423763702186,0.0362612097825061,NA
"8786787","F5I",0.641452932966163,0.184313258174058,0.0339713771387368,NA
"8786792","F5I",0.791862173819108,0.190603106171344,0.0363295440821646,NA
"8786793","F5I",0.456069719537112,0.202448374995053,0.0409853445381377,NA
"8786794","F5I",0.816872288380397,0.194933330874521,0.0379990034858354,NA
"8786796","F5I",0.744002576772228,0.188974954430756,0.0357115334021063,NA
"8786798","F5I",0.618604878580313,0.195389175845595,0.0381769300376207,NA
"8786799","F5I",0.444043128239803,0.202562923222068,0.0410317378642693,NA
"8786800","F5I",0.232341533031859,0.211309915128585,0.0446518802316497,NA
"8786803","F5I",0.18728188382563,0.216457304736325,0.0468537647737144,NA
"8786819","F5I",0.0437488132787701,0.197027829766251,0.0388199657023988,NA
"8786820","F5I",0.0823931496303927,0.190330310660487,0.0362256271561174,NA
"8786825","F5I",0.0372435316379289,0.192801749322235,0.0371725145417138,NA
"8786839","F5I",-0.0997211047510083,0.213506771505849,0.0455851414788508,NA
"8786843","F5I",-0.0933262832957477,0.209438619548921,0.0438645353585577,NA
"8786861","F5I",-0.649405932832609,0.214047203025974,0.0458162051232426,NA
"8786868","F5I",0.0368715032600048,0.211840851249844,0.0448765462582584,NA
"8786870","F5I",-0.102870149950741,0.215001350025045,0.046225580512592,NA
"8786873","F5I",-0.168763938635215,0.212445922361781,0.0451332699281478,NA
"8786911","F5I",0.139986821920613,0.208124671543061,0.0433158789049071,NA
"8786963","F5I",0.114651807557783,0.189533319597735,0.0359228792377371,NA
"8786966","F5I",-0.0874829363391656,0.195171667865502,0.0380919799374019,NA
"8786967","F5I",0.323642868552235,0.193099956489403,0.0372875931962093,NA
"8786968","F5I",0.192669596518411,0.192013857671512,0.0368693215378957,NA
"8786976","F5I",-0.0244994562738481,0.213567874751768,0.0456112371259867,NA
"8786978","F5I",-0.0573267706642029,0.197407738258693,0.0389698151244126,NA
"8786980","F5I",0.127627201931762,0.20466411923236,0.0418874017011576,NA
"8786998","F5I",0.393765120530082,0.191966465040905,0.0368511237003011,NA
"8787000","F5I",0.577265625938328,0.191301468431379,0.0365962518240018,NA
"8787002","F5I",-0.0340898057306308,0.206826050063251,0.0427770149847663,NA
"8787004","F5I",0.300970753217551,0.201687179364882,0.0406777183201621,NA
"8787008","F5I",0.174549271953736,0.197803716228763,0.039126310153909,NA
"8787017","F5I",-0.178952212887527,0.196262829985171,0.038519098433788,NA
"8787023","F5I",-0.11763523169073,0.201784291783318,0.0407169004104951,NA
"8787027","F5I",-0.121345059255309,0.21532916857905,0.0463666508409449,NA
"8787038","F5I",-0.161354575363636,0.202002658702623,0.0408050741229285,NA
"8787042","F5I",0.283612163290903,0.206260946051187,0.0425435778659308,NA
"8787043","F5I",0.166651999992746,0.211688335158536,0.0448119512421928,NA
"8787050","F5I",-0.125769520683671,0.208338646935934,0.0434049918070956,NA
"8787052","F5I",0.0484707031949916,0.200920731627746,0.0403691403978289,NA
"8787059","F5I",-0.472246243206376,0.200145099121535,0.0400580607023692,NA
"8787084","F5I",-0.0756702320106338,0.208005024602927,0.0432660902600644,NA
"8787091","F5I",0.399187168255131,0.20800706547123,0.0432669392859527,NA
"8787099","F5I",0.521907457486941,0.2059363423803,0.0424097771129761,NA
"8787107","F5I",0.243962777216027,0.190605346438252,0.0363303980908462,NA
"8787111","F5I",-0.0509804032307721,0.190692134854137,0.0363634902952283,NA
"8787121","F5I",0.26437650431845,0.189867446357713,0.0360496471863991,NA
"8787127","F5I",0.676887368795197,0.208902675102362,0.0436403276649228,NA
"8787131","F5I",0.206909828209684,0.214051362149041,0.0458179856378599,NA
"8787150","F5I",0.254182661511042,0.197533250128306,0.0390193849062521,NA
"8787153","F5I",0.399656113993024,0.18308218734861,0.0335190873243516,NA
"8787155","F5I",0.246751341228517,0.182218151460964,0.0332034547218507,NA
"8787156","F5I",0.539231951435821,0.19448468172948,0.037824291427417,NA
"8787160","F5I",0.379462308698844,0.186568795641769,0.0348079155072201,NA
"8787161","F5I",0.415991865267422,0.193979068285347,0.0376278789328515,NA
"8787164","F5I",0.509591022511845,0.182944989222154,0.0334688690814941,NA
"8787176","F5I",-0.302418885825873,0.206373789259918,0.0425901408934972,NA
"8787179","F5I",0.176060038373678,0.201373815989122,0.0405514137660208,NA
"8787182","F5I",0.329059841941669,0.200627970377592,0.0402515824978321,NA
"8787187","F5I",-0.0369942127682843,0.204047540187908,0.0416353986567359,NA
"8787193","F5I",-0.301130442592031,0.200534080522143,0.0402139174508612,NA
"8787196","F5I",0.0551289311300272,0.215691149107953,0.0465226718035091,NA
"8787197","F5I",-0.140162487660466,0.201675688411774,0.040673083296363,NA
"8787204","F5I",-0.075651922301054,0.212823396249993,0.0452937979913816,NA
"8787221","F5I",-0.401066303437983,0.191913780788943,0.0368308992567064,NA
"8787223","F5I",-0.388557750637191,0.191459001423092,0.0366565492259275,NA
"8787224","F5I",-0.63875617442809,0.204459244348162,0.0418035825994212,NA
"8787229","F5I",0.0943739116493482,0.219014091608514,0.0479671723231024,NA
"8787235","F5I",0.44190681173259,0.189180139971709,0.0357891253597155,NA
"8787281","F5I",-0.106776037448406,0.192015579857062,0.0368699829078436,NA
"8787303","F5I",0.437288454393668,0.211667838538325,0.0448032738714865,NA
"8787305","F5I",-0.0683660343390819,0.213139761922261,0.0454285581122781,NA
"8787309","F5I",0.382106325364547,0.206068568825917,0.0424642550579617,NA
"8787332","F5I",0.501465083084863,0.194566346574348,0.0378560632192894,NA
"8787337","F5I",0.130455829003863,0.213378396500196,0.045530340092995,NA
"8787344","F5I",0.554319329835503,0.194528136454914,0.0378411958726218,NA
"8787345","F5I",0.263795234087311,0.198174334721869,0.0392730669424555,NA
"8787380","F5I",0.499772206133802,0.208998469526225,0.0436803602643046,NA
"8787385","F5I",0.00761186660105116,0.211393752019002,0.0446873183926714,NA
"8787393","F5I",-0.226698298506035,0.213166614851287,0.0454400056871571,NA
"8787407","F5I",0.449996843648549,0.200026188660044,0.0400104761498637,NA
"8787414","F5I",-0.319826856525069,0.199328299196149,0.0397317708604293,NA
"8787415","F5I",-0.4101923642515,0.203257428109501,0.0413135820816888,NA
"8787421","F5I",0.448568529327073,0.201912019400289,0.0407684635783027,NA
"8787423","F5I",0.140879507737142,0.210329729587881,0.0442385951485111,NA
"8787424","F5I",0.392067354126194,0.201613539339802,0.0406480192451219,NA
"8787425","F5I",-0.0669885729390933,0.213736509826824,0.0456832956329521,NA
"8787438","F5I",0.219026054526142,0.211573413019335,0.04476330909665,NA
"8787441","F5I",-0.0352935120081541,0.210916131512668,0.044485614532269,NA
"8787453","F5I",-0.229581678607162,0.212255395409773,0.0450523528805592,NA
"8787467","F5I",-0.122018380357508,0.197784517943477,0.0391187155381334,NA
"8787471","F5I",0.0397811565800515,0.200890172968435,0.0403568615952877,NA
"8787472","F5I",-0.138331258285875,0.209858259717932,0.0440404891718389,NA
"8787473","F5I",0.316349238147147,0.204056405966735,0.0416390168160611,NA
"8787481","F5I",-0.0998260524642153,0.210213807059423,0.0441898446784162,NA
"8787495","F5I",-0.632968651532136,0.212060147895655,0.0449695063255271,NA
"8787521","F5I",0.177556503412618,0.208567666612031,0.0435004715559873,NA
"8787526","F5I",0.127007825995148,0.193850112498928,0.037577866115847,NA
"8787530","F5I",-0.0184117439706534,0.188580997225055,0.0355627925143962,NA
"8787532","F5I",-0.100342861549199,0.196528021191992,0.0386232631136399,NA
"8787534","F5I",-0.0703119288431744,0.189034782041306,0.0357341488214041,NA
"8787535","F5I",-0.0546232690399231,0.189337764911674,0.0358487892217482,NA
"8787536","F5I",-0.193609511940869,0.185831721120751,0.0345334285747006,NA
"8787538","F5I",0.103670956849902,0.198836522481618,0.0395359626725831,NA
"8787539","F5I",-0.318727316419553,0.183747248647855,0.0337630513856568,NA
"8787540","F5I",-0.169403958814305,0.183977048969187,0.0338475545474106,NA
"8787541","F5I",0.15598891833476,0.188002933821479,0.0353451031254833,NA
"8787543","F5I",0.1003620445069,0.187233361287763,0.0350563315791141,NA
"8787547","F5I",-0.109986959090256,0.192211800310533,0.0369453761786162,NA
"8787552","F5I",-0.167620363603798,0.200672201330931,0.0402693323870016,NA
"8787554","F5I",0.30309297351471,0.199324003524901,0.0397300583811946,NA
"8787557","F5I",-0.37927421505994,0.212132578079812,0.0450002306827877,NA
"8787568","F5I",-0.406109982688151,0.207526661560355,0.0430673152583863,NA
"8787569","F5I",0.00583508894001482,0.193569765740046,0.0374692542086563,NA
"8787570","F5I",0.207643835626165,0.193306715330151,0.0373674861917321,NA
"8787572","F5I",-0.0530297597538969,0.205282743499896,0.0421410047788443,NA
"8787573","F5I",0.346417462419787,0.198240853318331,0.0392994359243802,NA
"8787574","F5I",0.164601301021315,0.199481602004618,0.039792909538329,NA
"8787578","F5I",-0.0737114453502643,0.197104218171804,0.0388500728211182,NA
"8787580","F5I",-0.0548195534039864,0.197459712132089,0.0389903379152875,NA
"8787582","F5I",-0.0168874892587866,0.201472742380601,0.0405912659223601,NA
"8787584","F5I",0.197284598779147,0.188418419661737,0.0355015008678263,NA
"8787590","F5I",-0.0797915835204611,0.196981484114292,0.0388017050838691,NA
"8787592","F5I",-0.0764156413665355,0.193258778807668,0.037348955586231,NA
"8787604","F5I",0.278972189565483,0.209636139011755,0.043947310779756,NA
"8787618","F5I",0.136279197878932,0.20689862036562,0.0428070391091971,NA
"8787628","F5I",-0.356157894242526,0.210233059917473,0.0441979394822637,NA
"8787630","F5I",0.137716027695003,0.193754933343286,0.0375409741948613,NA
"8787658","F5I",-0.139589176351064,0.207388719448829,0.0430100809546249,NA
"8787668","F5I",-0.272776307327633,0.206704591486506,0.0427267881416032,NA
"8787670","F5I",0.246184551139187,0.207033430764758,0.0428628414542259,NA
"8787676","F5I",-0.0503634843593464,0.217876038632254,0.0474699682100836,NA
"8787690","F5I",0.0838212267170486,0.20333183391495,0.0413438346832167,NA
"8787692","F5I",-0.470366440078618,0.2127582760587,0.0452660840314699,NA
"8787702","F5I",-0.228313217242981,0.203633170138184,0.0414664679805267,NA
"8787707","F5I",-0.356394959221165,0.214943408970124,0.0462006690596978,NA
"8787759","F5I",-0.679082091407987,0.22078762348172,0.0487471746827057,NA
