"Estimated_breeding_value.GID","Estimated_breeding_value.Estimated_breeding_value","Estimated_breeding_value.Standard_error","Estimated_breeding_value.Prediction_error_variance","Estimated_breeding_value.Reliability"
"7806808",0.0750376357598937,0.136426990889113,0.0186123238430582,-0.222821342054247
"8786051",-0.157079185501662,0.098123878242717,0.00962829548139155,0.367425298338485
"8786059",-0.13022302043486,0.0928261086791074,0.00861668645250546,0.433887558546688
"8786066",-0.126906990806703,0.0974764491875514,0.00950165814621329,0.375745314552614
"8786068",-0.117973453179311,0.0902968724074642,0.00815352516656987,0.464317047633113
"8786077",-0.270252847409289,0.215262677385942,0.046338020275364,-2.04438718233409
"8786086",-0.146884432084035,0.0950070992981034,0.00902634891703969,0.406972918070033
"8786087",-0.146884432084035,0.095007099298066,0.00902634891703258,0.4069729180705
"8786092",-0.13619497403265,0.11261283959374,0.0126816516413655,0.166821165894192
"8786093",0.062115144034616,0.104163404916389,0.0108500149237756,0.28715887804906
"8786094",-0.110550880360758,0.107521285464204,0.0115608268278748,0.240458854245048
"8786096",-0.120629377148943,0.106820097102242,0.0114105331449323,0.250333081914183
"8786102",-0.138509007510359,0.0948166711144287,0.00899020112122173,0.409347812068608
"8786104",-0.137507011359912,0.0989887994893741,0.00979878242434751,0.35622438252883
"8786115",-0.170582046447286,0.125628572174637,0.0157825381466381,-0.036905688952555
"8786132",-0.172809007408187,0.0897242942925495,0.00805044898629603,0.471089106520498
"8786136",-0.174751351569712,0.0885953749266695,0.00784914045839713,0.48431498665927
"8786147",-0.15125023430832,0.124713447872672,0.0155534440802896,-0.0218543113797622
"8786149",-0.149777658565397,0.110511208842051,0.0122127272797314,0.19762928647335
"8786150",-0.138509007510359,0.0948166711144287,0.00899020112122173,0.409347812068608
"8786159",-0.124047950474242,0.109832516572071,0.0120631816965542,0.207454364322901
"8786160",-0.031365773642038,0.174711158185383,0.0305239887944779,-1.00541239542388
"8786165",-0.331459394349947,0.178715112516818,0.0319390914418989,-1.09838400568893
"8786172",-0.0365728872714955,0.0727839092995291,0.00529749745292207,0.651956789515719
"8786179",-0.313323112643208,0.180075208964241,0.0324270808835152,-1.13044469348575
"8786193",0.0961060538333795,0.196047442060021,0.0384345995382773,-1.52513597898968
"8786198",-0.132216775574127,0.107206923513618,0.0114933244492548,0.244893730293416
"8786202",-0.132216775574127,0.107206923513718,0.0114933244492761,0.244893730292015
"8786213",0.0687996603101241,0.0852698243314537,0.00727094294151698,0.522302304606541
"8786234",-0.132216775574127,0.107206923513784,0.0114933244492903,0.244893730291082
"8786238",-0.132216775574127,0.107206923513651,0.0114933244492619,0.244893730292949
"8786246",0.00809674187119075,0.149033020868374,0.0222108413091533,-0.459242328192268
"8786247",0.00809674187119075,0.149033020868374,0.0222108413091533,-0.459242328192268
"8786251",-0.235026162838826,0.230529224259443,0.0531437232376604,-2.49151881942311
"8786257",-0.194467099388168,0.0982294276673795,0.00964902045986093,0.366063676533509
"8786258",-0.197126618777422,0.157562433089371,0.0248259203210424,-0.631051848264032
"8786269",-0.132216775574127,0.107206923513817,0.0114933244492974,0.244893730290615
"8786275",0.0374190375613146,0.164703514186006,0.02712724758522,-0.782248019006424
"8786276",-0.219100930364018,0.156205869368659,0.0244002736252185,-0.603087050949243
"8786279",-0.219100930364018,0.156205869368681,0.0244002736252256,-0.603087050949709
"8786281",0.0374190375613146,0.164703514186114,0.0271272475852555,-0.782248019008758
"8786285",-0.218720999030974,0.164051184213197,0.0269127910417524,-0.768158320132352
"8786286",-0.216258547918247,0.160425542066179,0.0257363545472273,-0.690866969239957
"8786301",-0.293654849092883,0.187033792193584,0.0349816394223126,-1.29827804557592
"8786303",-0.2937971020169,0.181481902619569,0.0329356809784187,-1.16385949197427
"8786304",-0.215970080502436,0.129395218057172,0.016743122456063,-0.100015647940579
"8786309",-0.215970080502436,0.129395218057227,0.0167431224560772,-0.100015647941513
"8786313",-0.336559840092666,0.145070172001638,0.0210453548045848,-0.382670386736709
"8786320",-0.32258086571778,0.217061209881099,0.0471155688350464,-2.09547177452582
"8786324",-0.0950041470351727,0.179014947168671,0.0320463513098019,-1.10543093098014
"8786329",-0.20040448361873,0.120691945810672,0.0145665457835662,0.0429844647905994
"8786337",0.0687996603101241,0.0852698243309121,0.00727094294142461,0.52230230461261
"8786340",-0.0228928109026108,0.139178390887511,0.0193706244900369,-0.272641355000396
"8786345",0.0965187482686112,0.13596602804755,0.018486760783027,-0.214571905236229
"8786347",0.0965187482686112,0.135966028047445,0.0184867607829986,-0.214571905234362
"8786350",0.086450564365701,0.0861158408707679,0.00741593804887941,0.512776190980361
"8786352",0.0818342196525681,0.150354287066399,0.022606411639245,-0.485231121746386
"8786353",0.0965187482686112,0.135966028047497,0.0184867607830128,-0.214571905235296
"8786357",0.0965187482686112,0.135966028047471,0.0184867607830057,-0.214571905234829
"8786359",-0.184102873036658,0.166698741692233,0.0277884704817737,-0.825690067220212
"8786362",-0.290641959195471,0.171357213999742,0.0293632947897535,-0.929155319062034
"8786366",-0.188271751547658,0.176733582484723,0.0312347591778845,-1.05210969133697
"8786367",0.0582581332664403,0.092640567578884,0.00858227476133777,0.436148391247153
"8786368",0.0503742177517592,0.0899033980697935,0.00808262098449575,0.468975420645114
"8786372",0.0687996603101241,0.0852698243313704,0.00727094294150277,0.522302304607474
"8786374",0.0618417039383597,0.0859000824672883,0.00737882416788693,0.515214556342298
"8786375",0.0687996603101241,0.0852698243312037,0.00727094294147435,0.522302304609342
"8786376",-0.27278537981233,0.16683944544041,0.0278354005548636,-0.828773352007343
"8786377",-0.211260610060953,0.132804333648258,0.0176369910357579,-0.158742413360055
"8786379",0.0527920402794189,0.089331769123211,0.00798016497468268,0.475706734610934
"8786382",0.0687996603101241,0.0852698243314121,0.00727094294150987,0.522302304607008
"8786389",-0.00407309684116276,0.151972014509131,0.0230954931939635,-0.517363560884979
"8786391",0.0567368799178127,0.0884841015879917,0.00782943623383403,0.485609545389687
"8786406",-0.0169312654561733,0.169211356632005,0.0286324832132436,-0.881141325736321
"8786424",0.0687996603101241,0.0852698243314121,0.00727094294150987,0.522302304607008
"8786441",-0.174224558169967,0.166168398942752,0.0276119368071974,-0.814091883850776
"8786442",0.102166078155672,0.186972792806757,0.0349588252499586,-1.29677916466826
"8786444",-0.119316000758574,0.103757754807112,0.0107656716826128,0.292700191225295
"8786447",-0.348968323373052,0.16630033608256,0.0276558017811723,-0.816973792998579
"8786455",0.0222240069886512,0.173960184408412,0.0302621457594086,-0.988209425270822
"8786458",0.0198554944915867,0.186517373725651,0.0347887307015142,-1.2856040290023
"8786462",0.0301771816393928,0.156783476684961,0.0245810585614237,-0.614964540304024
"8786479",-0.136652426644328,0.0961366847206978,0.00924226214908685,0.392787515408578
"8786483",-0.245484044856174,0.174393572885305,0.0304131182637022,-0.998128251198756
"8786484",-0.242168015228017,0.180569370759498,0.032605297656481,-1.1421534556657
"8786487",0.0899792672978869,0.0908918487799672,0.00826132817464043,0.457234438276114
"8786488",-0.100224597423382,0.108257683882228,0.0117197261195443,0.230019241936067
"8786491",0.0899792672978869,0.0908918487800454,0.00826132817465464,0.457234438275181
"8786492",0.0248507967000258,0.165548890231546,0.0274064350568963,-0.800590510877868
"8786493",0.0899792672978869,0.0908918487800063,0.00826132817464753,0.457234438275647
"8786495",-0.058613082319641,0.14554483999655,0.0211833004496214,-0.391733353844766
"8786504",-0.233450817411357,0.129486732014473,0.0167668137677879,-0.101572156512142
"8786507",-0.119316000758574,0.103757754807044,0.0107656716825986,0.292700191226229
"8786508",-0.250303476157124,0.141063782287222,0.0198989906731768,-0.307354776634964
"8786524",-0.121086829760622,0.0951190113216248,0.00904762631480338,0.40557500256479
"8786525",-0.126488166560649,0.0879157167195027,0.00772917324630384,0.492196778773538
"8786526",-0.124402859388779,0.0913793372108498,0.0083501832690942,0.45139669835903
"8786527",-0.0987021419229709,0.165407150354463,0.027359525388384,-0.797508566662348
"8786532",-0.095487438818237,0.165285441560201,0.0273192771917508,-0.794864278166328
"8786579",-0.194407077496152,0.145515280744752,0.021174696930224,-0.39116810647294
"8786581",-0.194407077496152,0.145515280744606,0.0211746969301814,-0.391168106470139
"8786585",-0.179623254676497,0.155006429114974,0.0240269930669754,-0.578562685424421
"8786591",0.167628826617432,0.154237547285846,0.0237892209927537,-0.562941166620296
"8786598",-0.174510177021331,0.0885360537707481,0.0078386328172968,0.485005333974333
"8786605",-0.155500471988796,0.0840624651010607,0.00706649803886705,0.535734243162014
"8786612",-0.135523030711465,0.087608761844016,0.00767529515184151,0.495736545453577
"8786625",-0.135523030711465,0.0876087618442593,0.00767529515188414,0.495736545450776
"8786634",-0.058613082319641,0.14554483999655,0.0211833004496214,-0.391733353844766
"8786635",-0.119544727064413,0.103708647640345,0.0107554835953891,0.293369543993753
"8786636",-0.119316000758574,0.103757754807146,0.0107656716826199,0.292700191224828
"8786638",-0.179148023847156,0.100004983062925,0.0100009966374159,0.342938999279978
"8786639",-0.138408481570344,0.120120046674131,0.0144288256129954,0.0520326183272208
"8786660",0.110202370275815,0.129282964820304,0.0167140849927279,-0.0981078996021794
"8786674",0.0719717758466886,0.0868749313354537,0.00754725369453979,0.504148811862464
"8786676",0.0719717758466886,0.0868749313354128,0.00754725369453269,0.50414881186293
"8786677",0.0719717758466886,0.0868749313351674,0.00754725369449005,0.504148811865731
"8786679",0.0719717758466886,0.0868749313352492,0.00754725369450426,0.504148811864797
"8786680",0.0719717758466886,0.0868749313351265,0.00754725369448295,0.504148811866198
"8786681",0.0832441358005371,0.0914065201768611,0.00835515193084291,0.451070259507063
"8786683",0.0682739017280222,0.0919829997773329,0.00846087224803682,0.44412448200805
"8786686",0.0687996603101241,0.0852698243313704,0.00727094294150277,0.522302304607474
"8786688",0.0719717758466886,0.0868749313352901,0.00754725369451137,0.504148811864331
"8786689",0.0719717758466886,0.0868749313350038,0.00754725369446163,0.504148811867599
"8786694",-0.119316000758574,0.10375775480718,0.010765671682627,0.292700191224362
"8786695",0.0719717758466886,0.0868749313354946,0.0075472536945469,0.504148811861997
"8786697",0.0719717758466886,0.0868749313351265,0.00754725369448295,0.504148811866198
"8786698",0.0719717758466886,0.0868749313354537,0.00754725369453979,0.504148811862464
"8786699",0.0719717758466886,0.0868749313351674,0.00754725369449005,0.504148811865731
"8786700",-0.0811331940881896,0.121343206431466,0.0147241737470694,0.0326283781728556
"8786701",-0.119316000758574,0.103757754806975,0.0107656716825844,0.292700191227163
"8786704",-0.169409898325265,0.107915500243224,0.0116457551927454,0.234879098703229
"8786706",-0.137778516976771,0.111659635953455,0.0124678743012581,0.180866241411639
"8786707",-0.14987898508882,0.10730934108668,0.0115152946844574,0.243450295678678
"8786709",-0.14987898508882,0.107309341086581,0.0115152946844361,0.243450295680078
"8786711",-0.138634681930762,0.107357528134054,0.0115256388470542,0.242770688828099
"8786713",-0.147701764777539,0.0999618268834889,0.0099923668338846,0.343505973507636
"8786715",-0.144578974812216,0.110777335710648,0.0122716181071496,0.19376018548277
"8786726",-0.14987898508882,0.107309341086746,0.0115152946844717,0.243450295677744
"8786729",0.000537544603310772,0.126271218819726,0.015944420702219,-0.0475413003646388
"8786739",-0.14987898508882,0.107309341086746,0.0115152946844717,0.243450295677744
"8786759",-0.137400997623538,0.0939602652405847,0.00882853144408102,0.419969437462495
"8786763",0.0767269238542862,0.0878428513151981,0.00771636652718399,0.493038174484976
"8786764",-0.135523030711465,0.0876087618442187,0.00767529515187704,0.495736545451243
"8786770",-0.0605830497950819,0.115994941880468,0.013454826541853,0.11602392115307
"8786785",0.0842213431022379,0.0834955164622091,0.00697150126929103,0.541975488384443
"8786787",0.0810492275656735,0.0812912624451449,0.00660826934992542,0.565839662834708
"8786792",0.0687996603101241,0.0852698243311621,0.00727094294146724,0.522302304609809
"8786793",0.0810492275656735,0.0812912624445767,0.00660826934983305,0.565839662840777
"8786794",0.0687996603101241,0.0852698243311204,0.00727094294146014,0.522302304610275
"8786796",0.0687996603101241,0.0852698243314121,0.00727094294150987,0.522302304607008
"8786798",0.0719717758466886,0.086874931335331,0.00754725369451847,0.504148811863864
"8786799",0.0719717758466886,0.0868749313354128,0.00754725369453269,0.50414881186293
"8786800",-0.165989461714965,0.138933030956632,0.0193023870907965,-0.268158188426405
"8786803",-0.0588422421478789,0.124327179277161,0.0154572475070154,-0.0155342395916256
"8786819",-0.13334460638831,0.173244545667764,0.03001367260363,-0.97188485020026
"8786820",-0.141513431488195,0.171558376857539,0.0294322766699935,-0.933687397704321
"8786825",-0.13334460638831,0.173244545667703,0.0300136726036087,-0.97188485019886
"8786839",-0.121812705126985,0.109435496600667,0.0119761279162347,0.213173758707975
"8786843",-0.126906990806703,0.0974764491875514,0.00950165814621329,0.375745314552614
"8786861",-0.119316000758574,0.10375775480718,0.010765671682627,0.292700191224362
"8786868",-0.119316000758574,0.103757754807078,0.0107656716826057,0.292700191225762
"8786870",-0.0679936818100834,0.152522929225213,0.0232632439394393,-0.528384709745434
"8786873",-0.0645380601123249,0.180354080801856,0.0325275944618824,-1.13704839057538
"8786911",-0.135507467483535,0.0969472158292827,0.00939876265704953,0.382505502114979
"8786963",-0.171941099133953,0.124877514353641,0.0155943935911438,-0.0245446759060532
"8786966",-0.140994567579056,0.0963056262410018,0.00927477364567153,0.390651524641326
"8786967",-0.130165820720008,0.107146627421583,0.0114803997678195,0.245742876076158
"8786968",-0.155758059769793,0.152050670456969,0.0231194063864137,-0.51893464692084
"8786976",-0.101650740533408,0.139195391426209,0.0193753569942956,-0.272952278411019
"8786978",-0.149063771641549,0.0922599722757509,0.00851190248432232,0.440771818334983
"8786980",0.0719717758466886,0.0868749313352901,0.00754725369451137,0.504148811864331
"8786998",-0.138823497111692,0.092542363338345,0.00856408901224626,0.437343186819047
"8787000",-0.126907093797478,0.121379891340627,0.0147330780218624,0.0320433713062078
"8787002",-0.13846254979797,0.110246209670713,0.0121542267467589,0.201472745293621
"8787004",-0.156300509769462,0.121962100645306,0.0148747539938157,0.0227353233901316
"8787008",-0.15354470380833,0.0966982276453442,0.00935054722975082,0.385673234098061
"8787017",-0.14765798935714,0.10840311482238,0.0117512353031941,0.22794910267981
"8787023",0.0843652571938305,0.0843062657467015,0.00710754644415346,0.533037381315812
"8787027",0.131371904785065,0.189246318213463,0.0358141689573515,-1.35297486322859
"8787038",0.0810492275656735,0.0812912624451886,0.00660826934993253,0.565839662834242
"8787042",-0.117323011095089,0.11286223557638,0.0127378842192982,0.163126710704464
"8787043",0.0810492275656735,0.0812912624448827,0.00660826934988279,0.56583966283751
"8787050",0.072570282645105,0.0975485804412073,0.0095157255460947,0.374821092679663
"8787052",0.117617436792909,0.0986712894191768,0.00973602335564294,0.360347625239762
"8787059",-0.252615817657285,0.188395992357886,0.0354930499365125,-1.33187748735373
"8787084",-0.00529640835545386,0.144981669532547,0.0210196845004447,-0.380983859249639
"8787091",-0.118819213334767,0.113758487878952,0.0129409935645057,0.149782517674906
"8787099",-0.120283737003372,0.104103738589816,0.0108375883883767,0.287975295860275
"8787107",-0.018421668269781,0.195823736647953,0.0383469358347668,-1.51937651292407
"8787111",-0.118144979770298,0.0937484430798218,0.00878877057989058,0.422581708435242
"8787121",-0.018421668269781,0.195823736647862,0.0383469358347313,-1.51937651292174
"8787127",0.151064965936448,0.114975795360677,0.0132194335188203,0.1314891373594
"8787131",0.180419502369922,0.126903974822054,0.0161046188256364,-0.0580662453378522
"8787150",-0.130394547025847,0.100949991352106,0.0101909007539902,0.330462383858439
"8787153",0.0899792672978869,0.0908918487800454,0.00826132817465464,0.457234438275181
"8787155",0.0899792672978869,0.0908918487802017,0.00826132817468306,0.457234438273313
"8787156",-0.130394547025847,0.100949991352141,0.0101909007539973,0.330462383857972
"8787160",0.0489510346580033,0.106776994572313,0.0114013265698958,0.250937949771461
"8787161",-0.139059095089462,0.103198809372973,0.0106499942559992,0.300300146354473
"8787164",0.066088415296821,0.0920173723565042,0.00846719681539554,0.443708960764667
"8787176",-0.269829566823068,0.193068031434523,0.0372752647620018,-1.44896820332828
"8787179",-0.0534336114162484,0.149043090183378,0.0222138427314107,-0.459439520290569
"8787182",-0.0149557360834817,0.152898922027701,0.023378080357233,-0.535929410971739
"8787187",-0.0149557360834817,0.152898922027562,0.0233780803571904,-0.535929410968938
"8787193",0.0687996603101241,0.0852698243314121,0.00727094294150987,0.522302304607008
"8787196",0.0712985094045547,0.0902116127111024,0.00813813506793792,0.465328170221681
"8787197",0.0737973584989852,0.102085726717037,0.0104214955993456,0.315312405776932
"8787204",-0.0725073604752003,0.146439982783389,0.0214446685575993,-0.40890512150058
"8787221",-0.13619497403265,0.112612839593677,0.0126816516413513,0.166821165895126
"8787223",-0.13619497403265,0.11261283959374,0.0126816516413655,0.166821165894192
"8787224",-0.0605485548092355,0.152949903856505,0.0233936730897142,-0.536953846513466
"8787229",-0.0480564772432112,0.243472002715444,0.059278616106269,-2.89457853373971
"8787235",0.165708701385513,0.151416912604267,0.0229270814226084,-0.506298982920251
"8787281",-0.138366044500014,0.109947942754828,0.0120885501160188,0.205787670523828
"8787303",0.0687996603101241,0.0852698243314537,0.00727094294151698,0.522302304606541
"8787305",0.0687996603101241,0.0852698243313287,0.00727094294149566,0.522302304607941
"8787309",0.0199003849063533,0.159779195393539,0.0255293912806067,-0.677269575299311
"8787332",0.232131054903645,0.151650918612313,0.0229980011159583,-0.510958375016128
"8787337",-0.006540397982751,0.125552226102164,0.015763361479209,-0.0356457904896048
"8787344",0.232131054903645,0.151650918612524,0.0229980011160222,-0.510958375020329
"8787345",0.232131054903645,0.151650918612524,0.0229980011160222,-0.510958375020329
"8787380",-0.0320940126528391,0.149122169702172,0.0222374214966834,-0.460988634610622
"8787385",-0.0320940126528391,0.149122169702267,0.0222374214967118,-0.460988634612489
"8787393",0.121451627899082,0.113304589422875,0.0128379299842862,0.156553748744364
"8787407",-0.123980101280395,0.113470847294582,0.0128756331857502,0.15407666529134
"8787414",-0.148224395604832,0.112416302741391,0.012637425122044,0.169726828409366
"8787415",-0.119316000758574,0.103757754807146,0.0107656716826199,0.292700191224828
"8787421",-0.140638245427964,0.106571713985737,0.0113575302218578,0.253815350225937
"8787423",-0.152602839825016,0.0984842226312782,0.00969914210728717,0.362770706741638
"8787424",-0.13193070255916,0.104396469662783,0.0108986228780523,0.283965357219291
"8787425",0.0687996603101241,0.0852698243312871,0.00727094294148856,0.522302304608408
"8787438",-0.0486969945220171,0.144106815977766,0.0207667744112499,-0.364367779640449
"8787441",-0.159402771683207,0.111708583609772,0.0124788076521014,0.18014792515709
"8787453",-0.0239107465566356,0.189782898005415,0.0360175483753338,-1.36633679991851
"8787467",-0.138509007510359,0.0948166711145411,0.00899020112124304,0.409347812067208
"8787471",-0.140823040988069,0.0934227740752281,0.00872781471591111,0.426586481403195
"8787472",0.0687996603101241,0.0852698243311621,0.00727094294146724,0.522302304609809
"8787473",-0.058613082319641,0.145544839996404,0.0211833004495787,-0.391733353841965
"8787481",-0.135421704188041,0.0957115987144161,0.00916071012846942,0.398145446644867
"8787495",0.0349565864485872,0.160462666995304,0.025748267499246,-0.691649644853067
"8787521",-0.116425389650083,0.105687682218186,0.0111698861726524,0.266143480233383
"8787526",-0.140823040988069,0.0934227740752281,0.00872781471591111,0.426586481403195
"8787530",-0.103638578751891,0.0956071769080959,0.00914073227633594,0.39945798258413
"8787532",-0.131843577724675,0.177220258600749,0.0314070200585164,-1.06342715405758
"8787534",-0.140823040988069,0.093422774075076,0.00872781471588269,0.426586481405062
"8787535",-0.140823040988069,0.09342277407519,0.008727814715904,0.426586481403662
"8787536",-0.139868995480642,0.0983020351040233,0.00966329010559264,0.365126167198758
"8787538",-0.113007876848813,0.108675879538869,0.0118104467935467,0.224058934278028
"8787539",-0.138737733816198,0.0907299077988458,0.00823191616918706,0.459166793863964
"8787540",-0.120292951857433,0.0974435599999253,0.00949524738545904,0.376166498663486
"8787541",-0.00912879605922026,0.148777686074431,0.0221347998736619,-0.454246439931165
"8787543",-0.0633954124782442,0.143377999135411,0.0205572506360738,-0.350602161434285
"8787547",-0.0495748123196496,0.164530502835032,0.0270702863631485,-0.778505692223057
"8787552",-0.00740770741022029,0.149541715618796,0.0223627247102129,-0.469220999629838
"8787554",-0.0290266602962992,0.164210806407772,0.0269651889410909,-0.771600838655576
"8787557",-0.045226014908461,0.194497254060593,0.037829181837111,-1.48536030712377
"8787568",-0.0324373962511585,0.168390615864357,0.0283553995111774,-0.862937050586209
"8787569",0.132265669736519,0.124530498085798,0.0155078449534969,-0.0188584691683695
"8787570",0.136726742165501,0.129711128673441,0.0168249769017379,-0.105393448367719
"8787572",0.151193157264217,0.16175961349541,0.0261661725581845,-0.719105820091126
"8787573",0.0374190375613146,0.164703514186136,0.0271272475852626,-0.782248019009225
"8787574",0.0542619772689887,0.161031393159133,0.0259311095827712,-0.703662287865601
"8787578",-0.00328482797806465,0.148800195811764,0.0221414982736192,-0.45468652180888
"8787580",-0.007756668076523,0.151225998164652,0.0228693025208955,-0.502502934950599
"8787582",0.20015468980466,0.136429985510751,0.0186131409464636,-0.222875025382088
"8787584",0.207631920392546,0.147468104880333,0.0217468419569968,-0.428757778530411
"8787590",0.207631920392546,0.14746810488055,0.0217468419570608,-0.428757778534613
"8787592",-0.007756668076523,0.151225998164605,0.0228693025208813,-0.502502934949665
"8787604",0.193538088077889,0.147214726054724,0.0216721755673674,-0.423852230166712
"8787618",0.090746806651246,0.134333240012556,0.018045419372271,-0.185575972178355
"8787628",-0.0506370928398841,0.14291471033479,0.0204246144300768,-0.341888022093606
"8787630",-0.18815491636318,0.12033314857435,0.0144800666458167,0.0486661054161459
"8787658",0.043261616444773,0.161034579254336,0.025932135715621,-0.70372970433434
"8787668",-0.123741552917502,0.109782838181723,0.0120522715592344,0.208171155459348
"8787670",-0.119316000758574,0.103757754807112,0.0107656716826128,0.292700191225295
"8787676",0.177530442961491,0.157918135948079,0.0249381376613158,-0.638424477270061
"8787690",0.151887047966909,0.146355363460278,0.02141989241359,-0.407277339933708
"8787692",-0.119316000758574,0.103757754807009,0.0107656716825915,0.292700191226696
"8787702",-0.119316000758574,0.103757754806872,0.010765671682563,0.292700191228563
"8787707",-0.0555367676791318,0.169813098175703,0.0288364883120309,-0.894544369374957
"8787759",-0.00626677551396348,0.156253182507557,0.0244150570437398,-0.604058314926211
