"GID","Predicted_value","Standard_error","Prediction_error_variance","Reliability"
"7806808",6.75436641692249,0.5385877378363,0.290076751347623,NA
"8786051",6.30639686425427,0.534488404131714,0.285677854151266,NA
"8786059",6.17069001905413,0.519203625323202,0.269572404548756,NA
"8786066",6.08597317127943,0.510457013741874,0.260566362878271,NA
"8786068",6.1014228579506,0.508222731959024,0.258290345279894,NA
"8786077",6.18217168783099,0.516082227841596,0.266340865893945,NA
"8786086",5.87589191377009,0.52005822594468,0.270460558372728,NA
"8786087",5.92976900343853,0.517914268478733,0.268235189493861,NA
"8786092",6.3870506905596,0.520951062998189,0.271390010038943,NA
"8786093",6.33474169944251,0.501880017671841,0.251883552138288,NA
"8786094",6.51814232280075,0.522693748861112,0.273208755098483,NA
"8786096",6.26647265284275,0.528520455644007,0.279333872034148,NA
"8786102",6.39347695622025,0.526128680104371,0.276811388028367,NA
"8786104",6.26259782619117,0.51606481959891,0.266322898027656,NA
"8786115",5.96367352128165,0.493126653105441,0.243173896002973,NA
"8786132",6.23111380315381,0.502814993461948,0.252822917650139,NA
"8786136",6.11541239632162,0.489712678869092,0.239818507845142,NA
"8786147",6.22916297334726,0.498486061138092,0.24848835314897,NA
"8786149",6.1884920325501,0.488742611510187,0.238869340305798,NA
"8786150",6.13753210831653,0.487223983512706,0.23738721010999,NA
"8786159",6.43084880250593,0.532720640091909,0.283791280379934,NA
"8786160",6.5095061637274,0.525198362129501,0.27583331958351,NA
"8786165",6.40785760419533,0.533423390038701,0.284540513040381,NA
"8786172",6.10693468799868,0.542681273790512,0.294502964922893,NA
"8786179",6.0977793840213,0.532225052015385,0.283263505992779,NA
"8786193",6.66765760906987,0.528899308220495,0.279734478236119,NA
"8786198",6.02355118366099,0.510765473295803,0.260881368711085,NA
"8786202",6.16258817317953,0.538905927664039,0.290419598871439,NA
"8786213",6.48758311554195,0.548836206464822,0.301221181526696,NA
"8786234",6.10446810812315,0.516699046609205,0.266977904766861,NA
"8786238",6.05403933458278,0.496824192673816,0.246834278425989,NA
"8786246",6.34672343193333,0.53196021617882,0.282981671597017,NA
"8786247",6.38018929937428,0.512296791488581,0.262448002569495,NA
"8786251",6.09430517391236,0.544628499831183,0.296620202828365,NA
"8786257",5.83778302429169,0.532572924854791,0.283633920288387,NA
"8786258",5.84851181133244,0.525605645356018,0.276261294430116,NA
"8786269",5.90728868703565,0.531357899821247,0.282341217702446,NA
"8786275",6.34703570039649,0.51831312561061,0.26864849618024,NA
"8786276",6.02149385194189,0.539953174049348,0.291549430165966,NA
"8786279",6.08855311100781,0.502728869837733,0.252736316568324,NA
"8786281",6.26352315479887,0.543923882636604,0.295853190102479,NA
"8786285",6.01122059175255,0.52651801962211,0.277221224986788,NA
"8786286",5.89203970590003,0.53800201422964,0.28944616731515,NA
"8786301",5.64466363081055,0.537393016977079,0.288791254695727,NA
"8786303",6.12368224980912,0.503751290560311,0.253765362741179,NA
"8786304",5.95432918428726,0.518554266071774,0.268898526861236,NA
"8786309",5.66866105715771,0.494327179481442,0.244359360374078,NA
"8786313",5.92665384023173,0.543431335349355,0.295317616239583,NA
"8786320",5.80197685655644,0.549893136554636,0.302382461629895,NA
"8786324",5.40695988224035,0.523394510919421,0.27394181406058,NA
"8786329",6.2755487102949,0.51505948926986,0.265286277486929,NA
"8786337",6.09846246523407,0.512154632801555,0.262302367900096,NA
"8786340",6.04607258056757,0.517718747334233,0.268032701341327,NA
"8786345",6.30615712870163,0.51493757372088,0.265160704829547,NA
"8786347",6.35913186282169,0.523944928252989,0.274518287842029,NA
"8786350",6.34495322155874,0.503162500595121,0.253172502005135,NA
"8786352",6.2992115583148,0.539027054393117,0.29055016536772,NA
"8786353",6.38560614196106,0.516568933169067,0.266843462715428,NA
"8786357",6.08695249061906,0.502509455615481,0.252515752982967,NA
"8786359",5.91760213625322,0.502393362257904,0.252399090440802,NA
"8786362",6.0912860298738,0.532756230189304,0.283829200805519,NA
"8786366",6.40835780554147,0.506054599078872,0.256091257248878,NA
"8786367",5.83675474568651,0.51816350462273,0.26849341752291,NA
"8786368",5.6438664595512,0.511520412750201,0.261653132660136,NA
"8786372",5.99895700030475,0.537390049376832,0.288788065169234,NA
"8786374",5.63641077752038,0.505425900104187,0.255455340496128,NA
"8786375",5.76113565045167,0.493870717812684,0.243908285912816,NA
"8786376",6.00611062093002,0.511281659072168,0.261408934903589,NA
"8786377",6.22243818973328,0.523959474707333,0.274533531135585,NA
"8786379",5.74370346252198,0.535004734476745,0.286230065912532,NA
"8786382",5.81278705204189,0.533249150260434,0.284354656253475,NA
"8786389",6.31395642823958,0.524813007396245,0.275428692732292,NA
"8786391",5.75429767750978,0.543919959016787,0.295848921816823,NA
"8786406",5.94322142706802,0.50659518414532,0.256638680599231,NA
"8786424",6.02956816035934,0.516919255732429,0.267205516946968,NA
"8786441",6.24422597956489,0.503850921055755,0.253865750648733,NA
"8786442",6.31367051978604,0.548229881117156,0.300556002549731,NA
"8786444",6.18730491164549,0.534381909917151,0.285564025646702,NA
"8786447",5.97127621555334,0.540981742759821,0.292661245999453,NA
"8786455",6.27601161457487,0.510467037251923,0.260576596120756,NA
"8786458",6.37550584774226,0.518773780665285,0.269126235505753,NA
"8786462",6.2353486825486,0.50666341581231,0.256707816922597,NA
"8786479",6.04913854402172,0.515566491151358,0.265808806798124,NA
"8786483",5.93159890285143,0.500089492159397,0.250089500168243,NA
"8786484",5.95541689415339,0.517816400557865,0.268133824686703,NA
"8786487",6.50538106519615,0.519110884314251,0.269476110213524,NA
"8786488",6.57777839555099,0.520449819622186,0.270868014744766,NA
"8786491",6.91778349759354,0.519666822153487,0.270053606047104,NA
"8786492",6.58966629272881,0.518212912604163,0.26854462278969,NA
"8786493",6.50043493233178,0.529034234207274,0.279877220963277,NA
"8786495",6.50299735749072,0.517348596630439,0.267649570435485,NA
"8786504",6.20500424672968,0.534591474227118,0.285788044316324,NA
"8786507",6.26450940825165,0.50999937420269,0.260099361687135,NA
"8786508",6.16022142796964,0.547157277334018,0.299381086139575,NA
"8786524",6.32557612700746,0.499552818498021,0.249553018469317,NA
"8786525",6.3853852910474,0.501115611780751,0.251116856370397,NA
"8786526",6.16529936843134,0.493612317271511,0.24365311976215,NA
"8786527",6.05414582146717,0.496092514760883,0.246107783201776,NA
"8786532",6.09989839275277,0.525988556075662,0.27666396112256,NA
"8786579",6.3058003874993,0.51709937990148,0.267391768694495,NA
"8786581",6.29451436972647,0.541133733848693,0.292825717909028,NA
"8786585",6.36202212307784,0.522692007716223,0.273206934930416,NA
"8786591",6.4062566000324,0.511797971043832,0.261937163164583,NA
"8786598",5.83698288723029,0.505134888233403,0.255161255310572,NA
"8786605",6.33523258038468,0.556310683658878,0.309481576753008,NA
"8786612",6.22603528170463,0.526478037105033,0.277179123553968,NA
"8786625",5.69603155430861,0.505418816678935,0.255448180253135,NA
"8786634",5.8502052810602,0.513531475287504,0.26371457611096,NA
"8786635",6.12032457020122,0.532394836242629,0.283444261657816,NA
"8786636",5.48182511158219,0.502536827363381,0.252543262856452,NA
"8786638",5.7277495780831,0.518423640474546,0.268763071002882,NA
"8786639",5.86802403282114,0.540998995136649,0.292679912738864,NA
"8786660",6.26849721579551,0.532749714349831,0.283822258139826,NA
"8786674",6.81203819525454,0.51379108823942,0.263981282354247,NA
"8786676",6.64756857117403,0.519549296593819,0.269931471591132,NA
"8786677",6.64451750110493,0.514007384341525,0.264203591157617,NA
"8786679",6.49891785270876,0.512024549788762,0.262169139586385,NA
"8786680",6.79493426843805,0.524181523194084,0.27476626925807,NA
"8786681",6.63351174157496,0.500673232596998,0.250673685839128,NA
"8786683",6.44392329745826,0.498570634954417,0.248572678038851,NA
"8786686",6.48410871611078,0.533126358616454,0.284223714251639,NA
"8786688",6.60528621743247,0.525369274416296,0.276012874500705,NA
"8786689",6.43981494408094,0.53471092000914,0.285915767977021,NA
"8786694",6.45882789209324,0.502552495911463,0.252559011146841,NA
"8786695",6.2963805960767,0.511983422282273,0.262127024691868,NA
"8786697",6.18775706764613,0.531029775520901,0.281992622489778,NA
"8786698",6.34907886560188,0.514290210692752,0.264494420814395,NA
"8786699",6.41668383283743,0.519595190960639,0.269979162469423,NA
"8786700",6.37469083768921,0.519250117587688,0.269620684614828,NA
"8786701",6.37615241083167,0.516564289283362,0.266838664962825,NA
"8786704",6.53466949244681,0.509550239355293,0.259641446427036,NA
"8786706",6.45928613341331,0.508107072063285,0.258172796680724,NA
"8786707",6.52910413409049,0.503090765844773,0.253100318678281,NA
"8786709",6.43939030526222,0.503729943931815,0.25374385641355,NA
"8786711",6.42494055756201,0.504710199449258,0.25473238542811,NA
"8786713",6.51388362076358,0.509146476060696,0.259230134085025,NA
"8786715",6.51353634143804,0.501169076696959,0.251170443437283,NA
"8786726",6.1106207592605,0.519340786223425,0.269714852235165,NA
"8786729",6.20404145303633,0.532591450509921,0.283653653156261,NA
"8786739",6.48002211315025,0.506886109098943,0.256933527597466,NA
"8786759",6.35032628316414,0.517344011654027,0.267644826394282,NA
"8786763",6.49248521632706,0.511076722093558,0.261199415865895,NA
"8786764",6.36113441384875,0.513643560853846,0.263829707606618,NA
"8786770",5.99501808683626,0.538933318300253,0.290449121574122,NA
"8786785",6.89475314195712,0.504877900381803,0.254901694293938,NA
"8786787",6.98663980578021,0.483985711885476,0.234242169309291,NA
"8786792",6.98751074283843,0.526422426865826,0.277120571507306,NA
"8786793",6.6794224641451,0.49833572263558,0.248338492454725,NA
"8786794",7.11220327402657,0.507322884160322,0.257376508792747,NA
"8786796",6.97757654972846,0.518421466736403,0.268760817173123,NA
"8786798",6.95728637869591,0.496944769956841,0.246954104387458,NA
"8786799",6.73228775076393,0.476618286602453,0.227164991123858,NA
"8786800",6.51166538984691,0.517013383645595,0.267302838868667,NA
"8786803",6.36958176646601,0.50960958535865,0.259701929489415,NA
"8786819",6.41777550426455,0.502982087020668,0.252990979863667,NA
"8786820",6.38488432203179,0.507122550300751,0.257173281023538,NA
"8786825",6.24930863644397,0.517423060345704,0.267726623377514,NA
"8786839",6.14964378411377,0.507004972220992,0.257054041856809,NA
"8786843",6.1568018719091,0.541451372678785,0.293169588975741,NA
"8786861",5.63462596479117,0.538239409928836,0.289701662400541,NA
"8786868",6.25778561981642,0.539293245448237,0.290837204586092,NA
"8786870",6.33617444396894,0.505436325886903,0.255465879526051,NA
"8786873",6.1379866177487,0.515866120835996,0.266117854626378,NA
"8786911",6.31062458308287,0.503922949716861,0.253938339251342,NA
"8786963",6.36335013343004,0.51486611723997,0.265087118681763,NA
"8786966",6.17568822188175,0.526444417759291,0.277143724989918,NA
"8786967",6.39003592753043,0.513137389223412,0.26330998021902,NA
"8786968",6.51320837919123,0.503767119519134,0.253781310708606,NA
"8786976",6.22603025375164,0.513776697812316,0.263966495214928,NA
"8786978",6.25314487579493,0.532545429501587,0.28360463448303,NA
"8786980",6.35334963480599,0.566077207097514,0.320443404395322,NA
"8786998",6.75599004197868,0.504913422778516,0.254937564501916,NA
"8787000",6.81269187181342,0.510202428457464,0.260306518003893,NA
"8787002",6.22599893320673,0.512766102968979,0.262929076353993,NA
"8787004",6.57784115127891,0.505991244728194,0.256027139741587,NA
"8787008",6.36331236380764,0.502302767546054,0.252308070284425,NA
"8787017",6.08724481896496,0.508324593576416,0.258393892434629,NA
"8787023",6.17548257495061,0.517983591031743,0.26830700057814,NA
"8787027",6.07539344620494,0.529030903162964,0.279873696501421,NA
"8787038",6.09704585868942,0.507004961467094,0.257054030952249,NA
"8787042",6.45400652924621,0.51072378039308,0.260838779858999,NA
"8787043",6.34842856826561,0.505395319089055,0.255424428557128,NA
"8787050",6.12343232318573,0.52115379455597,0.271601277580086,NA
"8787052",6.27371214320589,0.523146186756935,0.273681932718322,NA
"8787059",5.77029496687171,0.526115798062263,0.276797832970692,NA
"8787084",6.24930239479474,0.511502258817818,0.26163456077573,NA
"8787091",6.61432583748025,0.527512384688006,0.278269315999227,NA
"8787099",6.70653347011111,0.521398076425371,0.271855954100077,NA
"8787107",6.61707585118334,0.519555857542363,0.269938289106581,NA
"8787111",6.33385325655393,0.516133832923975,0.266394133488794,NA
"8787121",6.62280984948847,0.530766930038951,0.281713534022973,NA
"8787127",6.95261146828753,0.512881253535939,0.263047180228596,NA
"8787131",6.48577791365283,0.535548031956056,0.286811694532005,NA
"8787150",6.43366722594782,0.52940136992128,0.280265810474528,NA
"8787153",6.70398197133406,0.525960060277002,0.276633985006588,NA
"8787155",6.57087238625689,0.500085187447832,0.250085194704733,NA
"8787156",6.6804933518298,0.538543277212226,0.290028861430485,NA
"8787160",6.64642462245667,0.513423438957177,0.263603627670614,NA
"8787161",6.74399155861212,0.50592583111135,0.25596094658571,NA
"8787164",6.7597117770165,0.520091038669168,0.270494688503974,NA
"8787176",5.98258404239858,0.515660096757517,0.265905335387972,NA
"8787179",6.4802099728206,0.516742746232102,0.267023065783494,NA
"8787182",6.5245292281053,0.516081202557615,0.266339807633314,NA
"8787187",6.25709905700648,0.535700868429631,0.28697542043626,NA
"8787193",5.9916459935891,0.507290749246624,0.257343904271202,NA
"8787196",6.42347038624077,0.520794682956823,0.271227101796098,NA
"8787197",6.09962357384834,0.511430830798642,0.26156149469139,NA
"8787204",6.06065615884982,0.536833529473961,0.288190238367471,NA
"8787221",5.93075032012497,0.538948319431924,0.290465291018495,NA
"8787223",5.9521565362065,0.53951285210724,0.291074117588888,NA
"8787224",5.62051280318721,0.520788965290654,0.27122114636851,NA
"8787229",6.30095046886025,0.501887967335576,0.251891531756237,NA
"8787235",6.48025631419805,0.520181200157828,0.270588480997639,NA
"8787281",6.11792748603054,0.555424276581934,0.308496127016565,NA
"8787303",6.58547019356966,0.538550172989143,0.290036288826635,NA
"8787305",6.16701081826064,0.537886853256732,0.289322266906429,NA
"8787309",6.612613463825,0.500530465448184,0.250530746841776,NA
"8787332",6.71116066255704,0.532367510422512,0.283415166153464,NA
"8787337",6.41156306486166,0.51663936568818,0.266916234178685,NA
"8787344",6.79429015481986,0.524599917074677,0.275205072994758,NA
"8787345",6.54983922564551,0.545489193163458,0.297558459858121,NA
"8787380",6.67569990918714,0.521637164567542,0.272105331458065,NA
"8787385",6.22969073665638,0.512130568732198,0.262277719429965,NA
"8787393",6.20038941346004,0.525114595524497,0.275745338432856,NA
"8787407",6.67783202930354,0.526419894945604,0.27711790579454,NA
"8787414",6.00050414731072,0.509155077486333,0.259238892930114,NA
"8787415",5.7957954114941,0.50563932219895,0.255671124153814,NA
"8787421",6.71551250979796,0.490409548531464,0.240501525290834,NA
"8787423",6.42888555771118,0.510351299964815,0.260458449375777,NA
"8787424",6.67316393112245,0.490450099964457,0.240541300555146,NA
"8787425",6.20823472414378,0.509754277791747,0.259849423726985,NA
"8787438",6.43953963495867,0.518929205075896,0.269287519880701,NA
"8787441",6.12691087370826,0.507565702805498,0.257622942664439,NA
"8787453",6.07430067546531,0.538375279694373,0.289847941785994,NA
"8787467",6.25829950203859,0.497494237198187,0.247500516045406,NA
"8787471",6.42153460654555,0.524314268748479,0.274905452413253,NA
"8787472",6.16983902083039,0.529174288993796,0.28002542813209,NA
"8787473",6.60204788098797,0.47964454703308,0.230058891498569,NA
"8787481",6.24884250530151,0.51675557768175,0.267036327065199,NA
"8787495",5.70749776344264,0.547824379013072,0.300111550241057,NA
"8787521",6.39768146035101,0.507930176129482,0.257993063822927,NA
"8787526",6.3656815108772,0.504923391919266,0.254947631707256,NA
"8787530",6.25088356731557,0.498270931871074,0.248273921547668,NA
"8787532",6.14384439263985,0.511934216363955,0.262076641884176,NA
"8787534",6.22913044343997,0.490831204684252,0.240915271491794,NA
"8787535",6.23774305857577,0.498123555649748,0.248127076693148,NA
"8787536",6.14136421501873,0.506515463424616,0.256557914688253,NA
"8787538",6.37917458135612,0.512674773553066,0.262835423437687,NA
"8787539",6.10951404659083,0.49606136539399,0.246076878236549,NA
"8787540",6.10851413119713,0.507682595523267,0.257741617797241,NA
"8787541",6.42793118877892,0.523410200905323,0.273958238411751,NA
"8787543",6.40098693627071,0.513909835906133,0.264103319441069,NA
"8787547",6.26645854995318,0.514908316484014,0.265130574384401,NA
"8787552",6.23422631774177,0.521421514496713,0.271880395780046,NA
"8787554",6.5549967001959,0.508093966136932,0.258159478424758,NA
"8787557",5.93695767767731,0.547432569412125,0.299682418053161,NA
"8787568",6.03380445528013,0.523518714100749,0.274071844013701,NA
"8787569",6.3379215377784,0.499008229148083,0.249009212757505,NA
"8787570",6.37687196019048,0.518722305801692,0.269072830536224,NA
"8787572",6.25425588147507,0.530174840464898,0.28108536146198,NA
"8787573",6.56076905818396,0.518509368244602,0.268851964957417,NA
"8787574",6.4883300833477,0.505729082732671,0.255761905121629,NA
"8787578",6.26916196153421,0.532692916771553,0.283761743578585,NA
"8787580",6.1854873771328,0.525745329550423,0.276408151544083,NA
"8787582",6.29929019781251,0.526852151326989,0.277573189357877,NA
"8787584",6.4615265996998,0.510401594716674,0.260509787889324,NA
"8787590",6.32729798157692,0.515209636908331,0.265440969963214,NA
"8787592",6.24524499890967,0.524745035928278,0.27535735273137,NA
"8787604",6.57209620298712,0.524107778717789,0.274688963712495,NA
"8787618",6.39917057286633,0.511944277948099,0.262086943723801,NA
"8787628",5.97701263875182,0.520881338115111,0.271317368396588,NA
"8787630",6.43417236871157,0.500364025825963,0.250364158340764,NA
"8787658",6.10415495616022,0.5451275046044,0.297163996276221,NA
"8787668",6.03030737371446,0.50467533658411,0.254697195356285,NA
"8787670",6.54206747718874,0.556677603674404,0.309889954432677,NA
"8787676",6.22226662333413,0.51069920698666,0.260813680016804,NA
"8787690",6.33225321302567,0.519578340331008,0.269961651741125,NA
"8787692",5.76076997018771,0.520078670672145,0.270481823688106,NA
"8787702",6.09666668079275,0.513272408223225,0.263448565043269,NA
"8787707",5.90446996329157,0.540952855788795,0.292629992186053,NA
"8787759",5.80611516645191,0.548488632378263,0.300839779848178,NA
