"X_variables","Env","Coeff"
"7806808","B5I",0.00681585730874687
"8786051","B5I",0.00159874227521352
"8786059","B5I",0.00435623140636083
"8786066","B5I",-0.00582501889018248
"8786068","B5I",0.000745551259836121
"8786077","B5I",-0.00176859427112674
"8786086","B5I",-0.00108840475416562
"8786087","B5I",-0.00136380021155661
"8786092","B5I",0.000526033097406498
"8786093","B5I",0.00219346473775525
"8786094","B5I",-0.00405530711408689
"8786096","B5I",0.00521690412084179
"8786102","B5I",0.00230634623416739
"8786104","B5I",-0.0031988208701874
"8786115","B5I",-0.00407293899435756
"8786132","B5I",-0.00316848899439973
"8786136","B5I",0.000872116978776277
"8786147","B5I",0.00242637086260345
"8786149","B5I",0.00507081294239909
"8786150","B5I",-0.0057174698293686
"8786159","B5I",0.000653691129217375
"8786160","B5I",-0.000140113304053254
"8786165","B5I",-0.00642686283514821
"8786172","B5I",-0.000160041115161607
"8786179","B5I",-0.00234066716403345
"8786193","B5I",0.00495648707926424
"8786198","B5I",0.0014649753187325
"8786202","B5I",-0.000473921895588299
"8786213","B5I",0.00231047477875685
"8786234","B5I",-0.00644297405310879
"8786238","B5I",-0.00134413740842331
"8786246","B5I",-0.00711717028972789
"8786247","B5I",-0.00222219684858809
"8786251","B5I",0.000785016484289215
"8786257","B5I",-0.00302196440574014
"8786258","B5I",0.00438867069362493
"8786269","B5I",-0.00126197940890196
"8786275","B5I",-6.88113197968923e-05
"8786276","B5I",0.000495338336593676
"8786279","B5I",-0.00617730370909953
"8786281","B5I",0.00241486911641005
"8786285","B5I",-0.00346164025633497
"8786286","B5I",-0.00199934189266874
"8786301","B5I",-0.00268320011226008
"8786303","B5I",0.000910001512749565
"8786304","B5I",-0.00176703091685724
"8786309","B5I",-0.00691984358248141
"8786313","B5I",0.00397789905796331
"8786320","B5I",-0.00434065824344425
"8786324","B5I",-0.00173176837834143
"8786329","B5I",0.00640020654836616
"8786337","B5I",-0.00415025283070077
"8786340","B5I",-0.0036984489508366
"8786345","B5I",0.0026015446659763
"8786347","B5I",0.00342400745825474
"8786350","B5I",0.00557161580781978
"8786352","B5I",0.00355565816050058
"8786353","B5I",0.00541549122010885
"8786357","B5I",0.00104639323241464
"8786359","B5I",-0.00108363083957937
"8786362","B5I",-0.0043454602620246
"8786366","B5I",-0.00241207133224453
"8786367","B5I",-0.00854016163042203
"8786368","B5I",-0.00109601229464051
"8786372","B5I",-0.000824441922907511
"8786374","B5I",-0.00369168762813161
"8786375","B5I",-0.00352897565043942
"8786376","B5I",-0.00353675898136416
"8786377","B5I",0.00160641930633119
"8786379","B5I",-0.00755280915554848
"8786382","B5I",-0.00423995909458795
"8786389","B5I",0.00527320623019589
"8786391","B5I",0.000901099194960115
"8786406","B5I",0.00030980884185441
"8786424","B5I",-0.00463835603907526
"8786441","B5I",0.00150353921515187
"8786442","B5I",-4.90810950537374e-05
"8786444","B5I",0.00190900277134327
"8786447","B5I",0.00155445328158596
"8786455","B5I",-0.00422454838873003
"8786458","B5I",0.000675612301787648
"8786462","B5I",-0.0126175708073053
"8786479","B5I",-0.00752873274672952
"8786483","B5I",-0.00415547711985204
"8786484","B5I",-0.00338033219639585
"8786487","B5I",0.00385689954291001
"8786488","B5I",-0.00281759148178388
"8786491","B5I",0.00476278622783866
"8786492","B5I",-0.00364105658108995
"8786493","B5I",0.0010509893196941
"8786495","B5I",0.000342203437877354
"8786504","B5I",-0.00135605659241207
"8786507","B5I",0.00215471119633422
"8786508","B5I",-0.00207316387903412
"8786524","B5I",-0.00203979675686755
"8786525","B5I",-0.00417870405153208
"8786526","B5I",-0.00302648464755692
"8786527","B5I",-0.00362647429354178
"8786532","B5I",-0.00410331151422442
"8786579","B5I",0.00509321527885285
"8786581","B5I",-0.00353908154929605
"8786585","B5I",-0.000630735457694887
"8786591","B5I",0.0013450459591664
"8786598","B5I",-0.00404568691699998
"8786605","B5I",-0.00165080586499485
"8786612","B5I",-0.00196353308557739
"8786625","B5I",0.00489463798701078
"8786634","B5I",-0.00217695846533594
"8786635","B5I",-0.00140515602995691
"8786636","B5I",-0.00294305591117745
"8786638","B5I",-0.00113847868135512
"8786639","B5I",-0.00622127465248711
"8786660","B5I",0.0020544366008303
"8786674","B5I",0.00334311472327407
"8786676","B5I",0.00317578359019793
"8786677","B5I",0.00101630684012727
"8786679","B5I",0.00247803048463694
"8786680","B5I",0.00425225249128849
"8786681","B5I",-0.000154557006280024
"8786683","B5I",0.000414444309206394
"8786686","B5I",0.00553356153667758
"8786688","B5I",0.00483928034384107
"8786689","B5I",9.50375387586595e-05
"8786694","B5I",0.000611988242795849
"8786695","B5I",0.00310398859673205
"8786697","B5I",-0.00020771134495765
"8786698","B5I",-0.000138960598442089
"8786699","B5I",0.00280666406848618
"8786700","B5I",0.0012690092163872
"8786701","B5I",-0.00174518687898691
"8786704","B5I",-0.00161345630712947
"8786706","B5I",0.00505597837983408
"8786707","B5I",0.00572548511282353
"8786709","B5I",-0.00307956975551295
"8786711","B5I",0.0065330841621527
"8786713","B5I",-0.00061044510675915
"8786715","B5I",-0.00703446051477142
"8786726","B5I",-0.00215857510595648
"8786729","B5I",0.00431653519390248
"8786739","B5I",-0.00591641196785003
"8786759","B5I",0.00436534123474837
"8786763","B5I",0.000319638217042487
"8786764","B5I",-0.002084580705097
"8786770","B5I",-0.0034881598435944
"8786785","B5I",0.00571413812992858
"8786787","B5I",0.00332172223151021
"8786792","B5I",0.000287945807676207
"8786793","B5I",0.00541895303489941
"8786794","B5I",0.00219748087148181
"8786796","B5I",0.00107992373199019
"8786798","B5I",-0.00133143759649939
"8786799","B5I",-0.00325795925291062
"8786800","B5I",-0.000243307894141375
"8786803","B5I",-0.00190766103532187
"8786819","B5I",-0.00370523231602549
"8786820","B5I",0.00143181560201451
"8786825","B5I",0.00146186651960906
"8786839","B5I",-0.00243471033690842
"8786843","B5I",-0.00161646869798007
"8786861","B5I",-0.0060663312979187
"8786868","B5I",0.0013070683356653
"8786870","B5I",-0.000521366990016932
"8786873","B5I",-0.00533707938474168
"8786911","B5I",0.00622006555834608
"8786963","B5I",0.00750441099594664
"8786966","B5I",-0.00129583722575862
"8786967","B5I",-0.00130631195684083
"8786968","B5I",-0.000223741341888714
"8786976","B5I",0.00485150228129739
"8786978","B5I",0.00100398016879967
"8786980","B5I",0.00238995637526227
"8786998","B5I",0.00491204577326024
"8787000","B5I",0.00814082408888387
"8787002","B5I",0.000684094693682007
"8787004","B5I",-0.00298885687482753
"8787008","B5I",0.000328939008237157
"8787017","B5I",-0.0061965778361872
"8787023","B5I",0.00736669184327758
"8787027","B5I",0.0018260967268791
"8787038","B5I",0.00364122085653544
"8787042","B5I",0.00277280117911148
"8787043","B5I",0.00229475902364927
"8787050","B5I",-0.000783121402539038
"8787052","B5I",0.00974385786088047
"8787059","B5I",-0.0116324034824872
"8787084","B5I",-0.00289733148607449
"8787091","B5I",0.00170045939187441
"8787099","B5I",0.000979553576083534
"8787107","B5I",-0.00380002471570027
"8787111","B5I",0.0034321206188282
"8787121","B5I",-0.00412406215735615
"8787127","B5I",0.00830289545871401
"8787131","B5I",0.00147937776085724
"8787150","B5I",0.00617931958118456
"8787153","B5I",0.00795739697113983
"8787155","B5I",-0.00380373875275132
"8787156","B5I",0.00511685644971471
"8787160","B5I",0.00871072555021883
"8787161","B5I",0.00743272759189214
"8787164","B5I",0.00300458499455479
"8787176","B5I",0.00117442883165154
"8787179","B5I",0.00387704586009524
"8787182","B5I",-0.000408654156712343
"8787187","B5I",-0.000414975602207554
"8787193","B5I",-5.12453423284054e-05
"8787196","B5I",-0.00166021495964608
"8787197","B5I",0.000469846077691075
"8787204","B5I",0.00582635685332682
"8787221","B5I",-0.00403372095047899
"8787223","B5I",-0.00753349944098914
"8787224","B5I",-0.00170998930992967
"8787229","B5I",0.00361137309047835
"8787235","B5I",0.00812175651824741
"8787281","B5I",-0.00124813044019593
"8787303","B5I",-0.000207906900596354
"8787305","B5I",0.000558115815955358
"8787309","B5I",-0.00141133441389166
"8787332","B5I",-0.000952080476257959
"8787337","B5I",0.00323960442118669
"8787344","B5I",0.0049156761005443
"8787345","B5I",-0.000490539610698626
"8787380","B5I",-0.000994003646296331
"8787385","B5I",-0.00285983653714279
"8787393","B5I",0.00050986128482172
"8787407","B5I",-0.00296104282076447
"8787414","B5I",-0.00498409709682817
"8787415","B5I",-0.00136178029625647
"8787421","B5I",0.00281520090738925
"8787423","B5I",-0.00462774637123542
"8787424","B5I",-0.010154367454785
"8787425","B5I",-5.57585396143832e-06
"8787438","B5I",0.00137997851288705
"8787441","B5I",-0.000787253738803485
"8787453","B5I",-0.000210749794295598
"8787467","B5I",0.00382255863936079
"8787471","B5I",-0.00637552687823854
"8787472","B5I",0.00539183189853991
"8787473","B5I",-0.00254741094343647
"8787481","B5I",0.000222294187802141
"8787495","B5I",-0.00177832374192537
"8787521","B5I",0.00297833754310884
"8787526","B5I",-0.000705129953042703
"8787530","B5I",-0.00173261956398952
"8787532","B5I",0.00106803237159647
"8787534","B5I",-0.000154334637238765
"8787535","B5I",0.00239609133096266
"8787536","B5I",0.004401352024045
"8787538","B5I",-0.00495342429101226
"8787539","B5I",-0.00207340507007512
"8787540","B5I",0.00452394724230412
"8787541","B5I",0.00375447804150168
"8787543","B5I",0.000784941911024984
"8787547","B5I",-0.00245496891074332
"8787552","B5I",-0.00411230923732065
"8787554","B5I",0.0076485766014928
"8787557","B5I",-0.00107591543529562
"8787568","B5I",-0.005212507363645
"8787569","B5I",-0.00408380143068793
"8787570","B5I",-0.00222266338805297
"8787572","B5I",-0.00287552288811283
"8787573","B5I",-0.00160321694691204
"8787574","B5I",0.00326467413709305
"8787578","B5I",-0.00141162463559527
"8787580","B5I",0.000541938094273715
"8787582","B5I",0.00691237192435445
"8787584","B5I",-0.00154821443784678
"8787590","B5I",0.0010358793258857
"8787592","B5I",0.00391783347184686
"8787604","B5I",-0.00128792627367916
"8787618","B5I",-0.00409250241431817
"8787628","B5I",-0.00154283251952739
"8787630","B5I",-0.00120223364469311
"8787658","B5I",-0.00294747450746195
"8787668","B5I",-0.00147572043861586
"8787670","B5I",-0.00525878156635397
"8787676","B5I",0.002533555618674
"8787690","B5I",0.00180480154806714
"8787692","B5I",-0.00581611662290595
"8787702","B5I",-0.0102550964993836
"8787707","B5I",-0.000881432256925323
"8787759","B5I",-0.00309660922123258
"7806808","B2IR",-0.00355549612059463
"8786051","B2IR",-0.00110996559367025
"8786059","B2IR",-0.000422499685389775
"8786066","B2IR",-0.00368491529660288
"8786068","B2IR",-0.00481489599916033
"8786077","B2IR",-0.000239347206672849
"8786086","B2IR",0.00313896469892712
"8786087","B2IR",-0.00936145666810462
"8786092","B2IR",-0.00174111144165547
"8786093","B2IR",7.20948514154397e-05
"8786094","B2IR",0.00437450417087205
"8786096","B2IR",-0.00136143740316176
"8786102","B2IR",-0.0067730076805417
"8786104","B2IR",-0.00403522105769394
"8786115","B2IR",-0.00177378375485081
"8786132","B2IR",-0.00803105664389079
"8786136","B2IR",-0.00621785572208016
"8786147","B2IR",-0.00580845533461334
"8786149","B2IR",0.0068135317299189
"8786150","B2IR",0.00393160623885157
"8786159","B2IR",-0.00371974781770155
"8786160","B2IR",0.00490352970466797
"8786165","B2IR",0.00397457148056675
"8786172","B2IR",-0.001149538801303
"8786179","B2IR",-0.00136313030724477
"8786193","B2IR",0.00372973153934465
"8786198","B2IR",-0.0010950621028562
"8786202","B2IR",0.00135038660219353
"8786213","B2IR",0.00712763379454668
"8786234","B2IR",0.000844220606992566
"8786238","B2IR",0.000201831957552076
"8786246","B2IR",0.00429788885801175
"8786247","B2IR",-0.000630468052149664
"8786251","B2IR",-0.00079560291455993
"8786257","B2IR",-0.0121767320173774
"8786258","B2IR",-0.00445589497615795
"8786269","B2IR",0.00253589252414832
"8786275","B2IR",0.000690393542678534
"8786276","B2IR",0.000897076128848098
"8786279","B2IR",-0.00512442259718859
"8786281","B2IR",-0.00410225522964061
"8786285","B2IR",5.50516834352518e-05
"8786286","B2IR",-0.00572372640758931
"8786301","B2IR",-0.0020593274629423
"8786303","B2IR",0.00551353647913555
"8786304","B2IR",0.00119681519088267
"8786309","B2IR",-0.00798563224989608
"8786313","B2IR",-0.00552530665825883
"8786320","B2IR",-0.00159152936764782
"8786324","B2IR",-0.00253064167368967
"8786329","B2IR",-0.00475506010406886
"8786337","B2IR",-0.00143737601001211
"8786340","B2IR",-0.00219851834704376
"8786345","B2IR",-0.00325868561086689
"8786347","B2IR",0.00186748759166068
"8786350","B2IR",0.00146390483520374
"8786352","B2IR",-0.00300727239672913
"8786353","B2IR",0.00210407183958808
"8786357","B2IR",0.00713704530944796
"8786359","B2IR",-0.00167039521994707
"8786362","B2IR",-0.00138669826262115
"8786366","B2IR",-0.00442908173585661
"8786367","B2IR",-0.00910273066627865
"8786368","B2IR",0.000892543811041669
"8786372","B2IR",-0.00327011665818934
"8786374","B2IR",-0.00658882145487175
"8786375","B2IR",-0.00579573973046051
"8786376","B2IR",-0.00223369596215952
"8786377","B2IR",-0.000747602155542739
"8786379","B2IR",0.00324691394358953
"8786382","B2IR",-0.00294832153792069
"8786389","B2IR",-0.000378436204038967
"8786391","B2IR",-0.00178752484371553
"8786406","B2IR",-0.00311008907701552
"8786424","B2IR",0.0017298853245406
"8786441","B2IR",-0.00649536302436944
"8786442","B2IR",-0.00451497138613407
"8786444","B2IR",-0.000564607543425099
"8786447","B2IR",-0.00427253298276691
"8786455","B2IR",-0.0010308534659875
"8786458","B2IR",0.00234513338775481
"8786462","B2IR",-0.00108763482517353
"8786479","B2IR",-0.0037264032548383
"8786483","B2IR",-0.00362827782730143
"8786484","B2IR",-0.0021827617329383
"8786487","B2IR",0.00406108495668673
"8786488","B2IR",0.00057424358315963
"8786491","B2IR",0.0106184703870369
"8786492","B2IR",-0.00554147290158046
"8786493","B2IR",0.00217473076373944
"8786495","B2IR",0.00250542413153229
"8786504","B2IR",0.00446762617514523
"8786507","B2IR",0.00218485302532215
"8786508","B2IR",0.000349091877597655
"8786524","B2IR",-0.000215123179542826
"8786525","B2IR",0.00229300832136949
"8786526","B2IR",-0.00110489242931166
"8786527","B2IR",0.00542684865858289
"8786532","B2IR",-0.00520214088475316
"8786579","B2IR",0.000659638629841472
"8786581","B2IR",-0.00437263435874027
"8786585","B2IR",0.00292293440931324
"8786591","B2IR",0.00120125769393709
"8786598","B2IR",0.00191741443930242
"8786605","B2IR",-0.000621520509486468
"8786612","B2IR",6.91068306812881e-05
"8786625","B2IR",0.00121134125770327
"8786634","B2IR",-0.000552574127227621
"8786635","B2IR",-0.00348695173691745
"8786636","B2IR",-0.00379616549404852
"8786638","B2IR",-0.00158712707478465
"8786639","B2IR",-0.00109039774575182
"8786660","B2IR",0.000886633377575619
"8786674","B2IR",0.000396078835810342
"8786676","B2IR",-0.00164737141543714
"8786677","B2IR",0.00305183498976133
"8786679","B2IR",0.00524590565905377
"8786680","B2IR",0.00647420226347096
"8786681","B2IR",0.00701257535441451
"8786683","B2IR",0.00700983786783622
"8786686","B2IR",0.000983161226710521
"8786688","B2IR",0.00167944991604178
"8786689","B2IR",-0.000795181024543975
"8786694","B2IR",-0.00154976844015097
"8786695","B2IR",0.00355722652299634
"8786697","B2IR",-0.00252087399375505
"8786698","B2IR",0.000939663601476892
"8786699","B2IR",0.00251057731943337
"8786700","B2IR",-0.000905698389528838
"8786701","B2IR",0.00172724940051996
"8786704","B2IR",0.00668395291477096
"8786706","B2IR",-0.00130999758274179
"8786707","B2IR",0.00495289578077492
"8786709","B2IR",-0.0018664789177758
"8786711","B2IR",0.000358770823054317
"8786713","B2IR",0.00297621152363679
"8786715","B2IR",0.00197482170396303
"8786726","B2IR",0.00202086047011437
"8786729","B2IR",0.000279714796230433
"8786739","B2IR",0.00697033364174983
"8786759","B2IR",0.00783949934439579
"8786763","B2IR",0.00365379805567968
"8786764","B2IR",0.0100060421655824
"8786770","B2IR",-0.00262496190081319
"8786785","B2IR",0.00205832046446851
"8786787","B2IR",0.00102135555168207
"8786792","B2IR",0.00944765657151965
"8786793","B2IR",0.00548249452116261
"8786794","B2IR",0.00663686715666823
"8786796","B2IR",0.000895614691233417
"8786798","B2IR",-0.000919829151456656
"8786799","B2IR",0.00395518778159594
"8786800","B2IR",-0.00197940995201472
"8786803","B2IR",0.00741531866334776
"8786819","B2IR",0.00102740398879962
"8786820","B2IR",-0.00637084426806941
"8786825","B2IR",0.00305733186946114
"8786839","B2IR",-0.00969463223545001
"8786843","B2IR",-0.00659984414274758
"8786861","B2IR",-0.00335386762187041
"8786868","B2IR",-0.00382633205426807
"8786870","B2IR",-0.00156764250872247
"8786873","B2IR",-0.00263951452542005
"8786911","B2IR",-0.00110444316340195
"8786963","B2IR",0.00725433020433952
"8786966","B2IR",0.00481160281752947
"8786967","B2IR",0.00282729195452443
"8786968","B2IR",0.00552655672754281
"8786976","B2IR",0.00111268345318194
"8786978","B2IR",-0.00205864360497945
"8786980","B2IR",0.00600502431324225
"8786998","B2IR",0.010713909486595
"8787000","B2IR",-0.000514897371212269
"8787002","B2IR",0.000891802218671935
"8787004","B2IR",0.00791942513081567
"8787008","B2IR",-0.00132245615320502
"8787017","B2IR",0.00672647564688269
"8787023","B2IR",-0.000732560909638697
"8787027","B2IR",0.00468237130342827
"8787038","B2IR",0.0051803404549627
"8787042","B2IR",-0.000646452264289706
"8787043","B2IR",-0.00133189816286171
"8787050","B2IR",0.00437261986920441
"8787052","B2IR",0.00555310093206315
"8787059","B2IR",-0.00306664621368964
"8787084","B2IR",-0.00811640967161535
"8787091","B2IR",0.00851145386422197
"8787099","B2IR",-0.00150389320330717
"8787107","B2IR",0.00100673704539282
"8787111","B2IR",-0.00554896147936893
"8787121","B2IR",0.000918620687858647
"8787127","B2IR",0.00877549973605272
"8787131","B2IR",0.000340244273375207
"8787150","B2IR",0.00308513016354424
"8787153","B2IR",0.00177360788794992
"8787155","B2IR",0.00224788618594938
"8787156","B2IR",0.0037812356590306
"8787160","B2IR",0.00427276970955783
"8787161","B2IR",0.00175522614712788
"8787164","B2IR",0.00587894324367717
"8787176","B2IR",6.60769995810941e-05
"8787179","B2IR",0.00386741852529121
"8787182","B2IR",-0.00354568815326013
"8787187","B2IR",-0.0039059669439128
"8787193","B2IR",-0.0047194838861695
"8787196","B2IR",-0.00274666736125672
"8787197","B2IR",0.000549092710858225
"8787204","B2IR",0.000558908276529387
"8787221","B2IR",-0.00189700737909983
"8787223","B2IR",-0.00141986020774665
"8787224","B2IR",0.000415633748896438
"8787229","B2IR",-0.00418067309634789
"8787235","B2IR",-0.00363015746659627
"8787281","B2IR",-0.00111771308156385
"8787303","B2IR",-0.000117178641109998
"8787305","B2IR",0.00264103268212721
"8787309","B2IR",0.00396779694763112
"8787332","B2IR",0.00388259622702098
"8787337","B2IR",-0.00147144443488302
"8787344","B2IR",0.00487813107535273
"8787345","B2IR",0.00201357552042105
"8787380","B2IR",0.00203187888582771
"8787385","B2IR",-0.00259575391149591
"8787393","B2IR",-0.00663187738948385
"8787407","B2IR",0.00297500878515059
"8787414","B2IR",-0.00437513751996484
"8787415","B2IR",-0.00420277739609823
"8787421","B2IR",0.000670974010797386
"8787423","B2IR",-0.00141543376381455
"8787424","B2IR",-0.000191008373192064
"8787425","B2IR",-0.00771576749292585
"8787438","B2IR",-0.00181251320377674
"8787441","B2IR",-0.00216538637001369
"8787453","B2IR",0.00317895143996223
"8787467","B2IR",0.00266457020482842
"8787471","B2IR",0.00252579884561224
"8787472","B2IR",-0.00553675051184787
"8787473","B2IR",0.00172298878540657
"8787481","B2IR",0.000348988103289396
"8787495","B2IR",-0.00669805194382284
"8787521","B2IR",-0.00185191531878674
"8787526","B2IR",0.00323098640082958
"8787530","B2IR",0.00120232007010506
"8787532","B2IR",-0.00630512199854869
"8787534","B2IR",-0.00506757098096723
"8787535","B2IR",0.004074593349793
"8787536","B2IR",-0.00421999977232208
"8787538","B2IR",0.00192866646855951
"8787539","B2IR",-0.0016394810079534
"8787540","B2IR",-0.000724957215007395
"8787541","B2IR",0.00140613269471849
"8787543","B2IR",0.00266706780097531
"8787547","B2IR",-0.000882939093683641
"8787552","B2IR",-0.00313057121632281
"8787554","B2IR",0.00501239470282118
"8787557","B2IR",-0.0065835204928039
"8787568","B2IR",0.00295636322893711
"8787569","B2IR",-0.00156174582276189
"8787570","B2IR",0.00225887231079825
"8787572","B2IR",0.0022025894965761
"8787573","B2IR",0.00313904603194873
"8787574","B2IR",0.00100663795727266
"8787578","B2IR",-0.00890792233854799
"8787580","B2IR",-0.00451376886385515
"8787582","B2IR",0.00833169937641477
"8787584","B2IR",-0.00493353633455169
"8787590","B2IR",0.00332395698154417
"8787592","B2IR",-0.00156980404236721
"8787604","B2IR",-0.00247865549454778
"8787618","B2IR",-0.00130491973282137
"8787628","B2IR",-0.00613084533922642
"8787630","B2IR",-0.000640923840018429
"8787658","B2IR",0.000173546354167044
"8787668","B2IR",-0.00752744949961969
"8787670","B2IR",0.000922373831763269
"8787676","B2IR",-0.00118223027614806
"8787690","B2IR",0.000531955826866907
"8787692","B2IR",-0.000234858343259803
"8787702","B2IR",-0.00602441519264275
"8787707","B2IR",-0.00779407309553772
"8787759","B2IR",0.00226831010139493
"7806808","F5I",0.00883273742083465
"8786051","F5I",-0.007064118521226
"8786059","F5I",-0.00504534840663095
"8786066","F5I",0.00402457990480003
"8786068","F5I",-0.0066633597781903
"8786077","F5I",-0.00604325440656216
"8786086","F5I",0.00487075572819017
"8786087","F5I",-0.00353563566490062
"8786092","F5I",0.00458072627899481
"8786093","F5I",-0.00193037566493219
"8786094","F5I",0.00292993186967783
"8786096","F5I",-0.00344012392049032
"8786102","F5I",-0.00335551083126994
"8786104","F5I",-0.00106042810256865
"8786115","F5I",0.00144684975140306
"8786132","F5I",-0.00235211173875556
"8786136","F5I",0.00109421376058152
"8786147","F5I",-0.00246501911378075
"8786149","F5I",-0.00126683860007342
"8786150","F5I",-0.00283653412032611
"8786159","F5I",0.000419612117360096
"8786160","F5I",0.00142686885077711
"8786165","F5I",0.00530342954797809
"8786172","F5I",-0.00122138142581371
"8786179","F5I",0.00410055962647111
"8786193","F5I",-0.00032037189859749
"8786198","F5I",-0.00604716523115641
"8786202","F5I",0.000800230917067508
"8786213","F5I",0.00169857036190858
"8786234","F5I",-4.15974073791681e-05
"8786238","F5I",-0.00588941022552022
"8786246","F5I",-0.00272279854765743
"8786247","F5I",-6.88762664985156e-05
"8786251","F5I",-0.00451459814048283
"8786257","F5I",0.00200270604447878
"8786258","F5I",0.00119203074419065
"8786269","F5I",-0.00206604717738228
"8786275","F5I",0.00524407786897979
"8786276","F5I",0.000372112926384727
"8786279","F5I",-0.00619658788015393
"8786281","F5I",0.00113312003212913
"8786285","F5I",0.000838096341413864
"8786286","F5I",-0.00234489801810676
"8786301","F5I",-0.00126586049404593
"8786303","F5I",-0.00239027817717764
"8786304","F5I",0.00384956355034465
"8786309","F5I",0.000160162227841956
"8786313","F5I",0.000127650340851663
"8786320","F5I",0.00542006544887836
"8786324","F5I",-0.00362460798594811
"8786329","F5I",0.00309276193166028
"8786337","F5I",0.00258092847954387
"8786340","F5I",-0.0055318630299016
"8786345","F5I",-0.00805037371656122
"8786347","F5I",-0.00149419201609865
"8786350","F5I",0.00292671377892633
"8786352","F5I",-0.0088856271166193
"8786353","F5I",0.00430065225367618
"8786357","F5I",-0.007176913268545
"8786359","F5I",-0.00390249222724008
"8786362","F5I",-0.00135576122377337
"8786366","F5I",-0.00064606905175948
"8786367","F5I",-0.00623283714933086
"8786368","F5I",0.000494336360310313
"8786372","F5I",-0.00292362918575462
"8786374","F5I",-0.0056862668268054
"8786375","F5I",-0.00797766854403252
"8786376","F5I",-0.0121924718798126
"8786377","F5I",0.000239165505360671
"8786379","F5I",0.000609378903235865
"8786382","F5I",-0.00153261441400211
"8786389","F5I",0.000443347824703163
"8786391","F5I",-0.00366020322393701
"8786406","F5I",-0.00144745044659882
"8786424","F5I",-0.000970490593411259
"8786441","F5I",0.00417866219662355
"8786442","F5I",-0.00406952662263983
"8786444","F5I",0.0027388036294258
"8786447","F5I",-0.00417816639276516
"8786455","F5I",-0.00529118412251075
"8786458","F5I",-0.00226913934911357
"8786462","F5I",-0.00432601906493498
"8786479","F5I",0.000854393755358178
"8786483","F5I",-0.0114820607224768
"8786484","F5I",0.00163237781818863
"8786487","F5I",0.000608437801641123
"8786488","F5I",0.00413199318074914
"8786491","F5I",0.00680435954865919
"8786492","F5I",-0.00268359512995005
"8786493","F5I",0.00640413683572
"8786495","F5I",0.00543624727072709
"8786504","F5I",-0.000542256899675215
"8786507","F5I",0.000496822994671014
"8786508","F5I",-3.92002140166659e-05
"8786524","F5I",0.000160244393223346
"8786525","F5I",-0.000167860667626801
"8786526","F5I",0.00519134844448816
"8786527","F5I",-0.00157071108798445
"8786532","F5I",0.00233739874266182
"8786579","F5I",0.00773969585871319
"8786581","F5I",0.00211367296556446
"8786585","F5I",0.00149305612499355
"8786591","F5I",0.000897120483116483
"8786598","F5I",-0.00687636216808862
"8786605","F5I",-0.000955810020610029
"8786612","F5I",-0.000181568387757582
"8786625","F5I",-0.00476205756538743
"8786634","F5I",-0.00535686293846638
"8786635","F5I",0.000540427585342396
"8786636","F5I",-0.00461112187922972
"8786638","F5I",-0.00280130547714198
"8786639","F5I",0.000365459964984206
"8786660","F5I",-0.0027687558741059
"8786674","F5I",0.00394173548550966
"8786676","F5I",0.0076692617368397
"8786677","F5I",0.00155109868864522
"8786679","F5I",0.00191289354062451
"8786680","F5I",0.00423799704960377
"8786681","F5I",0.00595335218314343
"8786683","F5I",-0.000205550933234245
"8786686","F5I",0.00574532869621493
"8786688","F5I",-0.00360592809961825
"8786689","F5I",0.00329869402475961
"8786694","F5I",0.000646788784924527
"8786695","F5I",-0.00523143787954625
"8786697","F5I",-0.00499612745958444
"8786698","F5I",-9.51974723696839e-05
"8786699","F5I",0.00324660812387686
"8786700","F5I",0.00812154756241814
"8786701","F5I",0.00232028755800416
"8786704","F5I",-0.00377630203732611
"8786706","F5I",-0.000859326520433457
"8786707","F5I",0.0047476122894673
"8786709","F5I",-0.0120543350891901
"8786711","F5I",-0.0043648041249918
"8786713","F5I",0.00521125043620552
"8786715","F5I",0.00210309924807941
"8786726","F5I",-0.00338177293151724
"8786729","F5I",0.00207677772540967
"8786739","F5I",0.000954643157051392
"8786759","F5I",-0.00134289944383534
"8786763","F5I",0.00112852599913271
"8786764","F5I",-0.0012942562815021
"8786770","F5I",-0.00224865556046119
"8786785","F5I",0.0130961638001213
"8786787","F5I",0.00373604298371837
"8786792","F5I",0.00162750417563566
"8786793","F5I",-0.00614626871345047
"8786794","F5I",0.00486457564954613
"8786796","F5I",0.00624772960032625
"8786798","F5I",-0.00268017216752464
"8786799","F5I",1.76717715461784e-05
"8786800","F5I",-0.000721753770895278
"8786803","F5I",0.00111963897260303
"8786819","F5I",0.00593752970313886
"8786820","F5I",-0.000296499041250988
"8786825","F5I",-0.0026814770373594
"8786839","F5I",-0.00224562126293289
"8786843","F5I",0.000709557172000847
"8786861","F5I",0.0014571879118111
"8786868","F5I",3.24407504075272e-05
"8786870","F5I",-0.00476494421667335
"8786873","F5I",-0.00168679765830601
"8786911","F5I",0.00179355274165874
"8786963","F5I",0.00309051253800407
"8786966","F5I",-0.0060559826723018
"8786967","F5I",-0.00196198400867705
"8786968","F5I",0.00920689577776715
"8786976","F5I",0.000685077540875801
"8786978","F5I",0.000555408844393585
"8786980","F5I",-0.00134219672786023
"8786998","F5I",-0.0032041020582787
"8787000","F5I",-0.00153845611109259
"8787002","F5I",0.00125673700731079
"8787004","F5I",-0.00321108146698263
"8787008","F5I",0.000423140819845537
"8787017","F5I",0.00456914453929146
"8787023","F5I",-0.00180940455148525
"8787027","F5I",-0.00794850168972524
"8787038","F5I",-0.00389195789119613
"8787042","F5I",0.00634391663381653
"8787043","F5I",0.00190613284148845
"8787050","F5I",-0.00184203943068359
"8787052","F5I",0.00815722267244315
"8787059","F5I",-0.0021894357591234
"8787084","F5I",-0.00663312961443631
"8787091","F5I",0.00339090885495359
"8787099","F5I",0.00352152210494284
"8787107","F5I",0.00557504314620981
"8787111","F5I",0.00506612760604557
"8787121","F5I",8.37985320773094e-05
"8787127","F5I",0.0018352805119575
"8787131","F5I",0.00461891876425434
"8787150","F5I",-0.00123349975198816
"8787153","F5I",0.00787579470495963
"8787155","F5I",-0.002172935742114
"8787156","F5I",-0.000445662222170199
"8787160","F5I",0.00311566080612921
"8787161","F5I",0.00373908625195328
"8787164","F5I",0.00179401783129237
"8787176","F5I",-0.00270351150195183
"8787179","F5I",-0.00386965747206228
"8787182","F5I",0.00361340494249445
"8787187","F5I",0.00366020512542316
"8787193","F5I",-0.00530848675852756
"8787196","F5I",-0.00142063096967749
"8787197","F5I",-0.00296191531977164
"8787204","F5I",-0.00306954639383801
"8787221","F5I",0.00414194306254049
"8787223","F5I",-0.00217805158809667
"8787224","F5I",-0.00771514651081991
"8787229","F5I",-0.000261294713206012
"8787235","F5I",0.0117785402669343
"8787281","F5I",-0.00622521041602592
"8787303","F5I",0.00912486448124209
"8787305","F5I",-0.00695700333523703
"8787309","F5I",0.00609557572806832
"8787332","F5I",0.00465970039296977
"8787337","F5I",0.00024090990568822
"8787344","F5I",0.00316599485477658
"8787345","F5I",-0.00272797252798725
"8787380","F5I",0.00266287163817018
"8787385","F5I",0.000852412055411731
"8787393","F5I",-0.00284145732777111
"8787407","F5I",-0.00249812813516228
"8787414","F5I",0.00268589080671265
"8787415","F5I",-0.00420453252326614
"8787421","F5I",0.00311577464212341
"8787423","F5I",0.00292784501939982
"8787424","F5I",0.00191008097885708
"8787425","F5I",0.00245027301185988
"8787438","F5I",0.00856550272851573
"8787441","F5I",-0.000694466780083326
"8787453","F5I",0.00157802042818929
"8787467","F5I",-0.00509208404004056
"8787471","F5I",-0.00324414868635191
"8787472","F5I",0.000481503729474746
"8787473","F5I",-0.000382747061507329
"8787481","F5I",0.00146988002899492
"8787495","F5I",-0.000907081796887781
"8787521","F5I",0.00155843918711375
"8787526","F5I",-0.00109481795613499
"8787530","F5I",0.00237073201807452
"8787532","F5I",0.00182127587790287
"8787534","F5I",-0.00574137900624625
"8787535","F5I",0.00224773152779946
"8787536","F5I",-0.000348575931913996
"8787538","F5I",0.00127478432731779
"8787539","F5I",-0.000958521445134446
"8787540","F5I",0.00513989137460477
"8787541","F5I",-0.00343259336595111
"8787543","F5I",-0.00145699169392093
"8787547","F5I",4.81180202017338e-05
"8787552","F5I",0.000612241498609134
"8787554","F5I",0.000685499893920863
"8787557","F5I",-0.00387248065691216
"8787568","F5I",0.000503620146581628
"8787569","F5I",-0.00319126101262548
"8787570","F5I",0.00367239986910218
"8787572","F5I",0.000814671057759751
"8787573","F5I",-0.0037694373414877
"8787574","F5I",0.00108847882301684
"8787578","F5I",0.00757091739506979
"8787580","F5I",0.000500619737474073
"8787582","F5I",0.0016759879012544
"8787584","F5I",8.74906559850804e-05
"8787590","F5I",-0.0038992743361645
"8787592","F5I",-0.0025251224730178
"8787604","F5I",0.00480795246526708
"8787618","F5I",-0.0032863009351313
"8787628","F5I",0.00256775052445818
"8787630","F5I",0.00427667249096738
"8787658","F5I",-0.000425738558418622
"8787668","F5I",-0.000776405051897276
"8787670","F5I",0.00217924628201837
"8787676","F5I",0.00163678400590516
"8787690","F5I",-0.00676856275019617
"8787692","F5I",-0.00302328038243447
"8787702","F5I",-0.00481447619495387
"8787707","F5I",-0.0057163343896473
"8787759","F5I",-0.00474228517940974
