"GID","Env","Predicted_value","Standard_error","Prediction_error_variance","Reliability"
"7806808","B5I",6.36078279441812,0.231610941867445,0.053643628392725,NA
"8786051","B5I",6.10134823951153,0.265583321974376,0.070534500910945,NA
"8786059","B5I",6.18133932285029,0.226306766370311,0.0512147525049867,NA
"8786066","B5I",6.22533542325151,0.265668726919929,0.0705798724632559,NA
"8786068","B5I",6.18161453995037,0.248681990506657,0.0618427324023532,NA
"8786077","B5I",6.08669113254972,0.218872940750152,0.0479053641926195,NA
"8786086","B5I",6.16111276145071,0.222859228044964,0.0496662355247972,NA
"8786087","B5I",6.11126002366585,0.223544369472349,0.04997208512279,NA
"8786092","B5I",6.27599854813501,0.224014806098228,0.0501826333512266,NA
"8786093","B5I",6.32869942259694,0.264481316172957,0.0699503666045799,NA
"8786094","B5I",6.28000109380797,0.245072245368179,0.0600604054498011,NA
"8786096","B5I",6.25287423589848,0.243116165746546,0.0591054700473019,NA
"8786102","B5I",6.23974336163184,0.23733857445368,0.0563295989237048,NA
"8786104","B5I",6.29709679446808,0.262834135443547,0.0690817827543566,NA
"8786115","B5I",6.12757148457006,0.235890469563774,0.0556443136310179,NA
"8786132","B5I",6.13444719787807,0.247909170890253,0.0614589570114925,NA
"8786136","B5I",6.17610306968076,0.264962027621789,0.0702048760814499,NA
"8786147","B5I",6.15899619123517,0.246275289655057,0.0606515182946822,NA
"8786149","B5I",6.27545747831413,0.224550222087896,0.0504228022397235,NA
"8786150","B5I",6.1911414057156,0.23000036805856,0.052900169307073,NA
"8786159","B5I",6.13974602180069,0.254183513549615,0.0646092585604273,NA
"8786160","B5I",6.14325199508235,0.228460367020887,0.0521941392993182,NA
"8786165","B5I",6.1960797010009,0.226898466014154,0.0514829138795762,NA
"8786172","B5I",6.09811653915673,0.218780851289093,0.0478650608907804,NA
"8786179","B5I",6.07902469663515,0.216701766504724,0.0469596556062681,NA
"8786193","B5I",6.27262935623679,0.222226650646942,0.049384684257758,NA
"8786198","B5I",6.14045795682977,0.216965546392067,0.0470740483212081,NA
"8786202","B5I",6.1465877233584,0.221788544138314,0.0491901583109927,NA
"8786213","B5I",6.17035670678124,0.204724894503014,0.04191228242927,NA
"8786234","B5I",6.15201948591651,0.245861383265173,0.0604478197810643,NA
"8786238","B5I",6.10797287511194,0.23265438349814,0.0541280621608998,NA
"8786246","B5I",6.15338937216563,0.220199955320722,0.0484880203232478,NA
"8786247","B5I",6.13475473626866,0.248451898006224,0.0617283456228954,NA
"8786251","B5I",6.06953800122888,0.245504424185511,0.0602724222946592,NA
"8786257","B5I",5.92313294695994,0.258388270795583,0.0667644984847317,NA
"8786258","B5I",6.09955916592836,0.24257260870141,0.0588414704922075,NA
"8786269","B5I",6.1226496937542,0.245088746271757,0.0600684935490616,NA
"8786275","B5I",6.20012518415156,0.277967945073942,0.0772661784886299,NA
"8786276","B5I",6.18262937435508,0.263448709909542,0.0694052227530022,NA
"8786279","B5I",6.08769717469655,0.272001561015473,0.073984849194854,NA
"8786281","B5I",6.11166588176975,0.220368024106308,0.0485620660485184,NA
"8786285","B5I",5.99146096090539,0.231540541749863,0.0536110224738202,NA
"8786286","B5I",5.95220998268661,0.228159443625558,0.052056731715524,NA
"8786301","B5I",5.92285143131333,0.219496593138449,0.0481787543993856,NA
"8786303","B5I",6.00042963534549,0.248610158154009,0.0618070107373614,NA
"8786304","B5I",6.05794012742788,0.239490981782676,0.0573559303552301,NA
"8786309","B5I",6.04985209255186,0.208059855206966,0.0432889033487437,NA
"8786313","B5I",5.9547224686515,0.232141057408843,0.0538894705348957,NA
"8786320","B5I",5.93178687207586,0.222042701799517,0.0493029614224294,NA
"8786324","B5I",6.02603839774666,0.229717805944807,0.052770270368096,NA
"8786329","B5I",6.25656139541586,0.228183809721561,0.0520678510190456,NA
"8786337","B5I",6.07374305650619,0.228001588447347,0.0519847243345134,NA
"8786340","B5I",6.00342172848599,0.24615394918644,0.0605917667000805,NA
"8786345","B5I",6.16939714533384,0.253959391943535,0.0644953727563301,NA
"8786347","B5I",6.18942596356792,0.239317023574014,0.0572726377723254,NA
"8786350","B5I",6.20455597430529,0.236953840369461,0.056147122465836,NA
"8786352","B5I",6.14147072134711,0.263298167344339,0.0693259249268877,NA
"8786353","B5I",6.19866819398604,0.245004075592015,0.0600269970566976,NA
"8786357","B5I",6.14973803839005,0.2565121896897,0.0657985034594047,NA
"8786359","B5I",6.05098834263493,0.242823118825849,0.0589630670363126,NA
"8786362","B5I",5.99278237114644,0.267128926686256,0.0713578634725513,NA
"8786366","B5I",6.15678045455351,0.222386807792751,0.04945589228025,NA
"8786367","B5I",6.10027222732707,0.238909929290041,0.0570779543133725,NA
"8786368","B5I",6.03768128542081,0.233644145643698,0.0545895867935735,NA
"8786372","B5I",6.01286525755538,0.225985186122702,0.0510693043469123,NA
"8786374","B5I",5.87920555810523,0.272679551971457,0.0743541380633546,NA
"8786375","B5I",5.90149318558052,0.24547070227387,0.0602558656748268,NA
"8786376","B5I",5.96972326170594,0.231508976032696,0.0535964059837072,NA
"8786377","B5I",6.0826033403044,0.250223644433454,0.0626118722335595,NA
"8786379","B5I",6.11773780741329,0.217531536001472,0.0473199691551598,NA
"8786382","B5I",6.05901453440769,0.233241003523362,0.0544013657245848,NA
"8786389","B5I",6.23415010245524,0.239781688443252,0.0574952581126967,NA
"8786391","B5I",6.09242232952387,0.211347694805966,0.0446678480997957,NA
"8786406","B5I",6.1117084701938,0.225359876767475,0.0507870740566514,NA
"8786424","B5I",6.13009051624948,0.227986408846276,0.0519778026186215,NA
"8786441","B5I",6.174185794055,0.235664580116225,0.0555377943213564,NA
"8786442","B5I",6.13314092464284,0.255505474795604,0.0652830476505272,NA
"8786444","B5I",6.20545373762697,0.237876026670674,0.0565850040646273,NA
"8786447","B5I",6.15952429831684,0.228634214086336,0.0522736038508766,NA
"8786455","B5I",6.08627563898482,0.220523959013234,0.0486308164988704,NA
"8786458","B5I",6.09842154836862,0.225957023319399,0.0510565763873633,NA
"8786462","B5I",6.11114747228109,0.225920951591679,0.0510402763680898,NA
"8786479","B5I",6.08718659706312,0.259815011539614,0.0675038402213296,NA
"8786483","B5I",6.13018406995743,0.270534927155481,0.0731891468110212,NA
"8786484","B5I",6.05406109209352,0.244115589800988,0.0595924211838843,NA
"8786487","B5I",6.23476239800605,0.260070163459785,0.0676364899219992,NA
"8786488","B5I",6.24989591576093,0.261149780091892,0.0681992076420436,NA
"8786491","B5I",6.33539963590028,0.229379833458977,0.0526151079976682,NA
"8786492","B5I",6.29733398247711,0.261501249255401,0.0683829033621355,NA
"8786493","B5I",6.34311579988401,0.207372121319275,0.043003196700456,NA
"8786495","B5I",6.3043387845908,0.23368907934577,0.0546105858054736,NA
"8786504","B5I",6.07652504873567,0.260684564188474,0.0679564420061347,NA
"8786507","B5I",6.33325591148046,0.233448574236425,0.0544982368130194,NA
"8786508","B5I",6.279463646999,0.23011217149013,0.0529516114679029,NA
"8786524","B5I",6.2763355939892,0.210359912580576,0.0442512928209077,NA
"8786525","B5I",6.27990864516081,0.237122037243222,0.0562268605463761,NA
"8786526","B5I",6.21551878561232,0.229416745891156,0.0526320432952871,NA
"8786527","B5I",6.16408327718022,0.266946150380831,0.0712602472031452,NA
"8786532","B5I",6.07752997770057,0.224516478098622,0.050407648937809,NA
"8786579","B5I",6.16823745248392,0.228276594855819,0.0521102037589679,NA
"8786581","B5I",6.1551487584424,0.260957801301307,0.0680989740600124,NA
"8786585","B5I",6.23981919091641,0.234021270779087,0.0547659551770588,NA
"8786591","B5I",6.15441058316298,0.211396772823286,0.0446885955600998,NA
"8786598","B5I",6.03202353979959,0.247573330999478,0.0612925542221771,NA
"8786605","B5I",6.04314780638745,0.228432945377574,0.0521816105338736,NA
"8786612","B5I",6.21231145284644,0.226127623464881,0.0511337020938752,NA
"8786625","B5I",6.17678930421305,0.258391166186808,0.0667659947633787,NA
"8786634","B5I",6.10484996910364,0.298863066005337,0.0893191322221102,NA
"8786635","B5I",6.00078229340834,0.260448297367901,0.0678333156018385,NA
"8786636","B5I",5.88976195197319,0.279301535239034,0.0780093475868814,NA
"8786638","B5I",5.93581661392432,0.251917098354622,0.0634622244434122,NA
"8786639","B5I",5.91457881835799,0.260458282840388,0.0678385171001638,NA
"8786660","B5I",6.40244479373585,0.25557685597675,0.0653195293109602,NA
"8786674","B5I",6.35841674683179,0.25280469069377,0.0639102116367725,NA
"8786676","B5I",6.28601779885589,0.221287733427716,0.0489682609655758,NA
"8786677","B5I",6.41651962702917,0.246498094501371,0.0607613105928066,NA
"8786679","B5I",6.37453527737489,0.23605653108853,0.0557226858695501,NA
"8786680","B5I",6.35023740267225,0.263388574024354,0.0693735409265827,NA
"8786681","B5I",6.31867996526402,0.241921592864675,0.0585260570941817,NA
"8786683","B5I",6.37066774491785,0.231920134871192,0.053786948958672,NA
"8786686","B5I",6.15649469874836,0.246666161226594,0.060844195094264,NA
"8786688","B5I",6.2553970408086,0.291265089101014,0.0848353521290215,NA
"8786689","B5I",6.22652324979192,0.277678305508422,0.0771052413500286,NA
"8786694","B5I",6.16731038891322,0.210113604574089,0.0441477268271168,NA
"8786695","B5I",6.13262853376242,0.211644643889013,0.0447934552869073,NA
"8786697","B5I",6.17892999546799,0.26380091086575,0.0695909205735996,NA
"8786698","B5I",6.18804942410609,0.224687168077911,0.0504843234988714,NA
"8786699","B5I",6.25168689737618,0.260982044681059,0.0681116276459064,NA
"8786700","B5I",6.33307659397442,0.273469492807312,0.0747855634962885,NA
"8786701","B5I",6.22331259440045,0.266995068945727,0.0712863668413334,NA
"8786704","B5I",6.33718300183542,0.221732406838234,0.0491652602422761,NA
"8786706","B5I",6.33792643789663,0.20103822436246,0.0404163676548106,NA
"8786707","B5I",6.30445407311772,0.201960208794674,0.0407879259363882,NA
"8786709","B5I",6.23268862533146,0.278966407080705,0.0778222562795178,NA
"8786711","B5I",6.29065933860762,0.250945530325678,0.0629736591904358,NA
"8786713","B5I",6.28974853102022,0.241953094177571,0.0585412997821003,NA
"8786715","B5I",6.29480924569659,0.250189359328956,0.0625947155214336,NA
"8786726","B5I",6.12462635243246,0.250565592780209,0.0627831162852973,NA
"8786729","B5I",6.16645969540678,0.243425893474959,0.0592561656140822,NA
"8786739","B5I",6.35717451358563,0.253437925918252,0.0642307822937452,NA
"8786759","B5I",6.23602590787045,0.217146159982329,0.0471524547950714,NA
"8786763","B5I",6.23488272628494,0.247721484204309,0.0613659337363857,NA
"8786764","B5I",6.25138171012848,0.232262789046982,0.0539460031758831,NA
"8786770","B5I",6.04888035743124,0.194108278170082,0.0376780236541539,NA
"8786785","B5I",6.33923737998924,0.236281502798156,0.0558289485645551,NA
"8786787","B5I",6.43171916708456,0.256038230966012,0.0655555757162049,NA
"8786792","B5I",6.37575327762914,0.266025423530968,0.0707695259648308,NA
"8786793","B5I",6.25912782477622,0.269041385500877,0.0723832671122313,NA
"8786794","B5I",6.45752103000935,0.26060784827711,0.0679164505836249,NA
"8786796","B5I",6.48231489070793,0.236985177450966,0.056161974331466,NA
"8786798","B5I",6.43408712961584,0.258597404289017,0.0668726175050171,NA
"8786799","B5I",6.41578431879417,0.233695707905256,0.0546136838933386,NA
"8786800","B5I",6.26978202355399,0.237034037822487,0.0561851350864324,NA
"8786803","B5I",6.1770681187709,0.209295925084869,0.0438047842571311,NA
"8786819","B5I",6.17147879875402,0.249642310631699,0.0623212832575338,NA
"8786820","B5I",6.10260422280776,0.269514825820068,0.0726382413368215,NA
"8786825","B5I",6.09506434693253,0.267764319539819,0.0716977308186222,NA
"8786839","B5I",6.02226486694199,0.235809883307336,0.0556063010654196,NA
"8786843","B5I",6.11220891499244,0.225127405180483,0.0506823485632973,NA
"8786861","B5I",5.99692634222653,0.264661068163246,0.0700454810013103,NA
"8786868","B5I",6.10501939347997,0.232829491790378,0.0542095722473655,NA
"8786870","B5I",6.11024758192765,0.230616266528922,0.0531838623877386,NA
"8786873","B5I",6.2581412687479,0.208287080829928,0.0433835080406528,NA
"8786911","B5I",6.1414345113208,0.2415168055357,0.058330367356169,NA
"8786963","B5I",6.24173850661383,0.267717352673787,0.0716725809226611,NA
"8786966","B5I",6.23039850033525,0.23945443398783,0.0573384259564322,NA
"8786967","B5I",6.2913617552399,0.222677946299649,0.0495854677682292,NA
"8786968","B5I",6.20724576876533,0.250900523332008,0.0629510726082753,NA
"8786976","B5I",6.33677093725905,0.229577640773648,0.0527058931431941,NA
"8786978","B5I",6.26330324517019,0.244427719584602,0.0597449101013289,NA
"8786980","B5I",6.19393068225028,0.226643181070298,0.0513671315256639,NA
"8786998","B5I",6.31803961778552,0.25426801624877,0.0646522240870846,NA
"8787000","B5I",6.31552220993445,0.23967666122418,0.0574449019355705,NA
"8787002","B5I",6.14575335821805,0.273393698368444,0.0747441143075759,NA
"8787004","B5I",6.15558547146396,0.241770649954873,0.058453047179602,NA
"8787008","B5I",6.32902759878723,0.252874356494621,0.0639454401725687,NA
"8787017","B5I",6.14821923264478,0.259575411690545,0.067379394354316,NA
"8787023","B5I",6.21202043254362,0.245130226495211,0.0600888279415933,NA
"8787027","B5I",6.15675348114929,0.258166657484355,0.0666500230366445,NA
"8787038","B5I",6.20749458742466,0.23694928223167,0.0561449623501037,NA
"8787042","B5I",6.25824445268429,0.231972675514769,0.0538113221854803,NA
"8787043","B5I",6.31581553490546,0.235395343988299,0.0554109679713694,NA
"8787050","B5I",6.2742751679335,0.241849390008974,0.058491127447713,NA
"8787052","B5I",6.34943035034148,0.233505474166724,0.0545248064658267,NA
"8787059","B5I",6.13166286331564,0.257688720004347,0.0664034764174788,NA
"8787084","B5I",6.20698456572605,0.262041386998809,0.0686656885002594,NA
"8787091","B5I",6.30879519803518,0.251312405279717,0.0631579250474765,NA
"8787099","B5I",6.28010677050898,0.24647412995658,0.0607494967378532,NA
"8787107","B5I",6.22479239079878,0.234454344285129,0.0549688395541697,NA
"8787111","B5I",6.22825078311304,0.260759208938083,0.067995365046015,NA
"8787121","B5I",6.24102036694651,0.207759886405696,0.0431641703993076,NA
"8787127","B5I",6.31718728236982,0.223282076418028,0.0498548856495461,NA
"8787131","B5I",6.25982481341825,0.251604095178431,0.0633046207105568,NA
"8787150","B5I",6.40426922344878,0.27395151002087,0.0750494298427148,NA
"8787153","B5I",6.42233484797093,0.242482298544468,0.0587976651074085,NA
"8787155","B5I",6.4993679973584,0.26927057335183,0.0725066416732233,NA
"8787156","B5I",6.3974442105967,0.297155655878946,0.0883014838208465,NA
"8787160","B5I",6.38066632107564,0.274756859275695,0.0754913317190441,NA
"8787161","B5I",6.40443522951198,0.262431681049654,0.0688703872185475,NA
"8787164","B5I",6.35465586335478,0.272331784421731,0.074164600806324,NA
"8787176","B5I",6.083718976491,0.255073814909847,0.065062651052663,NA
"8787179","B5I",6.31460809051395,0.24502938577867,0.0600393998950722,NA
"8787182","B5I",6.27421301514959,0.244015594432963,0.0595436103264725,NA
"8787187","B5I",6.25230286106464,0.241770521822633,0.0584529852223881,NA
"8787193","B5I",6.20338363446605,0.222249493310354,0.0493948372767091,NA
"8787196","B5I",6.27282383046701,0.263704592794278,0.0695401122607961,NA
"8787197","B5I",6.19845188181815,0.232437529756474,0.0540272052392917,NA
"8787204","B5I",6.16144907094376,0.204350261489964,0.0417590293710166,NA
"8787221","B5I",6.11653168947044,0.240536410532419,0.0578577647918204,NA
"8787223","B5I",6.08217794281468,0.224441264443455,0.0503738811849767,NA
"8787224","B5I",6.13852969623585,0.254698549100038,0.0648713509136647,NA
"8787229","B5I",6.22421456377795,0.285508473198004,0.0815150882678555,NA
"8787235","B5I",6.25919349309911,0.236495662460416,0.0559301983625909,NA
"8787281","B5I",6.2718381882239,0.259207870058405,0.0671887199002152,NA
"8787303","B5I",6.27888078515456,0.251614314919435,0.0633097634723768,NA
"8787305","B5I",6.24879876139908,0.248797364751803,0.0619001287074416,NA
"8787309","B5I",6.15858363080826,0.239167953232046,0.0572013098532059,NA
"8787332","B5I",6.31606979807937,0.237615487541302,0.0564611199194906,NA
"8787337","B5I",6.33040109852973,0.275027230757626,0.0756399776582085,NA
"8787344","B5I",6.31613077483686,0.261285335554152,0.0682700265756461,NA
"8787345","B5I",6.27928648508835,0.242365053996259,0.0587408193986097,NA
"8787380","B5I",6.19825775559296,0.213133427069619,0.0454258577344408,NA
"8787385","B5I",6.15830145528104,0.20878854814012,0.0435926578344593,NA
"8787393","B5I",6.05814108520653,0.26291242802118,0.0691229448079919,NA
"8787407","B5I",6.25595106027073,0.25480231858933,0.0649242215584983,NA
"8787414","B5I",6.048503682266,0.24441654147282,0.0597394457455347,NA
"8787415","B5I",6.06451536942219,0.253679257175165,0.0643531655209436,NA
"8787421","B5I",6.23691708332311,0.25219392382741,0.0636017752154654,NA
"8787423","B5I",6.26697539866759,0.242579048296155,0.0588445946722681,NA
"8787424","B5I",6.22211929312323,0.248398168291346,0.0617016500104957,NA
"8787425","B5I",6.24990461088351,0.240813936243754,0.0579913518892107,NA
"8787438","B5I",6.17808703124424,0.206483212792303,0.0426353171650316,NA
"8787441","B5I",6.10677037657195,0.193364305534304,0.0373897546547638,NA
"8787453","B5I",6.08847208039149,0.226110808130534,0.0511260975534432,NA
"8787467","B5I",6.19114496699596,0.229261712379095,0.052560932762995,NA
"8787471","B5I",6.18610765280047,0.211305147323137,0.0446498652852524,NA
"8787472","B5I",6.25667585390888,0.25531110489282,0.0651837602815928,NA
"8787473","B5I",6.3428286080202,0.249001878853243,0.0620019356724452,NA
"8787481","B5I",6.24530603716626,0.205764646341203,0.0423390896839204,NA
"8787495","B5I",6.01516967165515,0.26481373474228,0.0701263141081544,NA
"8787521","B5I",6.2386056795446,0.224163923871228,0.0502494647653459,NA
"8787526","B5I",6.23126391974161,0.249251532923853,0.0621263266648905,NA
"8787530","B5I",6.26684863687154,0.254415562450164,0.0647272784168334,NA
"8787532","B5I",6.19286479380511,0.243484666975643,0.0592847830522399,NA
"8787534","B5I",6.32117980000661,0.319521831322633,0.102094200691769,NA
"8787535","B5I",6.30169923476806,0.235329851634104,0.0553801390701294,NA
"8787536","B5I",6.2738655573873,0.239302701530012,0.057265782959562,NA
"8787538","B5I",6.31488099062226,0.267586548946356,0.0716025611770205,NA
"8787539","B5I",6.09766309996659,0.264060652939855,0.0697280284310227,NA
"8787540","B5I",6.13054955610542,0.256802791482579,0.0659476737132451,NA
"8787541","B5I",6.28068324440118,0.24233396589842,0.0587257510280566,NA
"8787543","B5I",6.23978845185244,0.223095813852237,0.0497717421583919,NA
"8787547","B5I",6.28661300460343,0.292025424823384,0.085278848743278,NA
"8787552","B5I",6.126099080495,0.265455433539712,0.0704665871957565,NA
"8787554","B5I",6.33284765274671,0.278699276078577,0.0776732864867229,NA
"8787557","B5I",6.02960645597757,0.194414442380954,0.0377969754062972,NA
"8787568","B5I",6.09119364553641,0.195127728261171,0.0380748303363655,NA
"8787569","B5I",6.15930368055956,0.22481215414092,0.0505405046494806,NA
"8787570","B5I",6.1986813983132,0.22919396626,0.0525298741699899,NA
"8787572","B5I",6.17829799492719,0.22101450434833,0.0488474111323378,NA
"8787573","B5I",6.20673329656656,0.253446042202155,0.0642348963079366,NA
"8787574","B5I",6.2025020422299,0.254112613470312,0.064573220324712,NA
"8787578","B5I",6.08166596343187,0.244644349561366,0.0598508577723036,NA
"8787580","B5I",6.18077172852278,0.283628136194984,0.0804449196414406,NA
"8787582","B5I",6.10981921608418,0.254750319982982,0.0648977255314318,NA
"8787584","B5I",6.13111656942195,0.248838474185876,0.061920586235155,NA
"8787590","B5I",6.18301938200602,0.232160466335089,0.0538984821289258,NA
"8787592","B5I",6.17077797570441,0.312489652718361,0.0976497830560421,NA
"8787604","B5I",6.26084805312904,0.248139919821721,0.06157341980913,NA
"8787618","B5I",6.31416843754087,0.253616457944272,0.0643213077401987,NA
"8787628","B5I",6.09264551910687,0.246471832764386,0.0607483643462354,NA
"8787630","B5I",6.2841349535742,0.261799594502425,0.0685390276816342,NA
"8787658","B5I",6.18337775956165,0.260298047799779,0.0677550736883763,NA
"8787668","B5I",6.22900414761178,0.250157373163379,0.0625787113480021,NA
"8787670","B5I",6.2886300467628,0.231098059372655,0.053406313045807,NA
"8787676","B5I",6.26863322494416,0.224796141652457,0.0505333053018315,NA
"8787690","B5I",6.24405291740237,0.226000453444304,0.051076204957031,NA
"8787692","B5I",6.04294648517281,0.226126939389258,0.0511333927175531,NA
"8787702","B5I",5.94538470433035,0.228922491196088,0.0524055069754232,NA
"8787707","B5I",6.20113146780495,0.241968657658334,0.0585488312889762,NA
"8787759","B5I",6.01237152965755,0.228171486987045,0.0520622274738791,NA
"7806808","B2IR",6.3607827944182,0.236069458434769,0.0557287892056852,NA
"8786051","B2IR",6.10134823951151,0.272069210918129,0.0740216555296131,NA
"8786059","B2IR",6.18133932285026,0.231523205580669,0.0536029947223489,NA
"8786066","B2IR",6.2253354232515,0.24420639245578,0.0596367621162667,NA
"8786068","B2IR",6.18161453995033,0.23532857958312,0.0553795403686089,NA
"8786077","B2IR",6.08669113254971,0.220930590268313,0.0488103257163052,NA
"8786086","B2IR",6.16111276145073,0.227222997776156,0.0516302907183829,NA
"8786087","B2IR",6.11126002366582,0.222278165649968,0.0494075829247148,NA
"8786092","B2IR",6.27599854813499,0.227364261047615,0.0516945072017278,NA
"8786093","B2IR",6.32869942259696,0.279445739073063,0.0780899210860904,NA
"8786094","B2IR",6.28000109380798,0.254229423002005,0.0646325995199322,NA
"8786096","B2IR",6.25287423589848,0.244239706274023,0.0596530341208208,NA
"8786102","B2IR",6.23974336163188,0.2346813598422,0.055075340657384,NA
"8786104","B2IR",6.29709679446802,0.253747893583241,0.0643879934979317,NA
"8786115","B2IR",6.12757148457005,0.249014890785711,0.0620084158330194,NA
"8786132","B2IR",6.13444719787812,0.251747412056478,0.0633767594771341,NA
"8786136","B2IR",6.17610306968078,0.260545857166096,0.0678841436864156,NA
"8786147","B2IR",6.15899619123516,0.259076534777627,0.0671206508723828,NA
"8786149","B2IR",6.27545747831413,0.241398979808162,0.0582734674524213,NA
"8786150","B2IR",6.19114140571566,0.219904686318811,0.0483580710649746,NA
"8786159","B2IR",6.13974602180067,0.245680987504596,0.0603591476212334,NA
"8786160","B2IR",6.14325199508236,0.22279707795227,0.0496385379440701,NA
"8786165","B2IR",6.196079701001,0.237853191994624,0.0565741409420315,NA
"8786172","B2IR",6.09811653915674,0.22182192277006,0.0492049654214065,NA
"8786179","B2IR",6.07902469663514,0.212384175838116,0.0451070381464358,NA
"8786193","B2IR",6.27262935623679,0.220019892608399,0.0484087531434112,NA
"8786198","B2IR",6.14045795682988,0.227854843481407,0.0519178296979366,NA
"8786202","B2IR",6.14658772335838,0.230549495004723,0.0531530696469328,NA
"8786213","B2IR",6.17035670678124,0.197171564068366,0.0388766256771657,NA
"8786234","B2IR",6.15201948591649,0.230933617538603,0.053330335709466,NA
"8786238","B2IR",6.10797287511191,0.235144399852638,0.0552928887820572,NA
"8786246","B2IR",6.15338937216562,0.231261346804261,0.0534818105257207,NA
"8786247","B2IR",6.13475473626867,0.213712928417535,0.0456732157727983,NA
"8786251","B2IR",6.06953800122885,0.260639272245407,0.0679328302366153,NA
"8786257","B2IR",5.92313294695994,0.271167361681495,0.0735317380413026,NA
"8786258","B2IR",6.09955916592845,0.228556498357597,0.0522380729414863,NA
"8786269","B2IR",6.1226496937542,0.258809646194068,0.0669824329630988,NA
"8786275","B2IR",6.2001251841516,0.254250368649501,0.0646432499584073,NA
"8786276","B2IR",6.18262937435511,0.268935748090644,0.0723264366010743,NA
"8786279","B2IR",6.08769717469672,0.277233391849286,0.0768583535562598,NA
"8786281","B2IR",6.11166588176974,0.223049874452002,0.0497512464930539,NA
"8786285","B2IR",5.99146096090536,0.252261527857853,0.0636358784371782,NA
"8786286","B2IR",5.95220998268658,0.244472288057826,0.0597666996282285,NA
"8786301","B2IR",5.92285143131332,0.243803464269677,0.0594401291898956,NA
"8786303","B2IR",6.00042963534547,0.245860902033614,0.0604475831487823,NA
"8786304","B2IR",6.05794012742783,0.226371191090298,0.0512439161556401,NA
"8786309","B2IR",6.04985209255188,0.184382871840352,0.0339970434280955,NA
"8786313","B2IR",5.95472246865144,0.21579307182188,0.0465666498463232,NA
"8786320","B2IR",5.93178687207588,0.211993875579256,0.044941403283113,NA
"8786324","B2IR",6.0260383977467,0.223716680096617,0.0500491529534523,NA
"8786329","B2IR",6.25656139541588,0.219151659290544,0.0480274497697986,NA
"8786337","B2IR",6.0737430565062,0.233313562932657,0.0544352186483307,NA
"8786340","B2IR",6.00342172848599,0.225052162758324,0.0506484759621992,NA
"8786345","B2IR",6.16939714533387,0.266140203640958,0.0708306079940505,NA
"8786347","B2IR",6.18942596356798,0.258918457290621,0.0670387675257553,NA
"8786350","B2IR",6.20455597430534,0.23468824231234,0.0550785710796556,NA
"8786352","B2IR",6.14147072134715,0.270067685939456,0.0729365549886925,NA
"8786353","B2IR",6.19866819398605,0.221334053512562,0.0489887632443016,NA
"8786357","B2IR",6.14973803839006,0.265293809966087,0.0703808056063225,NA
"8786359","B2IR",6.0509883426349,0.237065606309347,0.0562001016948183,NA
"8786362","B2IR",5.99278237114643,0.251372374583822,0.0631880707039092,NA
"8786366","B2IR",6.15678045455342,0.21705582507897,0.0471132312007124,NA
"8786367","B2IR",6.10027222732704,0.247343890216614,0.0611790000274886,NA
"8786368","B2IR",6.03768128542084,0.243659863019861,0.0593701288468573,NA
"8786372","B2IR",6.01286525755539,0.237185158722722,0.0562567995183228,NA
"8786374","B2IR",5.87920555810527,0.266683721992009,0.071120207575511,NA
"8786375","B2IR",5.90149318558063,0.261031154888162,0.0681372638222474,NA
"8786376","B2IR",5.96972326170594,0.231117442384122,0.0534152721741778,NA
"8786377","B2IR",6.08260334030441,0.257895926712215,0.0665103090147522,NA
"8786379","B2IR",6.1177378074133,0.212791733078851,0.0452803216667008,NA
"8786382","B2IR",6.05901453440762,0.236363973782359,0.0558679281021875,NA
"8786389","B2IR",6.23415010245526,0.25868777408323,0.0669193644601361,NA
"8786391","B2IR",6.09242232952388,0.213099103825751,0.0454112280513381,NA
"8786406","B2IR",6.11170847019373,0.218695440159726,0.0478276955466563,NA
"8786424","B2IR",6.13009051624952,0.231555517004451,0.0536179574551988,NA
"8786441","B2IR",6.17418579405502,0.242628879280825,0.0588687730610694,NA
"8786442","B2IR",6.13314092464282,0.248937467686006,0.0619698628179213,NA
"8786444","B2IR",6.20545373762695,0.250887491006158,0.0629445331433649,NA
"8786447","B2IR",6.15952429831685,0.233850028875807,0.0546858360052159,NA
"8786455","B2IR",6.08627563898481,0.21893831020336,0.0479339836747025,NA
"8786458","B2IR",6.09842154836866,0.206709861890276,0.0427289670026971,NA
"8786462","B2IR",6.11114747228101,0.221710681076096,0.0491556261032265,NA
"8786479","B2IR",6.08718659706309,0.23554928505359,0.0554834656892576,NA
"8786483","B2IR",6.13018406995742,0.248876546320776,0.0619395353085571,NA
"8786484","B2IR",6.05406109209351,0.251408792998959,0.0632063811971933,NA
"8786487","B2IR",6.23476239800608,0.267589992131174,0.071604403888762,NA
"8786488","B2IR",6.24989591576099,0.268080113454807,0.071866947229942,NA
"8786491","B2IR",6.33539963590029,0.245717306895004,0.0603769949077337,NA
"8786492","B2IR",6.29733398247722,0.266023588477554,0.0707685496264752,NA
"8786493","B2IR",6.34311579988406,0.219864318370612,0.0483403184925737,NA
"8786495","B2IR",6.3043387845908,0.229945041270761,0.0528747220050119,NA
"8786504","B2IR",6.07652504873567,0.23543959198898,0.0554318014759376,NA
"8786507","B2IR",6.33325591148037,0.273715325766307,0.0749200795593557,NA
"8786508","B2IR",6.27946364699897,0.224341636553994,0.0503291698917245,NA
"8786524","B2IR",6.27633559398917,0.215483698122471,0.0464332241565361,NA
"8786525","B2IR",6.2799086451608,0.240598540291041,0.0578876575901795,NA
"8786526","B2IR",6.2155187856123,0.229822297834666,0.0528182885820058,NA
"8786527","B2IR",6.16408327718025,0.28038601927943,0.0786163198073648,NA
"8786532","B2IR",6.07752997770055,0.229199681168508,0.0525324938477455,NA
"8786579","B2IR",6.16823745248392,0.229017753229654,0.0524491312943587,NA
"8786581","B2IR",6.15514875844238,0.264495555638594,0.0699578989525683,NA
"8786585","B2IR",6.23981919091637,0.246423834087708,0.0607247060064862,NA
"8786591","B2IR",6.15441058316291,0.212518293361209,0.0451640250131608,NA
"8786598","B2IR",6.03202353979955,0.248753081802239,0.0618780957061116,NA
"8786605","B2IR",6.04314780638753,0.231827862035273,0.0537441576158454,NA
"8786612","B2IR",6.21231145284642,0.213118632999067,0.0454195517313912,NA
"8786625","B2IR",6.17678930421307,0.251240412010456,0.0631217446271839,NA
"8786634","B2IR",6.10484996910362,0.271146114942512,0.073520215648418,NA
"8786635","B2IR",6.00078229340834,0.249541998056322,0.0622712087939412,NA
"8786636","B2IR",5.88976195197315,0.252753626471951,0.0638843956947226,NA
"8786638","B2IR",5.93581661392432,0.264893347759577,0.0701684856872762,NA
"8786639","B2IR",5.91457881835795,0.247977717920783,0.0614929485851995,NA
"8786660","B2IR",6.40244479373591,0.250950083972446,0.0629759446457774,NA
"8786674","B2IR",6.35841674683174,0.234609388464872,0.0550415651558612,NA
"8786676","B2IR",6.28601779885589,0.224862957852822,0.05056334981432,NA
"8786677","B2IR",6.41651962702915,0.239790977284125,0.0574997127868756,NA
"8786679","B2IR",6.37453527737488,0.225728147321313,0.0509531964931124,NA
"8786680","B2IR",6.35023740267225,0.256662398076132,0.0658755865861907,NA
"8786681","B2IR",6.31867996526386,0.228716943957218,0.0523114404531291,NA
"8786683","B2IR",6.37066774491786,0.229224618468913,0.0525439257122188,NA
"8786686","B2IR",6.15649469874845,0.251155169640637,0.063078919237217,NA
"8786688","B2IR",6.25539704080861,0.273392921683269,0.0747436896265138,NA
"8786689","B2IR",6.22652324979198,0.277314470229684,0.0769033153987702,NA
"8786694","B2IR",6.16731038891328,0.220462816339239,0.0486038533882288,NA
"8786695","B2IR",6.13262853376246,0.210151335058646,0.0441635836269313,NA
"8786697","B2IR",6.17892999546807,0.263959933638023,0.0696748465661892,NA
"8786698","B2IR",6.1880494241061,0.248551349780657,0.0617777734777867,NA
"8786699","B2IR",6.25168689737624,0.248970796848679,0.0619864576834664,NA
"8786700","B2IR",6.33307659397437,0.283342095080676,0.0802827428447069,NA
"8786701","B2IR",6.22331259440044,0.270989610587826,0.0734353690465418,NA
"8786704","B2IR",6.33718300183542,0.196071169422203,0.0384439034785903,NA
"8786706","B2IR",6.33792643789667,0.213220881272175,0.0454631442104827,NA
"8786707","B2IR",6.30445407311768,0.205396628365053,0.0421877749437316,NA
"8786709","B2IR",6.23268862533149,0.270069904445541,0.0729377532872238,NA
"8786711","B2IR",6.29065933860774,0.248764692437699,0.0618838722036229,NA
"8786713","B2IR",6.28974853102023,0.238296293084317,0.0567851232977265,NA
"8786715","B2IR",6.29480924569661,0.248725700323086,0.0618644740012095,NA
"8786726","B2IR",6.12462635243246,0.237641416153785,0.0564734426715763,NA
"8786729","B2IR",6.16645969540674,0.222461188538183,0.0494889804058209,NA
"8786739","B2IR",6.35717451358562,0.261223121159024,0.068237519028062,NA
"8786759","B2IR",6.23602590787049,0.209993617604611,0.0440973194346716,NA
"8786763","B2IR",6.23488272628493,0.252320574029626,0.0636656720786399,NA
"8786764","B2IR",6.25138171012844,0.216990276842486,0.0470847802441788,NA
"8786770","B2IR",6.04888035743122,0.232692915756753,0.0541459930433792,NA
"8786785","B2IR",6.33923737998925,0.250900127500436,0.062950873979735,NA
"8786787","B2IR",6.43171916708455,0.254894547828082,0.0649712305124823,NA
"8786792","B2IR",6.37575327762907,0.267115529536121,0.0713507061193624,NA
"8786793","B2IR",6.25912782477616,0.26159346044924,0.0684311385498081,NA
"8786794","B2IR",6.45752103000935,0.239122827836361,0.0571797267924581,NA
"8786796","B2IR",6.48231489070795,0.221587874682135,0.0491011862061455,NA
"8786798","B2IR",6.43408712961586,0.241294720199464,0.0582231419961377,NA
"8786799","B2IR",6.41578431879414,0.262202700734142,0.068750256272278,NA
"8786800","B2IR",6.26978202355399,0.239539600457459,0.0573792201873191,NA
"8786803","B2IR",6.17706811877087,0.208308856029504,0.0433925795003208,NA
"8786819","B2IR",6.17147879875403,0.251710051185039,0.0633579498675748,NA
"8786820","B2IR",6.10260422280775,0.256643765451992,0.0658660223453769,NA
"8786825","B2IR",6.09506434693247,0.266611805908899,0.0710818550500042,NA
"8786839","B2IR",6.02226486694205,0.233684086095135,0.0546082520941184,NA
"8786843","B2IR",6.11220891499245,0.219968287496611,0.0483860475041917,NA
"8786861","B2IR",5.99692634222649,0.265146435068867,0.0703026320297287,NA
"8786868","B2IR",6.10501939347996,0.22465966985438,0.0504719672590792,NA
"8786870","B2IR",6.11024758192762,0.239160433904109,0.0571977131452017,NA
"8786873","B2IR",6.25814126874792,0.226685712717951,0.0513864123504456,NA
"8786911","B2IR",6.1414345113209,0.237033224590358,0.0561847495597031,NA
"8786963","B2IR",6.2417385066138,0.242159923276789,0.0586414284414203,NA
"8786966","B2IR",6.23039850033515,0.24516816947803,0.0601074313252082,NA
"8786967","B2IR",6.29136175523985,0.21575421981387,0.0465498833674918,NA
"8786968","B2IR",6.20724576876535,0.244705150841847,0.0598806108485312,NA
"8786976","B2IR",6.33677093725903,0.224715603599862,0.0504971025012501,NA
"8786978","B2IR",6.2633032451702,0.229326587548682,0.0525906837567234,NA
"8786980","B2IR",6.19393068225027,0.234044855400264,0.0547769943393307,NA
"8786998","B2IR",6.31803961778551,0.270422501569085,0.073128329354882,NA
"8787000","B2IR",6.31552220993444,0.248648362976509,0.0618260084108976,NA
"8787002","B2IR",6.14575335821806,0.274519208422734,0.0753607957930446,NA
"8787004","B2IR",6.15558547146395,0.257397055265039,0.0662532440591133,NA
"8787008","B2IR",6.32902759878722,0.236114482698272,0.0557500489398725,NA
"8787017","B2IR",6.14821923264474,0.244178582493728,0.0596231801486462,NA
"8787023","B2IR",6.21202043254361,0.255581106633438,0.0653217020679726,NA
"8787027","B2IR",6.15675348114927,0.230984980736684,0.0533540613259261,NA
"8787038","B2IR",6.20749458742465,0.215509646845339,0.0464444078834026,NA
"8787042","B2IR",6.25824445268426,0.2165544576637,0.0468958331340192,NA
"8787043","B2IR",6.31581553490549,0.233956642829806,0.0547357107241936,NA
"8787050","B2IR",6.27427516793355,0.233134174167376,0.0543515431647042,NA
"8787052","B2IR",6.34943035034152,0.237551406556022,0.0564306707567445,NA
"8787059","B2IR",6.13166286331565,0.247135327016822,0.0610758698597117,NA
"8787084","B2IR",6.20698456572606,0.257602259469963,0.0663589240840301,NA
"8787091","B2IR",6.30879519803514,0.24374234241037,0.059410329483694,NA
"8787099","B2IR",6.28010677050902,0.255247625862884,0.0651513505086386,NA
"8787107","B2IR",6.22479239079875,0.242495234060974,0.0588039385422867,NA
"8787111","B2IR",6.22825078311305,0.247648754627923,0.0613299056687613,NA
"8787121","B2IR",6.2410203669465,0.239632846873539,0.057423901300717,NA
"8787127","B2IR",6.31718728236982,0.245897818528322,0.0604657371569876,NA
"8787131","B2IR",6.25982481341829,0.248354221536414,0.0616798193549583,NA
"8787150","B2IR",6.40426922344875,0.2842819924208,0.0808162512147395,NA
"8787153","B2IR",6.42233484797094,0.237725276654905,0.0565133071606512,NA
"8787155","B2IR",6.49936799735838,0.265388029799526,0.0704308063608742,NA
"8787156","B2IR",6.39744421059665,0.306157971389484,0.093732703445324,NA
"8787160","B2IR",6.38066632107562,0.283996328779859,0.0806539147604376,NA
"8787161","B2IR",6.404435229512,0.265152673878484,0.0703059404649099,NA
"8787164","B2IR",6.35465586335479,0.253666084866277,0.0643464826113854,NA
"8787176","B2IR",6.08371897649103,0.243888143336927,0.0594814264603335,NA
"8787179","B2IR",6.31460809051392,0.252498767415301,0.0637556275462462,NA
"8787182","B2IR",6.27421301514958,0.253980252722078,0.0645059687727708,NA
"8787187","B2IR",6.25230286106463,0.248910256929879,0.0619563160048984,NA
"8787193","B2IR",6.20338363446605,0.238045258188025,0.0566655449458034,NA
"8787196","B2IR",6.27282383046697,0.261503274521633,0.0683839625855366,NA
"8787197","B2IR",6.19845188181813,0.223761941879433,0.0500694066336549,NA
"8787204","B2IR",6.16144907094372,0.201574411623639,0.0406322434214162,NA
"8787221","B2IR",6.11653168947049,0.255477836825328,0.0652689251089489,NA
"8787223","B2IR",6.08217794281466,0.227921625618805,0.0519482674247189,NA
"8787224","B2IR",6.13852969623581,0.245664712992157,0.0603511512095186,NA
"8787229","B2IR",6.22421456377798,0.277545566133678,0.0770315412804638,NA
"8787235","B2IR",6.25919349309912,0.240060009174287,0.0576288080047587,NA
"8787281","B2IR",6.27183818822389,0.260692264730413,0.0679604568902718,NA
"8787303","B2IR",6.27888078515453,0.232747028900679,0.0541711794620933,NA
"8787305","B2IR",6.24879876139905,0.230974300052176,0.0533491272845925,NA
"8787309","B2IR",6.15858363080829,0.220558243453999,0.0486459387555135,NA
"8787332","B2IR",6.31606979807938,0.233102031933189,0.0543365572913814,NA
"8787337","B2IR",6.33040109852966,0.275495086689746,0.0758975427901904,NA
"8787344","B2IR",6.31613077483689,0.269373672347539,0.0725621753539994,NA
"8787345","B2IR",6.27928648508828,0.246556298348591,0.0607900082553592,NA
"8787380","B2IR",6.19825775559289,0.204320199722302,0.0417467440145612,NA
"8787385","B2IR",6.15830145528105,0.195408716951303,0.0381845666605546,NA
"8787393","B2IR",6.0581410852065,0.262519015838374,0.0689162336767482,NA
"8787407","B2IR",6.25595106027078,0.265682703223268,0.070587298792023,NA
"8787414","B2IR",6.04850368226594,0.239146406207667,0.0571910036020425,NA
"8787415","B2IR",6.06451536942218,0.271556583146182,0.0737429778500292,NA
"8787421","B2IR",6.23691708332311,0.244404345643137,0.0597334841692501,NA
"8787423","B2IR",6.26697539866754,0.24702370524699,0.0610207109539516,NA
"8787424","B2IR",6.22211929312317,0.253800993981389,0.0644149445459408,NA
"8787425","B2IR",6.24990461088354,0.266031983088774,0.0707730160261457,NA
"8787438","B2IR",6.17808703124425,0.208617512674096,0.0435212665943264,NA
"8787441","B2IR",6.10677037657197,0.192808510183688,0.0371751215992534,NA
"8787453","B2IR",6.0884720803915,0.219847085343629,0.0483327409340887,NA
"8787467","B2IR",6.19114496699597,0.230317067373254,0.0530459515234162,NA
"8787471","B2IR",6.18610765280049,0.214648839119374,0.0460741241352951,NA
"8787472","B2IR",6.25667585390894,0.260861857925061,0.0680489089201146,NA
"8787473","B2IR",6.34282860802021,0.254534752221763,0.0647879400885941,NA
"8787481","B2IR",6.24530603716624,0.2211348841283,0.0489006369784366,NA
"8787495","B2IR",6.01516967165515,0.252966357885048,0.0639919782216262,NA
"8787521","B2IR",6.2386056795446,0.224997668859571,0.0506239509922411,NA
"8787526","B2IR",6.23126391974156,0.258675891638319,0.0669132169148792,NA
"8787530","B2IR",6.26684863687152,0.251272951335232,0.0631380960727178,NA
"8787532","B2IR",6.19286479380516,0.251597237640145,0.0633011699881516,NA
"8787534","B2IR",6.32117980000663,0.299087638487516,0.0894534154960389,NA
"8787535","B2IR",6.30169923476806,0.248337571132371,0.0616715492359256,NA
"8787536","B2IR",6.27386555738728,0.243367643340524,0.0592278098251205,NA
"8787538","B2IR",6.31488099062226,0.270227923743442,0.0730231307706913,NA
"8787539","B2IR",6.09766309996659,0.263685196429946,0.069529882816299,NA
"8787540","B2IR",6.13054955610544,0.256074230118939,0.0655740113310074,NA
"8787541","B2IR",6.28068324440117,0.238132258036689,0.0567069723176524,NA
"8787543","B2IR",6.23978845185245,0.225558117220486,0.0508764642440505,NA
"8787547","B2IR",6.28661300460348,0.29423063381935,0.0865716658777363,NA
"8787552","B2IR",6.12609908049495,0.257442463366955,0.066276621944446,NA
"8787554","B2IR",6.33284765274673,0.267941870726205,0.0717928460882583,NA
"8787557","B2IR",6.02960645597755,0.206272073899011,0.0425481684705989,NA
"8787568","B2IR",6.09119364553643,0.204264746840478,0.0417240868018044,NA
"8787569","B2IR",6.15930368055953,0.223191807357017,0.0498145828712917,NA
"8787570","B2IR",6.19868139831317,0.229132388710578,0.0525016515562155,NA
"8787572","B2IR",6.17829799492717,0.214453534370183,0.0459903184038632,NA
"8787573","B2IR",6.2067332965666,0.258278823719429,0.0667079507818919,NA
"8787574","B2IR",6.20250204222989,0.237031825757694,0.0561840864220259,NA
"8787578","B2IR",6.08166596343188,0.251661434682961,0.0633334777066863,NA
"8787580","B2IR",6.18077172852281,0.275114342955332,0.0756879016997438,NA
"8787582","B2IR",6.10981921608422,0.262046336439588,0.0686682824414099,NA
"8787584","B2IR",6.13111656942193,0.241361150274606,0.0582552048618807,NA
"8787590","B2IR",6.18301938200609,0.248842505753456,0.0619225926696585,NA
"8787592","B2IR",6.17077797570442,0.334524083911301,0.111906362716695,NA
"8787604","B2IR",6.26084805312906,0.251341850773334,0.0631727259501651,NA
"8787618","B2IR",6.31416843754085,0.250955051739492,0.0629784379935713,NA
"8787628","B2IR",6.09264551910689,0.250360559269419,0.0626804096376962,NA
"8787630","B2IR",6.28413495357422,0.279894947995589,0.0783411819134536,NA
"8787658","B2IR",6.18337775956163,0.271894536873683,0.0739266391817544,NA
"8787668","B2IR",6.22900414761179,0.253834731826267,0.064432071081313,NA
"8787670","B2IR",6.28863004676281,0.229290812229995,0.0525742765730906,NA
"8787676","B2IR",6.26863322494418,0.207034470151232,0.0428632718308016,NA
"8787690","B2IR",6.24405291740239,0.254311347166927,0.0646742612978571,NA
"8787692","B2IR",6.0429464851728,0.23177002600171,0.0537173449528335,NA
"8787702","B2IR",5.94538470433032,0.231001539164974,0.0533617110965869,NA
"8787707","B2IR",6.20113146780501,0.250882613121203,0.0629420855665232,NA
"8787759","B2IR",6.01237152965757,0.230772272692606,0.0532558418437104,NA
"7806808","F5I",6.3607827944182,0.231406156919193,0.0535488094601104,NA
"8786051","F5I",6.10134823951159,0.260058258671468,0.067630297903236,NA
"8786059","F5I",6.18133932285029,0.246852948503531,0.0609363781848871,NA
"8786066","F5I",6.22533542325148,0.2369612586643,0.0561506381077694,NA
"8786068","F5I",6.18161453995034,0.240964715952644,0.0580639943341386,NA
"8786077","F5I",6.08669113254973,0.215153328788092,0.0462909548885968,NA
"8786086","F5I",6.16111276145067,0.22409169284542,0.050217086802326,NA
"8786087","F5I",6.11126002366588,0.217129881783384,0.0471453855632662,NA
"8786092","F5I",6.27599854813498,0.235995554249951,0.0556939016257415,NA
"8786093","F5I",6.32869942259695,0.265033422825668,0.0702427152146894,NA
"8786094","F5I",6.28000109380792,0.253923479230612,0.064477133304579,NA
"8786096","F5I",6.25287423589854,0.244407005427219,0.0597347843019007,NA
"8786102","F5I",6.23974336163188,0.239527258497503,0.0573733075633294,NA
"8786104","F5I",6.2970967944681,0.274764220648112,0.0754953769483642,NA
"8786115","F5I",6.12757148457,0.238076980874626,0.0566806488223772,NA
"8786132","F5I",6.1344471978781,0.236469957261892,0.0559180406874409,NA
"8786136","F5I",6.17610306968075,0.244150826002305,0.0596096258376076,NA
"8786147","F5I",6.15899619123517,0.252584673433534,0.0637990172535251,NA
"8786149","F5I",6.27545747831415,0.237948486830179,0.0566194823847719,NA
"8786150","F5I",6.19114140571563,0.22106532728217,0.0488698789263731,NA
"8786159","F5I",6.13974602180066,0.242559822178484,0.0588352673352578,NA
"8786160","F5I",6.14325199508235,0.245488496480931,0.0602646019044681,NA
"8786165","F5I",6.19607970100096,0.231273565128032,0.0534874619270299,NA
"8786172","F5I",6.09811653915671,0.209965230700578,0.0440853981031467,NA
"8786179","F5I",6.07902469663507,0.221077223775553,0.0488751388723059,NA
"8786193","F5I",6.27262935623683,0.227850907431496,0.0519160360173562,NA
"8786198","F5I",6.14045795682974,0.210911416326394,0.0444836255368056,NA
"8786202","F5I",6.14658772335842,0.24109093704339,0.0581248399244599,NA
"8786213","F5I",6.17035670678124,0.212129294205463,0.044998837460108,NA
"8786234","F5I",6.15201948591653,0.260310961191024,0.0677617965161947,NA
"8786238","F5I",6.1079728751119,0.21997419186044,0.0483886450846537,NA
"8786246","F5I",6.15338937216567,0.205170066442991,0.0420947561642212,NA
"8786247","F5I",6.13475473626867,0.23428510950831,0.054889512537321,NA
"8786251","F5I",6.06953800122893,0.237859331440384,0.0565770615532664,NA
"8786257","F5I",5.92313294695992,0.266345234009283,0.0709397836794596,NA
"8786258","F5I",6.09955916592844,0.232773660912858,0.0541835772147743,NA
"8786269","F5I",6.12264969375413,0.254639044523389,0.0648410429957844,NA
"8786275","F5I",6.2001251841516,0.24666916086376,0.0608456749212317,NA
"8786276","F5I",6.18262937435505,0.253640754900403,0.0643336325464464,NA
"8786279","F5I",6.08769717469667,0.272797479960104,0.0744184650725831,NA
"8786281","F5I",6.11166588176975,0.222243874007061,0.0493923395336666,NA
"8786285","F5I",5.99146096090538,0.253971159795983,0.0645013500081169,NA
"8786286","F5I",5.95220998268661,0.225643795275821,0.0509151223464765,NA
"8786301","F5I",5.9228514313133,0.238230843595672,0.0567539348403057,NA
"8786303","F5I",6.00042963534554,0.26555789301178,0.0705209945408559,NA
"8786304","F5I",6.05794012742794,0.243499611596567,0.059292060847679,NA
"8786309","F5I",6.04985209255187,0.201137996108602,0.0404564934785839,NA
"8786313","F5I",5.95472246865149,0.224997863540958,0.0506240385979954,NA
"8786320","F5I",5.93178687207589,0.219864566300818,0.0483404275146469,NA
"8786324","F5I",6.02603839774665,0.227832901368269,0.0519078309458834,NA
"8786329","F5I",6.25656139541585,0.235724641596317,0.0555661066557122,NA
"8786337","F5I",6.07374305650622,0.22253467411665,0.0495216811842037,NA
"8786340","F5I",6.00342172848605,0.227376488004357,0.0517000672971955,NA
"8786345","F5I",6.16939714533396,0.262979718467402,0.0691583323251939,NA
"8786347","F5I",6.18942596356791,0.270024568664909,0.0729132676826701,NA
"8786350","F5I",6.20455597430531,0.244610356861775,0.0598342266840447,NA
"8786352","F5I",6.14147072134716,0.249672866706129,0.0623365403692565,NA
"8786353","F5I",6.19866819398613,0.245611643189057,0.0603250792700284,NA
"8786357","F5I",6.1497380383901,0.261236606379096,0.0682445645124666,NA
"8786359","F5I",6.05098834263494,0.244456461737106,0.0597589616850254,NA
"8786362","F5I",5.99278237114646,0.247866180166838,0.0614376432704993,NA
"8786366","F5I",6.15678045455348,0.224494776201449,0.0503979045417388,NA
"8786367","F5I",6.10027222732707,0.256330155126956,0.0657051484274095,NA
"8786368","F5I",6.03768128542086,0.236136387841489,0.0557603936628261,NA
"8786372","F5I",6.01286525755536,0.235144423854983,0.0552929000700919,NA
"8786374","F5I",5.87920555810527,0.265104777013645,0.0702805427954544,NA
"8786375","F5I",5.90149318558058,0.263035695516337,0.0691877771157631,NA
"8786376","F5I",5.96972326170593,0.23168245265865,0.0536767588699278,NA
"8786377","F5I",6.08260334030439,0.247495676873546,0.0612541100710946,NA
"8786379","F5I",6.11773780741329,0.214005558130149,0.0457983789105967,NA
"8786382","F5I",6.05901453440761,0.239023636832828,0.0571322989647916,NA
"8786389","F5I",6.23415010245526,0.251349790507884,0.0631767171883571,NA
"8786391","F5I",6.09242232952385,0.218439655279069,0.0477158829984385,NA
"8786406","F5I",6.11170847019376,0.218505748972269,0.0477447623339321,NA
"8786424","F5I",6.13009051624948,0.23219935749126,0.0539165416193542,NA
"8786441","F5I",6.17418579405497,0.243539330304163,0.0593114054050004,NA
"8786442","F5I",6.13314092464283,0.232320748947599,0.0539729303915731,NA
"8786444","F5I",6.2054537376269,0.233208764089559,0.0543863276481797,NA
"8786447","F5I",6.15952429831678,0.22804684697109,0.0520053644134556,NA
"8786455","F5I",6.08627563898492,0.222644804276374,0.0495707088712651,NA
"8786458","F5I",6.09842154836854,0.221405136822707,0.0490202346114818,NA
"8786462","F5I",6.11114747228108,0.225950026464228,0.0510534144591853,NA
"8786479","F5I",6.08718659706312,0.263253249796637,0.0693022735284907,NA
"8786483","F5I",6.13018406995746,0.289202267226921,0.0836379513691913,NA
"8786484","F5I",6.05406109209351,0.262829681433381,0.0690794414423726,NA
"8786487","F5I",6.23476239800609,0.264499928858131,0.0699602123659563,NA
"8786488","F5I",6.24989591576094,0.266514436176725,0.0710299446905975,NA
"8786491","F5I",6.33539963590027,0.232337777569515,0.0539808428859416,NA
"8786492","F5I",6.29733398247709,0.247265631675594,0.0611402926079307,NA
"8786493","F5I",6.34311579988399,0.218326794719004,0.0476665892922741,NA
"8786495","F5I",6.30433878459083,0.243979138784151,0.0595258201618559,NA
"8786504","F5I",6.07652504873565,0.256437195492988,0.0657600352323087,NA
"8786507","F5I",6.3332559114805,0.248380756434089,0.0616930001667702,NA
"8786508","F5I",6.27946364699898,0.237259725712856,0.0562921774453395,NA
"8786524","F5I",6.27633559398915,0.237181504198615,0.0562550659339175,NA
"8786525","F5I",6.27990864516086,0.215098141362785,0.0462672104177245,NA
"8786526","F5I",6.21551878561236,0.242849319717533,0.0589757920872684,NA
"8786527","F5I",6.16408327718023,0.262213471619042,0.0687559046985101,NA
"8786532","F5I",6.0775299777006,0.232834731093846,0.0542120120035434,NA
"8786579","F5I",6.16823745248392,0.234555968472515,0.0550165023460795,NA
"8786581","F5I",6.15514875844233,0.253202988409896,0.0641117533397021,NA
"8786585","F5I",6.2398191909164,0.246885866916488,0.0609526312831057,NA
"8786591","F5I",6.15441058316294,0.218107753707717,0.0475709922274261,NA
"8786598","F5I",6.03202353979962,0.243730580907256,0.0594045960693886,NA
"8786605","F5I",6.04314780638749,0.216550933667109,0.0468943068720965,NA
"8786612","F5I",6.21231145284645,0.218606702254449,0.0477888902705655,NA
"8786625","F5I",6.17678930421309,0.254848104793125,0.0649475565166474,NA
"8786634","F5I",6.10484996910362,0.279194429316844,0.077949529361558,NA
"8786635","F5I",6.00078229340836,0.250523577436328,0.062762062851496,NA
"8786636","F5I",5.88976195197313,0.269192778539434,0.0724647520177809,NA
"8786638","F5I",5.93581661392431,0.278546532063436,0.0775881705245669,NA
"8786639","F5I",5.91457881835798,0.252240652833327,0.0636253469417829,NA
"8786660","F5I",6.40244479373588,0.241649333294268,0.0583944002815643,NA
"8786674","F5I",6.35841674683174,0.252909901880211,0.0639634184690581,NA
"8786676","F5I",6.2860177988559,0.220948197768551,0.0488181060971708,NA
"8786677","F5I",6.41651962702919,0.240388146853557,0.0577864611476873,NA
"8786679","F5I",6.37453527737483,0.226862423200453,0.0514665590603816,NA
"8786680","F5I",6.35023740267229,0.26889052906577,0.0723021166212698,NA
"8786681","F5I",6.31867996526392,0.247962767535289,0.0614855340837598,NA
"8786683","F5I",6.37066774491781,0.227507900705215,0.0517598448832941,NA
"8786686","F5I",6.15649469874843,0.240229819857769,0.0577103663488961,NA
"8786688","F5I",6.25539704080858,0.283106083025156,0.0801490542458465,NA
"8786689","F5I",6.22652324979195,0.275921977019533,0.0761329374023675,NA
"8786694","F5I",6.16731038891323,0.225173494807825,0.0507031027639695,NA
"8786695","F5I",6.13262853376238,0.224520053443989,0.0504092543984915,NA
"8786697","F5I",6.17892999546798,0.264387198272744,0.0699005906105114,NA
"8786698","F5I",6.18804942410612,0.221380465569403,0.0490093105357258,NA
"8786699","F5I",6.25168689737622,0.243054454090158,0.0590754676530647,NA
"8786700","F5I",6.3330765939744,0.273677449224522,0.0748993462140408,NA
"8786701","F5I",6.22331259440048,0.27593417689063,0.0761396699763096,NA
"8786704","F5I",6.33718300183538,0.192543890316639,0.0370731496982658,NA
"8786706","F5I",6.33792643789668,0.218027545497015,0.0475360105954529,NA
"8786707","F5I",6.30445407311771,0.219021643777096,0.0479704804428209,NA
"8786709","F5I",6.23268862533151,0.268105038236393,0.071880311527738,NA
"8786711","F5I",6.29065933860774,0.231862873752378,0.0537603922247111,NA
"8786713","F5I",6.28974853102023,0.225813829691181,0.0509918856797979,NA
"8786715","F5I",6.29480924569663,0.237905530164877,0.0565990412830314,NA
"8786726","F5I",6.12462635243245,0.235157139561672,0.0552988802868277,NA
"8786729","F5I",6.16645969540671,0.229822203321938,0.0528182451397502,NA
"8786739","F5I",6.35717451358567,0.256215181316003,0.0656462191367922,NA
"8786759","F5I",6.23602590787046,0.22107506123839,0.0488741827015579,NA
"8786763","F5I",6.23488272628495,0.244564407176585,0.0598117492576343,NA
"8786764","F5I",6.25138171012851,0.229915282045442,0.052861036918035,NA
"8786770","F5I",6.04888035743127,0.207879513508105,0.0432138921363666,NA
"8786785","F5I",6.33923737998927,0.243115862918506,0.05910532280261,NA
"8786787","F5I",6.43171916708453,0.240651512467176,0.0579131504527396,NA
"8786792","F5I",6.37575327762918,0.265318368180384,0.0703938364939019,NA
"8786793","F5I",6.25912782477626,0.260649599760014,0.0679382138550557,NA
"8786794","F5I",6.45752103000935,0.267750079226615,0.0716901049258589,NA
"8786796","F5I",6.48231489070792,0.228932102650037,0.0524099076237672,NA
"8786798","F5I",6.43408712961584,0.275899977805862,0.0761207977532753,NA
"8786799","F5I",6.41578431879418,0.251535478892539,0.0632700971416989,NA
"8786800","F5I",6.26978202355404,0.241645491324876,0.0583925434776408,NA
"8786803","F5I",6.17706811877098,0.215699327499611,0.0465261998837843,NA
"8786819","F5I",6.17147879875402,0.249673313408429,0.0623367634283437,NA
"8786820","F5I",6.10260422280774,0.249767228066227,0.0623836682158869,NA
"8786825","F5I",6.09506434693247,0.267646003146983,0.0716343830005548,NA
"8786839","F5I",6.02226486694206,0.233873531845406,0.0546968288978443,NA
"8786843","F5I",6.11220891499245,0.203866514428306,0.0415615557051467,NA
"8786861","F5I",5.99692634222648,0.255359029198799,0.065208233793353,NA
"8786868","F5I",6.10501939347994,0.227207254599619,0.0516231365426959,NA
"8786870","F5I",6.11024758192764,0.242808227911332,0.0589558355414413,NA
"8786873","F5I",6.25814126874796,0.21923221689523,0.0480627649247971,NA
"8786911","F5I",6.14143451132083,0.234948326078793,0.0552007159272268,NA
"8786963","F5I",6.24173850661385,0.247020754074853,0.061019252943709,NA
"8786966","F5I",6.23039850033511,0.238323201861053,0.056797948545304,NA
"8786967","F5I",6.29136175523988,0.22328017981596,0.0498540386986472,NA
"8786968","F5I",6.20724576876534,0.247393215898471,0.0612034032725876,NA
"8786976","F5I",6.33677093725897,0.228750978714027,0.0523270102626251,NA
"8786978","F5I",6.26330324517019,0.25269036959404,0.0638524228855726,NA
"8786980","F5I",6.19393068225027,0.244948494313387,0.0599997648663952,NA
"8786998","F5I",6.31803961778548,0.261104464030615,0.0681755411367149,NA
"8787000","F5I",6.31552220993444,0.247353788026845,0.0611838964512292,NA
"8787002","F5I",6.14575335821807,0.297004250642572,0.0882115248997558,NA
"8787004","F5I",6.15558547146402,0.224479280715655,0.0503909474706179,NA
"8787008","F5I",6.32902759878724,0.249982778080706,0.0624913893369475,NA
"8787017","F5I",6.14821923264478,0.260452857572931,0.0678356910179055,NA
"8787023","F5I",6.21202043254357,0.231102066643307,0.0534081652068076,NA
"8787027","F5I",6.1567534811492,0.23888638511192,0.0570667049918406,NA
"8787038","F5I",6.20749458742461,0.215500053211647,0.0464402729342226,NA
"8787042","F5I",6.25824445268424,0.221687247549761,0.049145235726189,NA
"8787043","F5I",6.31581553490551,0.215160944750332,0.0462942321458554,NA
"8787050","F5I",6.27427516793351,0.22910100259796,0.0524872693913903,NA
"8787052","F5I",6.34943035034155,0.219317767535107,0.0481002831565834,NA
"8787059","F5I",6.13166286331566,0.250107121862166,0.0625535724061765,NA
"8787084","F5I",6.20698456572604,0.261679939866883,0.0684763909287356,NA
"8787091","F5I",6.30879519803509,0.249153405368407,0.0620774194066737,NA
"8787099","F5I",6.28010677050899,0.241817745795683,0.0584758221817056,NA
"8787107","F5I",6.22479239079878,0.245527341297111,0.0602836753244282,NA
"8787111","F5I",6.22825078311304,0.245048171679091,0.0600486064432652,NA
"8787121","F5I",6.24102036694654,0.217674129229591,0.0473820265358609,NA
"8787127","F5I",6.31718728236979,0.235619293339372,0.055516451393745,NA
"8787131","F5I",6.25982481341826,0.243763923476578,0.059420850388695,NA
"8787150","F5I",6.40426922344884,0.275665340268969,0.0759913798256064,NA
"8787153","F5I",6.42233484797093,0.254971816804166,0.065010627364417,NA
"8787155","F5I",6.49936799735839,0.246667850845291,0.0608450286406348,NA
"8787156","F5I",6.39744421059661,0.31125601894749,0.0968803093310403,NA
"8787160","F5I",6.38066632107565,0.276061060042956,0.0762097088720405,NA
"8787161","F5I",6.40443522951195,0.281069612000021,0.0790001267898426,NA
"8787164","F5I",6.35465586335476,0.258080652937148,0.0666056234204647,NA
"8787176","F5I",6.08371897649109,0.251391292426531,0.0631975819078817,NA
"8787179","F5I",6.31460809051397,0.249625262940289,0.0623127718980086,NA
"8787182","F5I",6.27421301514962,0.258471750126,0.0668076456131976,NA
"8787187","F5I",6.25230286106468,0.254726077215429,0.0648853744135608,NA
"8787193","F5I",6.20338363446607,0.239319968522469,0.0572740473335953,NA
"8787196","F5I",6.272823830467,0.25406149838845,0.0645472449633846,NA
"8787197","F5I",6.19845188181809,0.236339434184676,0.0558563281507328,NA
"8787204","F5I",6.16144907094374,0.226479345808059,0.0512928940776466,NA
"8787221","F5I",6.11653168947042,0.246705502749234,0.0608636050867522,NA
"8787223","F5I",6.08217794281468,0.245856289978999,0.0604453153222378,NA
"8787224","F5I",6.13852969623581,0.270793171849118,0.0733289419201058,NA
"8787229","F5I",6.22421456377796,0.280701019649995,0.0787930624325468,NA
"8787235","F5I",6.25919349309912,0.236198877551059,0.05578990975638,NA
"8787281","F5I",6.27183818822382,0.264816676951601,0.0701278723916887,NA
"8787303","F5I",6.27888078515458,0.244698000216349,0.0598771113098805,NA
"8787305","F5I",6.24879876139911,0.245723868112199,0.0603802193600212,NA
"8787309","F5I",6.15858363080824,0.250884030090258,0.0629427965543294,NA
"8787332","F5I",6.31606979807939,0.241929202995997,0.0585297392622783,NA
"8787337","F5I",6.33040109852966,0.281537310183285,0.0792632570252395,NA
"8787344","F5I",6.31613077483687,0.269322389079278,0.0725345492593698,NA
"8787345","F5I",6.27928648508832,0.258602026900472,0.0668750083170327,NA
"8787380","F5I",6.19825775559292,0.200436048466587,0.0401746095249002,NA
"8787385","F5I",6.15830145528103,0.199637989863329,0.0398553269966707,NA
"8787393","F5I",6.0581410852065,0.261650666022962,0.0684610710302598,NA
"8787407","F5I",6.25595106027071,0.259533745419415,0.0673577650114296,NA
"8787414","F5I",6.04850368226598,0.241676778918042,0.0584076654682002,NA
"8787415","F5I",6.06451536942219,0.267140875686867,0.071364247462746,NA
"8787421","F5I",6.23691708332312,0.267691504430947,0.0716587415445036,NA
"8787423","F5I",6.26697539866757,0.248451266038552,0.0617280315961592,NA
"8787424","F5I",6.22211929312322,0.252459048880617,0.063735571361706,NA
"8787425","F5I",6.24990461088358,0.259008634621548,0.0670854728085183,NA
"8787438","F5I",6.17808703124422,0.188862955541268,0.0356692159757828,NA
"8787441","F5I",6.10677037657198,0.197810260359693,0.0391288991035696,NA
"8787453","F5I",6.0884720803915,0.225861872328784,0.051013585371864,NA
"8787467","F5I",6.19114496699595,0.237214934699682,0.0562709252445745,NA
"8787471","F5I",6.18610765280049,0.215904844448264,0.0466149018562291,NA
"8787472","F5I",6.25667585390894,0.261255319892803,0.0682543421722906,NA
"8787473","F5I",6.34282860802019,0.252211446043175,0.0636106135151896,NA
"8787481","F5I",6.24530603716625,0.218994440568905,0.0479585650000875,NA
"8787495","F5I",6.01516967165512,0.276682313920577,0.0765531028364445,NA
"8787521","F5I",6.23860567954454,0.210790461006527,0.0444326184513441,NA
"8787526","F5I",6.23126391974154,0.247933800297045,0.0614711693297349,NA
"8787530","F5I",6.2668486368715,0.258945396339288,0.0670527182853111,NA
"8787532","F5I",6.19286479380516,0.240454906726431,0.0578185621688166,NA
"8787534","F5I",6.32117980000658,0.298262535386281,0.0889605400150523,NA
"8787535","F5I",6.30169923476806,0.247279497531172,0.0611471498992691,NA
"8787536","F5I",6.27386555738729,0.251203768448958,0.0631033332829577,NA
"8787538","F5I",6.31488099062223,0.269947519331875,0.0728716631934329,NA
"8787539","F5I",6.09766309996656,0.24965298328828,0.0623266120647381,NA
"8787540","F5I",6.13054955610538,0.264301559069761,0.0698553141267065,NA
"8787541","F5I",6.28068324440115,0.234285153540127,0.0548895331693211,NA
"8787543","F5I",6.23978845185244,0.236502117364308,0.0559332515178011,NA
"8787547","F5I",6.28661300460347,0.268709585629928,0.0722048414094076,NA
"8787552","F5I",6.12609908049506,0.234879407340905,0.0551683359928149,NA
"8787554","F5I",6.33284765274675,0.296354365394798,0.0878259098885536,NA
"8787557","F5I",6.02960645597755,0.198864001208569,0.0395468909766819,NA
"8787568","F5I",6.09119364553643,0.19443434846481,0.0378047158629353,NA
"8787569","F5I",6.15930368055957,0.219219857926093,0.0480573461091366,NA
"8787570","F5I",6.1986813983132,0.216641944495394,0.0469337321147453,NA
"8787572","F5I",6.17829799492718,0.22173593355593,0.0491668242299197,NA
"8787573","F5I",6.20673329656656,0.258684231816923,0.0669175317907114,NA
"8787574","F5I",6.20250204222985,0.254040356046686,0.0645365025003271,NA
"8787578","F5I",6.08166596343186,0.248039169005362,0.0615234293608708,NA
"8787580","F5I",6.18077172852276,0.281312268825734,0.0791365925918818,NA
"8787582","F5I",6.10981921608417,0.25252109699745,0.0637669044287955,NA
"8787584","F5I",6.13111656942184,0.248989725333117,0.061995883321461,NA
"8787590","F5I",6.18301938200608,0.256182797200093,0.0656296255812639,NA
"8787592","F5I",6.17077797570444,0.304338458715707,0.0926218974534522,NA
"8787604","F5I",6.26084805312902,0.264099511021269,0.0697485517216733,NA
"8787618","F5I",6.3141684375408,0.246765960030199,0.0608934390296256,NA
"8787628","F5I",6.09264551910687,0.261010900162871,0.068126690003832,NA
"8787630","F5I",6.28413495357418,0.283791291113907,0.0805374969120984,NA
"8787658","F5I",6.18337775956165,0.26579182761553,0.0706452956272036,NA
"8787668","F5I",6.22900414761184,0.256971141968418,0.0660341678045529,NA
"8787670","F5I",6.28863004676281,0.257021601992251,0.0660601038906631,NA
"8787676","F5I",6.26863322494417,0.228072398565871,0.0520170189875896,NA
"8787690","F5I",6.24405291740235,0.240274479476461,0.0577318254876842,NA
"8787692","F5I",6.04294648517281,0.228511171013062,0.0522173552777607,NA
"8787702","F5I",5.94538470433027,0.239254561262386,0.0572427450848566,NA
"8787707","F5I",6.201131467805,0.243752976596988,0.0594155135998916,NA
"8787759","F5I",6.01237152965758,0.219082804104557,0.0479972750543158,NA
