"x_variables","Env","coeff"
"7806808","B5I",1.79962023134379e-05
"8786051","B5I",2.91139114935822e-05
"8786059","B5I",3.49676563352384e-05
"8786066","B5I",1.54785541304171e-05
"8786068","B5I",6.93038582567e-06
"8786077","B5I",3.70780736871086e-05
"8786086","B5I",4.74877831837325e-05
"8786087","B5I",-6.47939190254009e-06
"8786092","B5I",5.89889014642426e-05
"8786093","B5I",-1.7484756370253e-05
"8786094","B5I",-7.87739641621293e-06
"8786096","B5I",-2.18861894101725e-05
"8786102","B5I",-2.60115423536441e-05
"8786104","B5I",1.81141125574864e-05
"8786115","B5I",-5.93603343550866e-06
"8786132","B5I",-1.64479635300663e-06
"8786136","B5I",6.56061455339291e-05
"8786147","B5I",1.60252206818608e-05
"8786149","B5I",2.24864910933382e-05
"8786150","B5I",3.4236257832612e-05
"8786159","B5I",1.81972615005489e-05
"8786160","B5I",-8.56182075069039e-06
"8786165","B5I",-3.18258153955495e-05
"8786172","B5I",-4.74260486836472e-05
"8786179","B5I",2.95279441214879e-05
"8786193","B5I",-1.51453968196226e-05
"8786198","B5I",-4.90993353133713e-06
"8786202","B5I",2.56615467876122e-05
"8786213","B5I",-1.9184178596687e-05
"8786234","B5I",-1.84501114370586e-05
"8786238","B5I",-1.67877594103302e-05
"8786246","B5I",-4.52755003402019e-05
"8786247","B5I",-2.25969830418064e-05
"8786251","B5I",7.35517713099395e-05
"8786257","B5I",4.27754401485731e-05
"8786258","B5I",3.9752450539576e-05
"8786269","B5I",-2.69539768368954e-06
"8786275","B5I",1.78329090801718e-05
"8786276","B5I",6.10729087704206e-06
"8786279","B5I",9.28083857700405e-06
"8786281","B5I",2.5454141437542e-05
"8786285","B5I",2.42110740246066e-05
"8786286","B5I",-4.38762444285441e-06
"8786301","B5I",4.11118620892491e-05
"8786303","B5I",-2.44207841236441e-06
"8786304","B5I",3.58072766262177e-05
"8786309","B5I",4.7016831202029e-06
"8786313","B5I",1.23036294814832e-06
"8786320","B5I",1.9199336636065e-05
"8786324","B5I",-3.05440082300552e-05
"8786329","B5I",2.26933648280925e-05
"8786337","B5I",-3.19520420059462e-05
"8786340","B5I",3.29097352505216e-05
"8786345","B5I",2.07890390974407e-05
"8786347","B5I",1.67251452141898e-05
"8786350","B5I",4.63186304134275e-05
"8786352","B5I",3.17656935739534e-05
"8786353","B5I",3.04505367210382e-05
"8786357","B5I",5.11681517899633e-05
"8786359","B5I",-5.59450961004576e-06
"8786362","B5I",-1.53276019960131e-05
"8786366","B5I",6.76967784132312e-06
"8786367","B5I",-5.1925731248136e-07
"8786368","B5I",-1.25379140291353e-05
"8786372","B5I",1.8589624811805e-05
"8786374","B5I",3.95213545139001e-05
"8786375","B5I",2.92505994600637e-05
"8786376","B5I",-1.59824900484916e-05
"8786377","B5I",-6.66657956418788e-06
"8786379","B5I",-5.34235644681971e-05
"8786382","B5I",3.2094985236661e-05
"8786389","B5I",-3.63541650942191e-05
"8786391","B5I",1.37744979530914e-06
"8786406","B5I",1.72058588152178e-05
"8786424","B5I",-2.7332307439415e-05
"8786441","B5I",8.80591112443821e-06
"8786442","B5I",8.83767027796023e-06
"8786444","B5I",-6.16303965263171e-05
"8786447","B5I",-3.90467684947901e-05
"8786455","B5I",-3.75789114362497e-05
"8786458","B5I",1.534826122186e-05
"8786462","B5I",-5.94587272478743e-05
"8786479","B5I",1.31215714094491e-05
"8786483","B5I",5.00564707721644e-06
"8786484","B5I",5.52829255612775e-05
"8786487","B5I",-5.08926337067863e-05
"8786488","B5I",-8.56293929297753e-05
"8786491","B5I",-6.81927675073493e-05
"8786492","B5I",-6.70463064789226e-05
"8786493","B5I",4.05226921924988e-05
"8786495","B5I",2.58479594973001e-05
"8786504","B5I",-2.90859293681957e-05
"8786507","B5I",8.88510139789619e-05
"8786508","B5I",7.16010413884328e-05
"8786524","B5I",-3.35117940671644e-06
"8786525","B5I",5.21358995825819e-06
"8786526","B5I",2.14239833151274e-05
"8786527","B5I",1.39174593374038e-05
"8786532","B5I",-1.358621028962e-05
"8786579","B5I",7.20865905761208e-06
"8786581","B5I",-2.2931181779711e-05
"8786585","B5I",-9.22618749243927e-06
"8786591","B5I",-1.77084829743866e-05
"8786598","B5I",-1.53051090818799e-05
"8786605","B5I",1.2858256487952e-05
"8786612","B5I",-3.17924016085804e-05
"8786625","B5I",6.92126518826744e-05
"8786634","B5I",3.05295823977155e-05
"8786635","B5I",-4.34940350749855e-05
"8786636","B5I",-7.26631195681403e-05
"8786638","B5I",-9.17449426377921e-05
"8786639","B5I",-8.19922383284568e-05
"8786660","B5I",0.000107024568123828
"8786674","B5I",-5.83575874870034e-05
"8786676","B5I",-4.29730475059933e-05
"8786677","B5I",0.00011404280987622
"8786679","B5I",6.42985074531044e-05
"8786680","B5I",-1.20251177238199e-06
"8786681","B5I",2.15359168171934e-05
"8786683","B5I",4.55556276052289e-05
"8786686","B5I",-2.66870717527187e-06
"8786688","B5I",6.99211660911184e-05
"8786689","B5I",1.80399892110669e-05
"8786694","B5I",5.07011182767565e-05
"8786695","B5I",3.54490406416659e-05
"8786697","B5I",7.51437984767349e-05
"8786698","B5I",5.68282493002578e-05
"8786699","B5I",0.000113474048532066
"8786700","B5I",3.11259578041528e-05
"8786701","B5I",1.69657433305051e-05
"8786704","B5I",1.69124486798103e-05
"8786706","B5I",4.81904739335048e-06
"8786707","B5I",1.68128285480262e-05
"8786709","B5I",3.10946603970798e-05
"8786711","B5I",7.61519765849235e-05
"8786713","B5I",2.17584525404705e-05
"8786715","B5I",4.95531262823173e-06
"8786726","B5I",4.08773153638795e-05
"8786729","B5I",1.8618956683309e-05
"8786739","B5I",3.8607594076521e-05
"8786759","B5I",3.53092920354984e-05
"8786763","B5I",1.14096200113774e-05
"8786764","B5I",6.79280709288967e-05
"8786770","B5I",4.10377589089865e-06
"8786785","B5I",3.9116054470633e-05
"8786787","B5I",3.03191570495226e-05
"8786792","B5I",2.75384749934467e-05
"8786793","B5I",2.64076378839816e-05
"8786794","B5I",2.84017458170488e-05
"8786796","B5I",5.97296319512237e-05
"8786798","B5I",-4.57987744603437e-05
"8786799","B5I",1.61691637227585e-05
"8786800","B5I",2.1239137385195e-05
"8786803","B5I",6.31948022229558e-05
"8786819","B5I",-1.44173474359592e-06
"8786820","B5I",-1.6702755089274e-05
"8786825","B5I",5.0165897727179e-05
"8786839","B5I",2.22571905310297e-05
"8786843","B5I",3.909979596787e-05
"8786861","B5I",-3.51152803177636e-05
"8786868","B5I",4.22509037963109e-05
"8786870","B5I",-3.33888216202721e-05
"8786873","B5I",4.09117277934299e-05
"8786911","B5I",3.74619141994287e-05
"8786963","B5I",-7.74040719304373e-06
"8786966","B5I",5.71779848758037e-05
"8786967","B5I",9.37863319030638e-05
"8786968","B5I",1.8421218281057e-06
"8786976","B5I",6.02080375579032e-05
"8786978","B5I",1.24916304518377e-05
"8786980","B5I",1.26002485990836e-05
"8786998","B5I",2.94995034839863e-05
"8787000","B5I",3.99893916752511e-05
"8787002","B5I",6.91530944523118e-06
"8787004","B5I",2.61154277823181e-05
"8787008","B5I",7.98830229828901e-05
"8787017","B5I",4.57493682345632e-05
"8787023","B5I",4.80003662851109e-05
"8787027","B5I",5.65240259992648e-05
"8787038","B5I",9.61736388080328e-06
"8787042","B5I",3.45365307771111e-05
"8787043","B5I",6.60352607062418e-05
"8787050","B5I",1.82444718034928e-05
"8787052","B5I",7.25962204535946e-05
"8787059","B5I",5.59251501380132e-05
"8787084","B5I",1.49302464033353e-05
"8787091","B5I",5.91198756907496e-05
"8787099","B5I",6.80385371043117e-05
"8787107","B5I",1.62460436522625e-05
"8787111","B5I",-2.71181379726284e-05
"8787121","B5I",-1.72994942631232e-05
"8787127","B5I",2.00178116875176e-06
"8787131","B5I",4.9809942852297e-05
"8787150","B5I",8.63442734089172e-05
"8787153","B5I",5.20976432682386e-05
"8787155","B5I",4.82273117460656e-06
"8787156","B5I",9.58981867851336e-05
"8787160","B5I",3.13708874712633e-05
"8787161","B5I",-1.56403742494141e-05
"8787164","B5I",1.3980391650831e-05
"8787176","B5I",5.27822088630686e-06
"8787179","B5I",1.9608062027699e-05
"8787182","B5I",5.01893580892494e-05
"8787187","B5I",1.26592270118168e-05
"8787193","B5I",-4.41485539633545e-05
"8787196","B5I",-2.19307922235592e-05
"8787197","B5I",-4.43647974455428e-06
"8787204","B5I",6.98612362196589e-05
"8787221","B5I",6.4926076573854e-05
"8787223","B5I",3.29208400567475e-05
"8787224","B5I",9.22249556198839e-05
"8787229","B5I",4.58297728567616e-05
"8787235","B5I",0.000147412577844251
"8787281","B5I",8.9786247445881e-05
"8787303","B5I",3.90416223337961e-05
"8787305","B5I",2.43049174239213e-05
"8787309","B5I",3.68084249554443e-05
"8787332","B5I",2.17592540346037e-05
"8787337","B5I",-4.46300905527599e-05
"8787344","B5I",-1.17733855937035e-05
"8787345","B5I",-1.07822863549846e-05
"8787380","B5I",4.61867138194134e-05
"8787385","B5I",4.70019553665989e-05
"8787393","B5I",-1.21940684919126e-06
"8787407","B5I",-3.66145613385339e-05
"8787414","B5I",3.52228156577939e-05
"8787415","B5I",6.82752003791547e-05
"8787421","B5I",-7.25795595526894e-05
"8787423","B5I",1.0685925854084e-06
"8787424","B5I",-6.40337636428019e-05
"8787425","B5I",-1.39170402642793e-05
"8787438","B5I",8.48209065122232e-06
"8787441","B5I",4.45846276015316e-05
"8787453","B5I",8.60784021591029e-06
"8787467","B5I",-1.75399949217956e-05
"8787471","B5I",-2.57780471161273e-05
"8787472","B5I",7.21065000136176e-06
"8787473","B5I",-1.9526281858717e-06
"8787481","B5I",1.02814533164724e-05
"8787495","B5I",-3.57428349565131e-05
"8787521","B5I",5.33845435023498e-06
"8787526","B5I",-3.82371306387076e-05
"8787530","B5I",-5.25393091898605e-05
"8787532","B5I",-1.56471706020551e-05
"8787534","B5I",1.6109042635753e-07
"8787535","B5I",-5.03409374315147e-06
"8787536","B5I",-7.47106770232758e-06
"8787538","B5I",-2.03451120950796e-06
"8787539","B5I",-3.27315411996989e-05
"8787540","B5I",-1.94773538494408e-05
"8787541","B5I",7.32472643204898e-06
"8787543","B5I",-4.05240886498715e-05
"8787547","B5I",-1.07710876461456e-05
"8787552","B5I",-7.83007395857904e-05
"8787554","B5I",-3.30202624090719e-05
"8787557","B5I",-1.94722300757209e-05
"8787568","B5I",-4.95426038161071e-05
"8787569","B5I",-2.66255355552398e-05
"8787570","B5I",3.13097471298774e-05
"8787572","B5I",-3.79318949565928e-05
"8787573","B5I",-6.68307189652029e-06
"8787574","B5I",-5.58455008284468e-05
"8787578","B5I",-5.1562772565901e-05
"8787580","B5I",-1.493534191793e-05
"8787582","B5I",-5.91000237310021e-05
"8787584","B5I",-7.50695392417475e-05
"8787590","B5I",-5.89698547990997e-05
"8787592","B5I",-4.17249596732521e-05
"8787604","B5I",1.44285900258336e-05
"8787618","B5I",6.83988705981551e-06
"8787628","B5I",-2.44955711266095e-06
"8787630","B5I",-2.1017217703256e-07
"8787658","B5I",5.47232589778468e-05
"8787668","B5I",8.08879050786857e-06
"8787670","B5I",-9.79508250780389e-06
"8787676","B5I",-5.45536486185259e-06
"8787690","B5I",-6.50811177814865e-06
"8787692","B5I",3.02741363766789e-05
"8787702","B5I",1.91921814200999e-06
"8787707","B5I",-2.38180749985991e-05
"8787759","B5I",-9.24820116707283e-05
"7806808","B2IR",6.02780397091751e-06
"8786051","B2IR",9.9277815458137e-06
"8786059","B2IR",7.73664933657444e-07
"8786066","B2IR",8.84753043733168e-05
"8786068","B2IR",5.71183005608789e-05
"8786077","B2IR",2.48593184109604e-05
"8786086","B2IR",3.80073648122523e-05
"8786087","B2IR",6.33944055108571e-06
"8786092","B2IR",4.22636219408397e-05
"8786093","B2IR",6.75426558349791e-05
"8786094","B2IR",8.11526569252838e-06
"8786096","B2IR",5.42466791655344e-05
"8786102","B2IR",3.03994247562725e-05
"8786104","B2IR",-1.84101296942368e-06
"8786115","B2IR",-2.45269279264964e-06
"8786132","B2IR",2.86242902860187e-05
"8786136","B2IR",3.3601956592881e-06
"8786147","B2IR",2.29300982268057e-05
"8786149","B2IR",2.14383091279991e-05
"8786150","B2IR",-1.2830584080661e-06
"8786159","B2IR",-3.49163957993492e-06
"8786160","B2IR",-1.43913926930665e-05
"8786165","B2IR",-2.81632846478153e-05
"8786172","B2IR",-5.10106221626996e-05
"8786179","B2IR",1.18455672996437e-05
"8786193","B2IR",1.81367041345784e-05
"8786198","B2IR",-8.24878754275953e-06
"8786202","B2IR",8.749954797824e-06
"8786213","B2IR",-8.59554483748747e-05
"8786234","B2IR",-1.79449745112082e-08
"8786238","B2IR",2.74522585331931e-06
"8786246","B2IR",1.28552829517164e-05
"8786247","B2IR",3.43033066013473e-05
"8786251","B2IR",-2.25400045934944e-05
"8786257","B2IR",-5.26755895327614e-05
"8786258","B2IR",-3.88714787912112e-05
"8786269","B2IR",7.12581180782835e-06
"8786275","B2IR",-2.06668535372234e-05
"8786276","B2IR",5.67944455206708e-06
"8786279","B2IR",-4.484727350657e-05
"8786281","B2IR",-5.23661787103232e-05
"8786285","B2IR",-6.14094556897033e-05
"8786286","B2IR",-2.03654035610118e-05
"8786301","B2IR",-3.88135346294931e-05
"8786303","B2IR",-5.35261782081219e-05
"8786304","B2IR",-7.06034331209926e-06
"8786309","B2IR",-2.00326413824154e-05
"8786313","B2IR",-9.84575307969469e-05
"8786320","B2IR",-7.89843159320182e-05
"8786324","B2IR",-2.15025230815312e-05
"8786329","B2IR",3.576771220164e-05
"8786337","B2IR",-2.11886408588192e-05
"8786340","B2IR",-1.54038225458473e-05
"8786345","B2IR",-1.41449447099487e-05
"8786347","B2IR",-4.27795125504374e-05
"8786350","B2IR",-2.43722331556681e-05
"8786352","B2IR",1.09947343428605e-05
"8786353","B2IR",-6.34415580135248e-06
"8786357","B2IR",-1.2620449858661e-05
"8786359","B2IR",-1.00927243933862e-05
"8786362","B2IR",-5.62755343869831e-06
"8786366","B2IR",-8.1873721553907e-05
"8786367","B2IR",1.90146755511909e-05
"8786368","B2IR",-1.60899632640843e-05
"8786372","B2IR",-8.24850243440583e-05
"8786374","B2IR",9.53318355745658e-06
"8786375","B2IR",-1.87784953938174e-05
"8786376","B2IR",-1.2359308505014e-05
"8786377","B2IR",1.25503862877837e-06
"8786379","B2IR",-1.25179624231042e-05
"8786382","B2IR",-5.6243918299941e-05
"8786389","B2IR",2.25360978757221e-05
"8786391","B2IR",3.07354390317583e-05
"8786406","B2IR",-4.55535545772706e-05
"8786424","B2IR",2.16565909400443e-05
"8786441","B2IR",-2.24223975560539e-05
"8786442","B2IR",-4.79513635620833e-05
"8786444","B2IR",6.28668121572687e-05
"8786447","B2IR",-1.74579346677556e-05
"8786455","B2IR",-1.33220346209199e-05
"8786458","B2IR",-1.67438260507695e-05
"8786462","B2IR",-2.80210941303464e-06
"8786479","B2IR",-2.87120665498907e-05
"8786483","B2IR",-8.97212822286575e-06
"8786484","B2IR",-2.04952447854616e-05
"8786487","B2IR",1.02375954704198e-05
"8786488","B2IR",-5.38611750080222e-05
"8786491","B2IR",-8.00589267303646e-06
"8786492","B2IR",-1.96316221073949e-05
"8786493","B2IR",1.95642002644223e-05
"8786495","B2IR",-2.62938262473042e-05
"8786504","B2IR",-2.74369754092915e-05
"8786507","B2IR",5.81377614724326e-05
"8786508","B2IR",3.80235931781222e-05
"8786524","B2IR",4.49551329726813e-05
"8786525","B2IR",2.48858363345554e-05
"8786526","B2IR",-5.87081027551747e-05
"8786527","B2IR",3.06228835529541e-05
"8786532","B2IR",-1.86150382624624e-05
"8786579","B2IR",4.49890199930404e-05
"8786581","B2IR",8.94218021574156e-06
"8786585","B2IR",3.20739046253713e-05
"8786591","B2IR",-3.17144276916256e-05
"8786598","B2IR",-0.000107581180508033
"8786605","B2IR",-8.99623999328191e-05
"8786612","B2IR",-4.04926723827246e-06
"8786625","B2IR",4.10205831964636e-05
"8786634","B2IR",-3.20075402002214e-05
"8786635","B2IR",-4.24490687988401e-05
"8786636","B2IR",-5.56826266953582e-06
"8786638","B2IR",-1.23607666341147e-05
"8786639","B2IR",-3.24368817530797e-05
"8786660","B2IR",7.71716710475732e-05
"8786674","B2IR",-6.40851034244906e-07
"8786676","B2IR",-2.61659039509143e-05
"8786677","B2IR",5.39553681377018e-05
"8786679","B2IR",2.20467253817968e-05
"8786680","B2IR",2.54389807173149e-05
"8786681","B2IR",-5.89290181248914e-05
"8786683","B2IR",4.1422333870816e-05
"8786686","B2IR",-1.61075593272282e-05
"8786688","B2IR",5.50447893918053e-05
"8786689","B2IR",2.20069076334494e-05
"8786694","B2IR",-9.69015664473267e-06
"8786695","B2IR",-3.14533077113222e-05
"8786697","B2IR",4.26506360052389e-06
"8786698","B2IR",1.59105830309257e-05
"8786699","B2IR",3.59473070601581e-05
"8786700","B2IR",6.18851037507109e-05
"8786701","B2IR",8.31481967133158e-05
"8786704","B2IR",7.67168541326489e-05
"8786706","B2IR",8.00377490130939e-05
"8786707","B2IR",4.90406536506903e-05
"8786709","B2IR",-2.14877228476129e-05
"8786711","B2IR",-2.26697446666547e-05
"8786713","B2IR",2.63792983052323e-05
"8786715","B2IR",2.27318210883279e-05
"8786726","B2IR",-4.00409469219616e-05
"8786729","B2IR",-2.48502939887705e-05
"8786739","B2IR",2.78038621339848e-05
"8786759","B2IR",-1.53050250642546e-05
"8786763","B2IR",-2.51260238489246e-06
"8786764","B2IR",-1.01072759168198e-05
"8786770","B2IR",-8.66292624751651e-06
"8786785","B2IR",1.37858170710285e-05
"8786787","B2IR",2.91182356911488e-06
"8786792","B2IR",-8.32280273074763e-05
"8786793","B2IR",-5.30727023307179e-05
"8786794","B2IR",5.84175115035762e-05
"8786796","B2IR",5.7242902057357e-05
"8786798","B2IR",2.47140938186201e-05
"8786799","B2IR",-2.31647404393114e-05
"8786800","B2IR",1.07035629218557e-05
"8786803","B2IR",-4.71679368863769e-05
"8786819","B2IR",-5.26642503009234e-07
"8786820","B2IR",1.08432430837064e-05
"8786825","B2IR",-4.42612367837898e-05
"8786839","B2IR",-7.58127922503915e-05
"8786843","B2IR",-2.95038458689096e-05
"8786861","B2IR",2.70113229439016e-05
"8786868","B2IR",-3.86015274179659e-05
"8786870","B2IR",-2.79242848379487e-05
"8786873","B2IR",4.76726996749136e-05
"8786911","B2IR",-5.8532455914993e-06
"8786963","B2IR",-3.687885931562e-05
"8786966","B2IR",-2.2356067209526e-05
"8786967","B2IR",-1.94727823260546e-05
"8786968","B2IR",-7.17974776859578e-05
"8786976","B2IR",9.85363007623321e-05
"8786978","B2IR",2.45073902078188e-05
"8786980","B2IR",-3.79304860266737e-05
"8786998","B2IR",2.80692560044637e-05
"8787000","B2IR",2.11210561729902e-05
"8787002","B2IR",-2.01740941004244e-05
"8787004","B2IR",2.53441859575773e-07
"8787008","B2IR",5.85239162695506e-05
"8787017","B2IR",-1.13217296283341e-05
"8787023","B2IR",6.32164732484255e-05
"8787027","B2IR",1.27311823877741e-05
"8787038","B2IR",5.48992932695609e-05
"8787042","B2IR",6.9092105339671e-05
"8787043","B2IR",6.27636038507812e-05
"8787050","B2IR",2.11104990419346e-05
"8787052","B2IR",5.62784787918426e-05
"8787059","B2IR",0.000125068090344215
"8787084","B2IR",1.40011536829987e-05
"8787091","B2IR",1.35970963928734e-05
"8787099","B2IR",1.55784069086657e-05
"8787107","B2IR",1.94955168618895e-05
"8787111","B2IR",2.03376734248365e-05
"8787121","B2IR",3.02892251771948e-05
"8787127","B2IR",2.72496575589202e-05
"8787131","B2IR",-2.87473709689912e-05
"8787150","B2IR",8.7346067895439e-05
"8787153","B2IR",6.13685801771418e-05
"8787155","B2IR",9.29997043799305e-05
"8787156","B2IR",3.23020577292167e-05
"8787160","B2IR",5.29772675200781e-05
"8787161","B2IR",2.07321628605945e-05
"8787164","B2IR",4.20993565821588e-05
"8787176","B2IR",-2.6102080599342e-05
"8787179","B2IR",2.73048965824081e-06
"8787182","B2IR",3.14310293370727e-06
"8787187","B2IR",4.22173365053081e-06
"8787193","B2IR",7.70719658045857e-05
"8787196","B2IR",8.40413135571817e-05
"8787197","B2IR",8.84760209475874e-05
"8787204","B2IR",2.66769373827314e-05
"8787221","B2IR",6.3548884907378e-05
"8787223","B2IR",4.9861610800178e-05
"8787224","B2IR",9.29750890102811e-05
"8787229","B2IR",2.63348657408715e-05
"8787235","B2IR",7.49242046458322e-05
"8787281","B2IR",4.45265417265804e-05
"8787303","B2IR",5.04884042187645e-05
"8787305","B2IR",4.24921166641342e-05
"8787309","B2IR",-1.30669418837098e-05
"8787332","B2IR",4.43795307452589e-05
"8787337","B2IR",6.11303665679024e-05
"8787344","B2IR",3.58399352514428e-05
"8787345","B2IR",4.12864097047348e-05
"8787380","B2IR",-3.21524466164855e-05
"8787385","B2IR",-7.29838818512796e-06
"8787393","B2IR",3.64196517710981e-05
"8787407","B2IR",3.39625098140147e-05
"8787414","B2IR",-1.14103951793679e-06
"8787415","B2IR",1.56598033916009e-06
"8787421","B2IR",4.4471348769597e-05
"8787423","B2IR",1.4708493122087e-05
"8787424","B2IR",5.86965417825243e-05
"8787425","B2IR",3.79466622458941e-05
"8787438","B2IR",9.89536456145372e-07
"8787441","B2IR",3.04932019768472e-05
"8787453","B2IR",9.74771336596852e-07
"8787467","B2IR",3.41159379381492e-05
"8787471","B2IR",4.37774162642226e-05
"8787472","B2IR",6.50731920677385e-05
"8787473","B2IR",3.61803566365867e-05
"8787481","B2IR",8.29950211715124e-05
"8787495","B2IR",9.7863207596912e-05
"8787521","B2IR",5.47643143496037e-05
"8787526","B2IR",3.5638033805184e-05
"8787530","B2IR",2.56136655094636e-05
"8787532","B2IR",3.91842944117647e-05
"8787534","B2IR",6.32923576716139e-05
"8787535","B2IR",3.18893250287851e-05
"8787536","B2IR",2.55012660656877e-05
"8787538","B2IR",3.87236285353066e-05
"8787539","B2IR",5.51675594140988e-05
"8787540","B2IR",4.88643084429574e-05
"8787541","B2IR",3.74250056461546e-05
"8787543","B2IR",8.32015236141693e-05
"8787547","B2IR",4.8625239984539e-05
"8787552","B2IR",7.05951785957508e-06
"8787554","B2IR",1.11885484550842e-05
"8787557","B2IR",-7.06910836340455e-06
"8787568","B2IR",6.83501776534883e-06
"8787569","B2IR",1.51722237117344e-05
"8787570","B2IR",2.32031630638634e-05
"8787572","B2IR",7.47258672840678e-05
"8787573","B2IR",3.61382360251992e-05
"8787574","B2IR",4.78542437552638e-05
"8787578","B2IR",8.08350729368058e-05
"8787580","B2IR",7.72615657580827e-05
"8787582","B2IR",8.38289661958379e-05
"8787584","B2IR",6.15230330131457e-05
"8787590","B2IR",9.72261384334549e-05
"8787592","B2IR",5.58920128084776e-05
"8787604","B2IR",3.14591753332398e-05
"8787618","B2IR",7.45274728155397e-05
"8787628","B2IR",0.000100332421898931
"8787630","B2IR",8.78677656006041e-05
"8787658","B2IR",8.90049497707157e-05
"8787668","B2IR",9.69535390297104e-05
"8787670","B2IR",0.000103842004459998
"8787676","B2IR",8.66734422286206e-05
"8787690","B2IR",8.90181723146238e-05
"8787692","B2IR",2.08812510499267e-05
"8787702","B2IR",1.42959777618336e-05
"8787707","B2IR",0.000122159314365379
"8787759","B2IR",5.57063706981245e-06
"7806808","F5I",8.99347933513439e-05
"8786051","F5I",8.41550682271215e-05
"8786059","F5I",-1.47141744511024e-05
"8786066","F5I",-3.47818869118964e-05
"8786068","F5I",-7.22340325612157e-05
"8786077","F5I",-4.53201057714812e-05
"8786086","F5I",-8.16375034580281e-06
"8786087","F5I",-3.86553713747381e-05
"8786092","F5I",-2.17944105126119e-05
"8786093","F5I",1.4783621831762e-05
"8786094","F5I",3.13634424003642e-05
"8786096","F5I",-2.12745076210749e-05
"8786102","F5I",-1.29670133634346e-05
"8786104","F5I",2.96955251616173e-05
"8786115","F5I",-4.31422434731316e-05
"8786132","F5I",2.99792495705345e-05
"8786136","F5I",-1.91369814959646e-06
"8786147","F5I",-5.20272875418162e-05
"8786149","F5I",-4.59434194056704e-05
"8786150","F5I",-4.05100805005612e-05
"8786159","F5I",7.38269703428609e-06
"8786160","F5I",3.82201584231669e-05
"8786165","F5I",-1.65953139620677e-05
"8786172","F5I",-5.09868744598006e-05
"8786179","F5I",5.14294779211517e-06
"8786193","F5I",3.19385119207888e-05
"8786198","F5I",2.61482216846703e-05
"8786202","F5I",6.81268718582105e-06
"8786213","F5I",7.19590042430251e-06
"8786234","F5I",-8.96204468208682e-06
"8786238","F5I",1.98561302331361e-05
"8786246","F5I",1.96721490931791e-05
"8786247","F5I",2.39370194794848e-05
"8786251","F5I",2.79342607112387e-05
"8786257","F5I",-4.08264128411946e-07
"8786258","F5I",7.85029631638608e-06
"8786269","F5I",-8.01503201407134e-06
"8786275","F5I",1.43965853649311e-05
"8786276","F5I",8.06564336526389e-06
"8786279","F5I",-1.05257655504813e-05
"8786281","F5I",3.19922573700471e-05
"8786285","F5I",-1.36608540819464e-05
"8786286","F5I",8.66053950124676e-06
"8786301","F5I",-4.71411262455612e-05
"8786303","F5I",-2.66486039747736e-05
"8786304","F5I",-4.44432328221891e-05
"8786309","F5I",-5.71561793494293e-05
"8786313","F5I",-1.59928087983713e-05
"8786320","F5I",-3.57752823331691e-05
"8786324","F5I",5.40326007210866e-06
"8786329","F5I",2.06882278957266e-05
"8786337","F5I",1.84334540571781e-05
"8786340","F5I",3.33310386016031e-05
"8786345","F5I",1.91575412971297e-05
"8786347","F5I",3.1869954268867e-05
"8786350","F5I",7.96170505349696e-06
"8786352","F5I",2.95463299079382e-05
"8786353","F5I",7.29116779385406e-05
"8786357","F5I",5.6292486982757e-05
"8786359","F5I",-2.68177073082815e-05
"8786362","F5I",3.61580076288131e-05
"8786366","F5I",7.40576153021246e-05
"8786367","F5I",2.29908021535997e-05
"8786368","F5I",-3.19163662633453e-05
"8786372","F5I",-7.77427075598786e-06
"8786374","F5I",3.12796244776602e-06
"8786375","F5I",3.22808855351402e-05
"8786376","F5I",7.69177921001933e-07
"8786377","F5I",3.60370256474438e-06
"8786379","F5I",-5.1491556774813e-05
"8786382","F5I",2.04072933856146e-05
"8786389","F5I",2.08880808974811e-05
"8786391","F5I",-1.70192177240504e-05
"8786406","F5I",2.43863350630424e-05
"8786424","F5I",-5.46031460585405e-06
"8786441","F5I",4.32906295654503e-05
"8786442","F5I",1.1170824655965e-05
"8786444","F5I",-7.17731370422877e-05
"8786447","F5I",-4.05626326493414e-05
"8786455","F5I",-1.4993140361329e-05
"8786458","F5I",1.9184350823868e-05
"8786462","F5I",-2.10163877803897e-05
"8786479","F5I",2.52520184516935e-05
"8786483","F5I",-2.33852385015981e-05
"8786484","F5I",1.49908389885947e-05
"8786487","F5I",-5.81938180009148e-06
"8786488","F5I",-6.88603107970914e-06
"8786491","F5I",7.07526530065874e-05
"8786492","F5I",4.63899692136734e-05
"8786493","F5I",-2.90706049890274e-05
"8786495","F5I",-5.43641317124929e-05
"8786504","F5I",2.47854158462766e-05
"8786507","F5I",-3.00544407548772e-07
"8786508","F5I",-1.69714208325708e-05
"8786524","F5I",4.51813331907843e-05
"8786525","F5I",2.19090948917684e-06
"8786526","F5I",1.17488560260936e-05
"8786527","F5I",-1.54955122374667e-05
"8786532","F5I",-1.78954442379527e-05
"8786579","F5I",3.23014748525128e-05
"8786581","F5I",-3.86082796672753e-05
"8786585","F5I",1.44977465787919e-05
"8786591","F5I",-9.80620709905587e-06
"8786598","F5I",-4.39476399837576e-05
"8786605","F5I",4.17621371754909e-05
"8786612","F5I",-2.13122070159048e-05
"8786625","F5I",-1.72484218602005e-05
"8786634","F5I",1.40859015136684e-05
"8786635","F5I",-1.8215838819691e-05
"8786636","F5I",-9.86816354293317e-05
"8786638","F5I",-6.03009476156189e-05
"8786639","F5I",-4.53868570772404e-05
"8786660","F5I",1.46069704245433e-05
"8786674","F5I",2.60195006354896e-05
"8786676","F5I",3.43637273386342e-05
"8786677","F5I",-3.14657321838944e-06
"8786679","F5I",-1.85289861358605e-05
"8786680","F5I",3.49871549068544e-05
"8786681","F5I",7.84958072687773e-06
"8786683","F5I",-4.16280832599388e-05
"8786686","F5I",8.2487716335947e-06
"8786688","F5I",3.77598205775584e-06
"8786689","F5I",-1.12866018481744e-05
"8786694","F5I",-1.40696477819806e-05
"8786695","F5I",-4.16378557816826e-05
"8786697","F5I",-3.255762992098e-06
"8786698","F5I",-1.50301300413941e-05
"8786699","F5I",2.58166441860352e-05
"8786700","F5I",1.2247321131961e-05
"8786701","F5I",-5.9509503600667e-05
"8786704","F5I",2.53455660221962e-05
"8786706","F5I",2.95388325545677e-06
"8786707","F5I",1.39331616425778e-05
"8786709","F5I",-3.77384909563858e-05
"8786711","F5I",-6.24565377039667e-06
"8786713","F5I",-2.11392138652381e-05
"8786715","F5I",1.44081930743669e-05
"8786726","F5I",-5.78540480261138e-05
"8786729","F5I",-6.07616441465818e-05
"8786739","F5I",2.55285067420939e-05
"8786759","F5I",-5.51795247881884e-05
"8786763","F5I",-2.16492534529625e-05
"8786764","F5I",1.72001107797557e-05
"8786770","F5I",2.09646139515763e-06
"8786785","F5I",7.88466462606802e-06
"8786787","F5I",3.49550847773907e-05
"8786792","F5I",2.19633135336932e-05
"8786793","F5I",1.08715626277378e-05
"8786794","F5I",3.79813485535941e-05
"8786796","F5I",3.16539405510903e-05
"8786798","F5I",3.54647364837898e-05
"8786799","F5I",1.25447968455825e-05
"8786800","F5I",2.65714559779471e-05
"8786803","F5I",5.17492024183484e-06
"8786819","F5I",2.56675950129744e-05
"8786820","F5I",1.14258418906192e-05
"8786825","F5I",-1.21499279480824e-05
"8786839","F5I",1.6622451097475e-05
"8786843","F5I",-1.34476577192903e-05
"8786861","F5I",-9.88831075069543e-05
"8786868","F5I",9.61244315984688e-07
"8786870","F5I",2.42622545948268e-05
"8786873","F5I",-1.03664574497117e-05
"8786911","F5I",-4.33100335724508e-05
"8786963","F5I",-5.33733361244793e-05
"8786966","F5I",-5.70508192028595e-05
"8786967","F5I",-3.25655763076381e-05
"8786968","F5I",-3.81263426813761e-05
"8786976","F5I",3.24079662894748e-05
"8786978","F5I",6.93640870815911e-06
"8786980","F5I",-9.22264360595841e-06
"8786998","F5I",4.32200771675247e-05
"8787000","F5I",5.91581741433255e-05
"8787002","F5I",-3.03373394814387e-05
"8787004","F5I",1.95226488930721e-05
"8787008","F5I",1.87407420457286e-05
"8787017","F5I",-2.46884275116039e-05
"8787023","F5I",3.4190185185711e-05
"8787027","F5I",-2.76795183815637e-05
"8787038","F5I",-3.59208188969508e-05
"8787042","F5I",-2.07617024254704e-05
"8787043","F5I",1.73569106525979e-05
"8787050","F5I",-2.29196599876868e-05
"8787052","F5I",2.5563902115647e-05
"8787059","F5I",3.47197581447977e-05
"8787084","F5I",-3.0210898869275e-05
"8787091","F5I",3.82038931593517e-05
"8787099","F5I",4.13320878135455e-05
"8787107","F5I",-5.91548220987404e-06
"8787111","F5I",2.73718363109443e-05
"8787121","F5I",5.80032634689978e-05
"8787127","F5I",-1.02454336951909e-05
"8787131","F5I",7.97971206521138e-06
"8787150","F5I",1.7358293343913e-07
"8787153","F5I",-3.24532673554212e-05
"8787155","F5I",3.4952014027522e-05
"8787156","F5I",-1.83301816024331e-05
"8787160","F5I",-6.40181540480654e-06
"8787161","F5I",3.94419704148564e-05
"8787164","F5I",-5.69210044577392e-06
"8787176","F5I",-4.35475464524808e-05
"8787179","F5I",4.83231106091286e-05
"8787182","F5I",6.65350261750921e-05
"8787187","F5I",2.30180365755319e-05
"8787193","F5I",3.04797350821798e-05
"8787196","F5I",4.65311356387633e-05
"8787197","F5I",3.43103315876612e-05
"8787204","F5I",-1.01676241059176e-05
"8787221","F5I",1.70330257686195e-05
"8787223","F5I",2.92042249534421e-05
"8787224","F5I",1.0459327249008e-05
"8787229","F5I",-1.22011291313799e-05
"8787235","F5I",5.99248734871606e-05
"8787281","F5I",-2.81596184544583e-06
"8787303","F5I",3.74260446690913e-05
"8787305","F5I",-3.55334391420443e-06
"8787309","F5I",-5.65262142385778e-06
"8787332","F5I",1.6491809886672e-05
"8787337","F5I",2.32814963578125e-05
"8787344","F5I",2.36917921011902e-05
"8787345","F5I",-1.54834565876667e-05
"8787380","F5I",3.29704115471936e-05
"8787385","F5I",4.35872637045177e-06
"8787393","F5I",1.95939374783198e-05
"8787407","F5I",5.53643742032031e-05
"8787414","F5I",2.44217490296556e-05
"8787415","F5I",1.36674025581851e-05
"8787421","F5I",4.80748680737007e-05
"8787423","F5I",8.93840945054864e-05
"8787424","F5I",1.2590791134441e-05
"8787425","F5I",3.22412250713459e-05
"8787438","F5I",6.45171600233551e-05
"8787441","F5I",-4.8777128910129e-05
"8787453","F5I",9.13174120715108e-06
"8787467","F5I",7.83327367797911e-06
"8787471","F5I",4.63159115580015e-06
"8787472","F5I",-1.08987162091487e-05
"8787473","F5I",5.67597771577885e-05
"8787481","F5I",4.93045777862908e-05
"8787495","F5I",-1.27892841607211e-05
"8787521","F5I",5.69857047361747e-05
"8787526","F5I",7.12292802182353e-05
"8787530","F5I",9.21367388485101e-05
"8787532","F5I",5.55004013395989e-05
"8787534","F5I",3.65808330923298e-05
"8787535","F5I",7.72039564428753e-05
"8787536","F5I",7.08551411449417e-05
"8787538","F5I",9.16251490032543e-05
"8787539","F5I",-5.41389286385359e-05
"8787540","F5I",-1.03004003896288e-05
"8787541","F5I",6.68499580084806e-05
"8787543","F5I",-5.11889006985285e-07
"8787547","F5I",5.42774961644339e-05
"8787552","F5I",-1.71557681393631e-05
"8787554","F5I",7.04466770813101e-05
"8787557","F5I",-2.69672254970296e-05
"8787568","F5I",-4.15203662911523e-05
"8787569","F5I",-3.22241324497773e-05
"8787570","F5I",3.09402591743567e-05
"8787572","F5I",-2.08320731045747e-05
"8787573","F5I",2.72587336253038e-05
"8787574","F5I",1.45111818771514e-05
"8787578","F5I",-0.000114882025818542
"8787580","F5I",-5.78740195194643e-05
"8787582","F5I",-6.08613255332523e-05
"8787584","F5I",-2.52513017179482e-05
"8787590","F5I",-5.79623364171651e-05
"8787592","F5I",-4.06197396785101e-05
"8787604","F5I",4.70464521184598e-05
"8787618","F5I",4.89784796746091e-05
"8787628","F5I",8.86320997904463e-06
"8787630","F5I",4.24650057126189e-05
"8787658","F5I",5.29512838096339e-05
"8787668","F5I",8.08320695904504e-06
"8787670","F5I",9.69594720802388e-06
"8787676","F5I",-1.31829026512355e-05
"8787690","F5I",-1.14581061949941e-05
"8787692","F5I",1.16870246405728e-05
"8787702","F5I",7.924898567478e-05
"8787707","F5I",-6.73627758103265e-06
"8787759","F5I",-3.46380118038724e-05
