"","GID","Predicted_value","Std_error","PEV","Reliability"
"1","7806808",6.5534722346405,0.0868039671311664,0.00753492870970861,NA
"2","8786051",6.18131554345557,0.0908773995538232,0.00825870174966523,NA
"3","8786059",6.15657426079212,0.0868013541417281,0.0075344750808377,NA
"4","8786066",6.07651210315792,0.0872633983963671,0.00761490069968308,NA
"5","8786068",6.03965960234943,0.0857873602789988,0.00735947118363875,NA
"6","8786077",6.11578479986304,0.0883997492817054,0.00781451567306837,NA
"7","8786086",6.09979043420655,0.0881632790067341,0.00777276376521924,NA
"8","8786087",6.00716655691624,0.0868281369358178,0.00753912536374513,NA
"9","8786092",6.33112256499491,0.0877679344459801,0.00770321031691385,NA
"10","8786093",6.30674961519331,0.0876752740210046,0.00768695367465825,NA
"11","8786094",6.31583345215068,0.0885384180242795,0.00783905146624206,NA
"12","8786096",6.18175494801223,0.0869599184584514,0.00756202741830052,NA
"13","8786102",6.1853189746623,0.0863056180139563,0.00744865970077094,NA
"14","8786104",6.19482381508997,0.0855586489391446,0.00732028240829179,NA
"15","8786115",6.05600818791744,0.087848309537016,0.00771732548851138,NA
"16","8786132",6.20352567050484,0.0863689978416287,0.00745960378816727,NA
"17","8786136",6.25709844090352,0.0852734721243366,0.00727156504814001,NA
"18","8786147",6.15724154969776,0.085279780710257,0.00727264099798953,NA
"19","8786149",6.20428886914779,0.0850415830357796,0.0072320708452314,NA
"20","8786150",6.13953656577262,0.0851153496915927,0.00724462275312211,NA
"21","8786159",6.19323681174925,0.0887003324107799,0.00786774896978286,NA
"22","8786160",6.18014053184165,0.0877872682127083,0.00770660446024998,NA
"23","8786165",6.14841408750971,0.088353458391367,0.00780633360971501,NA
"24","8786172",5.94073159827091,0.0862983265581791,0.00744740116674212,NA
"25","8786179",6.03337370899009,0.0910545570002333,0.00829093235050873,NA
"26","8786193",6.32401380307917,0.0901928514072855,0.00813475044497669,NA
"27","8786198",6.06317946601824,0.0897659870257413,0.00805793242670556,NA
"28","8786202",6.14848249668677,0.0899641484739951,0.00809354801065104,NA
"29","8786213",6.20969074857672,0.0927960082740481,0.00861109915159721,NA
"30","8786234",6.08130739009893,0.0881588300848497,0.0077719793219294,NA
"31","8786238",6.04542927550774,0.0920210197981306,0.00846786808468795,NA
"32","8786246",6.12664123043602,0.0859621112233553,0.00738948456597651,NA
"33","8786247",6.12855767690739,0.0872055429635925,0.00760480672357498,NA
"34","8786251",6.10312597243914,0.089947575750682,0.00809056638342468,NA
"35","8786257",5.92247659280763,0.0887503304167393,0.00787662114908041,NA
"36","8786258",5.99550752093678,0.0893516656335688,0.00798372015149309,NA
"37","8786269",5.96792901140292,0.0907216300364146,0.00823041415646409,NA
"38","8786275",6.13634398141493,0.090410920807297,0.00817413460122333,NA
"39","8786276",6.04073796110941,0.0902175713051437,0.00813921017219868,NA
"40","8786279",6.0736660291637,0.0905457565043363,0.00819853402094255,NA
"41","8786281",6.17351624810887,0.0918334771860715,0.00843338753208471,NA
"42","8786285",5.95570618819703,0.089822398563398,0.00806806328368192,NA
"43","8786286",5.86023162167758,0.0886200911577448,0.007853520556807,NA
"44","8786301",5.8165479061979,0.0902281885544682,0.00814112600982068,NA
"45","8786303",5.98754886044312,0.0833048868243144,0.00693970416881183,NA
"46","8786304",6.07434348534144,0.0840115955914052,0.00705794819381381,NA
"47","8786309",5.91344380480663,0.0922565137126584,0.00851126432241393,NA
"48","8786313",5.89742536285919,0.0877679901838628,0.00770322010091464,NA
"49","8786320",5.84013048650569,0.0903291462052802,0.00815935465417489,NA
"50","8786324",5.76442420224778,0.0899402423701937,0.00808924719760919,NA
"51","8786329",6.20734269179175,0.0874575035945708,0.00764881493499436,NA
"52","8786337",6.05345766618037,0.0920816890666229,0.00847903746136222,NA
"53","8786340",6.16337920488047,0.0869884971694765,0.00756699863980402,NA
"54","8786345",6.13137064166617,0.0828833232129819,0.00686964526682762,NA
"55","8786347",6.15409625913671,0.0830405969439282,0.00689574074080394,NA
"56","8786350",6.33191005328757,0.0885039376483014,0.00783294697925442,NA
"57","8786352",6.25170377429221,0.0905725098814815,0.00820337954623107,NA
"58","8786353",6.2648097193006,0.0879295130965953,0.00773159927340432,NA
"59","8786357",6.09480387089702,0.0871123020397324,0.00758855316666157,NA
"60","8786359",5.93439291214192,0.087609080447354,0.00767535097683094,NA
"61","8786362",6.03173197985103,0.0871813391806101,0.00760058590132459,NA
"62","8786366",6.07964449234512,0.0922840442939809,0.00851634483125343,NA
"63","8786367",5.87400435759228,0.087437896167987,0.00764538568628367,NA
"64","8786368",5.86262134571902,0.0882818595210794,0.00779368672049959,NA
"65","8786372",5.96932000500445,0.0884862176667178,0.00782981071696177,NA
"66","8786374",5.88234047645359,0.0849617248912566,0.00721849469649758,NA
"67","8786375",5.9208194422868,0.0853310647181566,0.00728139060593423,NA
"68","8786376",5.94018866904576,0.0866853920325273,0.00751435719183295,NA
"69","8786377",6.12497210226251,0.0878966653325091,0.00772582377657511,NA
"70","8786379",5.87448449435735,0.0870499810704973,0.00757769920437393,NA
"71","8786382",5.98829695815004,0.0864186467358371,0.0074681825036534,NA
"72","8786389",6.12440511555575,0.0888646224055605,0.00789692111528284,NA
"73","8786391",5.92915052391781,0.0920913170732246,0.00848081068028119,NA
"74","8786406",6.00347272251971,0.0906796528130911,0.00822279943430275,NA
"75","8786424",6.0301577250147,0.0935929152319753,0.00875963378161972,NA
"76","8786441",6.1633383893329,0.0878449282053343,0.00771673141140034,NA
"77","8786442",6.2097731377784,0.0873290427452248,0.00762636170679729,NA
"78","8786444",6.04381912947252,0.0887887252763805,0.00788343773620458,NA
"79","8786447",5.96155025091318,0.0885713468063615,0.00784488347509276,NA
"80","8786455",5.97212435876337,0.0852454226092395,0.00726678207582784,NA
"81","8786458",6.08969725684683,0.0856294561227203,0.00733240375587289,NA
"82","8786462",5.94986399622826,0.0872674819016055,0.00761561339744704,NA
"83","8786479",6.03683128220788,0.0895627819546404,0.00802149191145446,NA
"84","8786483",5.98305569275276,0.0857111506522782,0.00734640134613754,NA
"85","8786484",6.07648978943438,0.0864300126752504,0.00747014709104394,NA
"86","8786487",6.19560148618037,0.083376012952788,0.00695155953590347,NA
"87","8786488",6.09289805612445,0.0856303304086145,0.00733255348588849,NA
"88","8786491",6.43507668308776,0.0864179021662937,0.00746805381482311,NA
"89","8786492",6.18656604822675,0.083366702980261,0.00695000716579906,NA
"90","8786493",6.24468842627352,0.0881766411899561,0.00777512005154226,NA
"91","8786495",6.22962416871087,0.0858068851922689,0.00736282154639922,NA
"92","8786504",6.05570032367798,0.0891409050868775,0.00794610095970771,NA
"93","8786507",6.23319531187598,0.0886370449784307,0.00785652574250834,NA
"94","8786508",6.12275993942867,0.0892616232574016,0.0079676373865463,NA
"95","8786524",6.17924753274055,0.08347581419825,0.00696821155606075,NA
"96","8786525",6.23903965606673,0.0866290711796099,0.00750459597344192,NA
"97","8786526",6.09224431543406,0.0856338956191038,0.00733316407890357,NA
"98","8786527",6.05706065008812,0.0864443076730735,0.00747261832907699,NA
"99","8786532",5.93145993323954,0.0901330989278786,0.00812397552234275,NA
"100","8786579",6.3102936819467,0.0901643584230316,0.0081296115298369,NA
"101","8786581",6.28257482220065,0.0904442092698504,0.00818015499044849,NA
"102","8786585",6.31731384269931,0.0895827417450202,0.00802506761855499,NA
"103","8786591",6.34571637944811,0.0846599885432338,0.00716731366014047,NA
"104","8786598",5.86706204256507,0.0888747248208398,0.00789871671197999,NA
"105","8786605",6.21242109473818,0.0887323836530105,0.00787343590874505,NA
"106","8786612",6.11397111532986,0.0847362224933349,0.00718022740243995,NA
"107","8786625",6.007714371287,0.0894782803480986,0.00800636265405293,NA
"108","8786634",6.05655280070011,0.0891458556176796,0.00794698357380818,NA
"109","8786635",6.06615283510864,0.089027432823684,0.00792588379517556,NA
"110","8786636",5.78103458824039,0.0866801165821364,0.00751344261069276,NA
"111","8786638",5.75946026831953,0.0864568269594913,0.00747478292790342,NA
"112","8786639",5.90402328427468,0.0878584228055361,0.00771910245787635,NA
"113","8786660",6.32383272067102,0.0898430558290745,0.0080717746807062,NA
"114","8786674",6.31877006643036,0.0855310894201739,0.00731556725740179,NA
"115","8786676",6.43959436668152,0.0843403304737604,0.00711329134442312,NA
"116","8786677",6.51408688795327,0.0838750676182603,0.00703502696796774,NA
"117","8786679",6.37977279600798,0.0839554299830497,0.00704851422363876,NA
"118","8786680",6.4876352600588,0.0843102527831052,0.00710821872435109,NA
"119","8786681",6.436632759528,0.0843472133682123,0.00711445240298273,NA
"120","8786683",6.31230895718621,0.0843900190927363,0.0071216753224724,NA
"121","8786686",6.2691714654477,0.0894154463627218,0.00799512204824477,NA
"122","8786688",6.36771940264133,0.0897143216888506,0.00804865951609056,NA
"123","8786689",6.32437532497798,0.0889162255036351,0.00790609515781329,NA
"124","8786694",6.37910932175009,0.0857847369166141,0.00735902108785269,NA
"125","8786695",6.24406448587919,0.0855472099407281,0.007318325128643,NA
"126","8786697",6.18131381108167,0.0880556409171275,0.0077537958973261,NA
"127","8786698",6.32280835208441,0.0882283403142555,0.00778424003460808,NA
"128","8786699",6.41724161624821,0.0864696985902412,0.00747700877428716,NA
"129","8786700",6.30669205438268,0.0855163931136833,0.00731305349117401,NA
"130","8786701",6.3039903873431,0.0850807208035694,0.00723872905245493,NA
"131","8786704",6.42007357860167,0.0744058076659571,0.0055362242144234,NA
"132","8786706",6.32236297370302,0.0746429930232704,0.00557157640747199,NA
"133","8786707",6.42464702143021,0.0747951589182577,0.00559431579760743,NA
"134","8786709",6.2574673705243,0.0784857510550078,0.00616001311866865,NA
"135","8786711",6.33111272935267,0.0782988971595105,0.0061307172963956,NA
"136","8786713",6.33988813810612,0.0747601864180567,0.0055890854732626,NA
"137","8786715",6.31840472962255,0.0759123643458627,0.005762687060579,NA
"138","8786726",6.11853421302293,0.0903463422437301,0.0081624615568212,NA
"139","8786729",6.23149176156337,0.0906032185628365,0.00820894321394513,NA
"140","8786739",6.33863894999865,0.0786329840729683,0.00618314618421969,NA
"141","8786759",6.23671992973477,0.0884200094080488,0.00781809806371943,NA
"142","8786763",6.29135797323219,0.090305774660366,0.0081551329370088,NA
"143","8786764",6.33490752073074,0.0893059421451189,0.00797555130242733,NA
"144","8786770",5.96188829400042,0.0929064349437806,0.00863160565396293,NA
"145","8786785",6.49181772189542,0.0863135604365751,0.0074500307152383,NA
"146","8786787",6.42093846165298,0.0817053222245892,0.00667575967982396,NA
"147","8786792",6.49808217506984,0.0843264441658091,0.00711094918564932,NA
"148","8786793",6.39338165916516,0.0885586196080455,0.0078426291068825,NA
"149","8786794",6.53632157512835,0.0858336473477832,0.0073674150170236,NA
"150","8786796",6.57874217850695,0.0836626674899691,0.00699944193153714,NA
"151","8786798",6.41336985045511,0.0871639833314818,0.00759755999021084,NA
"152","8786799",6.37297211116902,0.0873852973934381,0.00763619020053962,NA
"153","8786800",6.21557890335057,0.0909927361413967,0.00827967803049784,NA
"154","8786803",6.20240359045829,0.0925814651216205,0.00857132768406584,NA
"155","8786819",6.12324226749884,0.0851124584867416,0.00724413058965732,NA
"156","8786820",6.1782752268964,0.0848350764743715,0.00719699020041247,NA
"157","8786825",6.19088617539911,0.0849234029620659,0.00721198437065742,NA
"158","8786839",6.07235374881968,0.0918977381208551,0.00844519427172926,NA
"159","8786843",6.09432312541733,0.090471714528622,0.00818513112974848,NA
"160","8786861",5.91071695167208,0.0913786360326361,0.00835005512318498,NA
"161","8786868",6.17305861847775,0.0916686323849855,0.00840313816333361,NA
"162","8786870",5.98083218049383,0.0919265690747316,0.0084504941018514,NA
"163","8786873",6.09341323691108,0.0915171326794188,0.00837538557386235,NA
"164","8786911",6.29517261235873,0.0898007860285873,0.00806418117135213,NA
"165","8786963",6.20824050008705,0.0838915328535707,0.00703778928452173,NA
"166","8786966",6.16697119884787,0.0853434522462306,0.00728350484130464,NA
"167","8786967",6.47518552261399,0.0843529187586387,0.00711541490310151,NA
"168","8786968",6.18761911137177,0.0842647153678524,0.00710054225602519,NA
"169","8786976",6.27352944902618,0.0917672548561431,0.00842122906383231,NA
"170","8786978",6.18081919816674,0.0870624672832874,0.00757987320945349,NA
"171","8786980",6.29214618810272,0.0892615484659381,0.00796762403453702,NA
"172","8786998",6.31053929271821,0.0833336505376523,0.00694449731193155,NA
"173","8787000",6.41995081719401,0.0826599603775053,0.00683266904961075,NA
"174","8787002",6.18708994527899,0.0893626210973458,0.00798567804938779,NA
"175","8787004",6.32580673442629,0.0890747564156789,0.00793431223051253,NA
"176","8787008",6.51167590833332,0.0869120130963454,0.00755369802045931,NA
"177","8787017",6.16115879767255,0.0867049579716515,0.00751774973686585,NA
"178","8787023",6.22241905650005,0.0884729857161659,0.00782746920153289,NA
"179","8787027",6.23868612426263,0.0922645404317572,0.00851274542108335,NA
"180","8787038",6.22825365373108,0.0880161446457849,0.00774684171830773,NA
"181","8787042",6.46831516396486,0.0892144526028199,0.0079592185532208,NA
"182","8787043",6.4849959158129,0.0913023943320603,0.00833612721076703,NA
"183","8787050",6.28613065738141,0.0896126666552235,0.0080304300250602,NA
"184","8787052",6.36615349231237,0.0883230522780956,0.00780096156371922,NA
"185","8787059",6.12312423279754,0.0873804138534258,0.00763533672519597,NA
"186","8787084",6.11310354103687,0.0900873483641998,0.0081157303352927,NA
"187","8787091",6.46225751254265,0.0883548576633071,0.00780658087270326,NA
"188","8787099",6.50907782504748,0.0877276965670946,0.00769614874496821,NA
"189","8787107",6.22321413746703,0.0853839192867695,0.00729041367276957,NA
"190","8787111",6.13057283699811,0.0853432730698782,0.00728347425827979,NA
"191","8787121",6.22157860311177,0.0852683148226495,0.00727068551269447,NA
"192","8787127",6.47194645072072,0.0900792685858025,0.00811427462895315,NA
"193","8787131",6.35061402965932,0.0918825171389332,0.00844239695578635,NA
"194","8787150",6.51850425505013,0.0866026381854148,0.00750001694067386,NA
"195","8787153",6.45406678413869,0.0823653959898213,0.00678405845656007,NA
"196","8787155",6.40359039485898,0.0832122231988593,0.00692427408969678,NA
"197","8787156",6.62590812779274,0.0861158560287777,0.00741594065956917,NA
"198","8787160",6.44830864173645,0.0837295818105531,0.00701064287017011,NA
"199","8787161",6.40682496105978,0.0868380611169279,0.0075408488585473,NA
"200","8787164",6.50847195553809,0.081318622382821,0.00661271834623984,NA
"201","8787176",6.03464599985807,0.0898497665088897,0.008072980541702,NA
"202","8787179",6.1772565448179,0.0863939639553627,0.00746391700792052,NA
"203","8787182",6.33016232705218,0.0862953312996789,0.00744688420412133,NA
"204","8787187",6.16868014435986,0.0893027886979578,0.0079749880692321,NA
"205","8787193",6.10819159864926,0.0885057479611867,0.0078332674221691,NA
"206","8787196",6.25584021760721,0.0924701917561333,0.00855073636341606,NA
"207","8787197",6.24283034196353,0.0886931933389655,0.00786648254466312,NA
"208","8787204",6.25956950174355,0.0917260980380895,0.0084136770612932,NA
"209","8787221",6.09300316803692,0.0849462803022784,0.00721587053719325,NA
"210","8787223",6.06649453716512,0.0848503662197218,0.00719958464762091,NA
"211","8787224",6.08657018136408,0.0881194272007606,0.00776503345019015,NA
"212","8787229",6.25110488167238,0.0933658995337589,0.00871719119574797,NA
"213","8787235",6.62577149537385,0.085484544527558,0.00730760735308405,NA
"214","8787281",6.27658682279109,0.0844342794458502,0.00712914754553993,NA
"215","8787303",6.45372836081656,0.0905288758409995,0.0081954773610351,NA
"216","8787305",6.20817318990236,0.0909505638155189,0.00827200505836078,NA
"217","8787309",6.29276314764849,0.0894443765200343,0.00800029649105766,NA
"218","8787332",6.4250756029865,0.0843855107411272,0.00712091442304089,NA
"219","8787337",6.28885055556965,0.0914745418501122,0.00836759180668793,NA
"220","8787344",6.41729496923181,0.0851925503775767,0.00725777063983594,NA
"221","8787345",6.29598072433562,0.086490528506163,0.00748061152127539,NA
"222","8787380",6.37187046107697,0.0901882052652191,0.00813391236896129,NA
"223","8787385",6.21311423135752,0.0908042982328528,0.00824542057756087,NA
"224","8787393",6.03200871251306,0.0914458112060973,0.00836233638714119,NA
"225","8787407",6.29817246314183,0.0873174514247736,0.0076243373233177,NA
"226","8787414",5.9653886407002,0.0861340672226801,0.00741907753632118,NA
"227","8787415",6.0494476964646,0.0865940883760038,0.00749853614167115,NA
"228","8787421",6.33712064508473,0.0849115945051765,0.00720997888141153,NA
"229","8787423",6.28791329242783,0.0899535942715021,0.00809164912236201,NA
"230","8787424",6.3354985285666,0.0852942066280766,0.00727510168431303,NA
"231","8787425",6.27035466047839,0.0907173254379895,0.00822963313462209,NA
"232","8787438",6.30190825307281,0.0912296649106233,0.00832285175970461,NA
"233","8787441",6.23364824643814,0.0910930930615127,0.00829795160351341,NA
"234","8787453",6.1152454601059,0.0914066205027524,0.00835517027173419,NA
"235","8787467",6.11950352191623,0.0865201716549905,0.00748574010320903,NA
"236","8787471",6.17897629299706,0.0877995378162876,0.00770875884075372,NA
"237","8787472",6.20457393301157,0.0903065057186936,0.00815526497512044,NA
"238","8787473",6.41406711663212,0.0893880920951227,0.00799023100840614,NA
"239","8787481",6.21854998213134,0.090728208754636,0.0082316078638248,NA
"240","8787495",5.87599909851973,0.0913220000215173,0.00833970768793001,NA
"241","8787521",6.39548676142984,0.0901385001480606,0.00812494920894192,NA
"242","8787526",6.28154559161706,0.086313238842821,0.00744997519953787,NA
"243","8787530",6.19878924588973,0.0839700530658663,0.00705096981188441,NA
"244","8787532",6.22079115560957,0.085872922093146,0.00737415874881553,NA
"245","8787534",6.24160395862442,0.0852148750316067,0.00726157492665235,NA
"246","8787535",6.2542923470953,0.0848191232461279,0.00719428366824184,NA
"247","8787536",6.16250162694067,0.083506727347724,0.00697337351232712,NA
"248","8787538",6.31657189248961,0.0868274714717919,0.00753900980218484,NA
"249","8787539",6.06386267977298,0.083054607729572,0.00689806786511308,NA
"250","8787540",6.13972050421786,0.0829652878640455,0.00688323899036394,NA
"251","8787541",6.27719509837605,0.0847005219170917,0.00717417841302774,NA
"252","8787543",6.21740638129479,0.0836005961442106,0.00698905967566741,NA
"253","8787547",6.13061410404164,0.0862021302548914,0.00743080726048127,NA
"254","8787552",5.98233234945604,0.0876664555723788,0.00768540743262387,NA
"255","8787554",6.30476541572998,0.0877512546893467,0.00770028269955459,NA
"256","8787557",5.99241516761214,0.0914604414457476,0.00836501234945103,NA
"257","8787568",5.93394247514126,0.0901808326831357,0.00813258258342371,NA
"258","8787569",6.17576047086806,0.0864452331249185,0.00747277833002151,NA
"259","8787570",6.32327151240599,0.0862336750007015,0.00743624670412661,NA
"260","8787572",6.21513702411126,0.0895630772857731,0.00802154481289737,NA
"261","8787573",6.30456301798997,0.0851860611918595,0.00725666502138323,NA
"262","8787574",6.19097535697195,0.0854578583851058,0.0073030455597688,NA
"263","8787578",6.08585000093648,0.0861110445720687,0.00741511199729279,NA
"264","8787580",6.21420770915262,0.0863070964268716,0.00744891489363731,NA
"265","8787582",6.12244974904453,0.0872849203251681,0.00761865731617095,NA
"266","8787584",6.20246786490916,0.0832197263597951,0.00692552285539917,NA
"267","8787590",6.11710775544597,0.0849165837053131,0.00721082618818145,NA
"268","8787592",6.13530334681431,0.0842138768447364,0.00709197705322043,NA
"269","8787604",6.30678535234678,0.0905180436080185,0.00819351621862313,NA
"270","8787618",6.33409423502563,0.0900388754002967,0.00810699908335016,NA
"271","8787628",6.01561113957683,0.0905751554894148,0.00820385879193168,NA
"272","8787630",6.32432894158923,0.085031430653123,0.00723034419891687,NA
"273","8787658",6.23653337287278,0.0893109935971401,0.00797645357730841,NA
"274","8787668",6.17612696881868,0.0898617807102933,0.00807513963242484,NA
"275","8787670",6.32627056375274,0.0902417875749073,0.00814358022471469,NA
"276","8787676",6.22016624640944,0.0930850777506746,0.00866483169984913,NA
"277","8787690",6.27903936543594,0.088854233319926,0.00789507477887185,NA
"278","8787692",6.02663489898539,0.0915753471357495,0.00838604420303302,NA
"279","8787702",6.01537637783598,0.0892801877611576,0.00797095192666756,NA
"280","8787707",6.14326672622296,0.0914193930794583,0.00835750543101651,NA
"281","8787759",5.69752800849608,0.0939284634913082,0.00882255625383802,NA
