"Estimated_breeding_value.NAME","Estimated_breeding_value.Estimated_breeding_value","Estimated_breeding_value.Standard_error","Estimated_breeding_value.Prediction_error_variance","Estimated_breeding_value.Reliability"
"2ND20798",-0.00286864853553159,0.0244039205358617,0.00059555133752065,0.360054701089972
"2ND21089_3",-0.0382228031642335,0.0241808790671159,0.000584714912458484,0.371698901746786
"2ND21865_6",0.0559063588327255,0.0246747298134827,0.000608842291368372,0.34577300462315
"2ND21867",-0.0234140222547099,0.0224944819393526,0.000506001717719862,0.456279584824211
"2ND22182",0.0208465570958205,0.0262640318928591,0.000689799371269118,0.258781171288263
"2ND22927",0.0190823168520213,0.0240392635582555,0.000577886192423272,0.379036652514502
"2ND23146",0.00939553281669725,0.0253149012866235,0.000640844227151494,0.311385560468146
"2ND23164",0.00934790669452168,0.0204192595846356,0.000416946161984733,0.551973575659283
"2ND24175",0.00836574938684986,0.0236860784205362,0.000561030310943789,0.397149015684883
"2ND24186",-0.0113438219469693,0.019916656474495,0.000396673205123044,0.573757731988532
"2ND24205",0.026595103335161,0.0221996102418972,0.000492822694892148,0.470441006638717
"2ND24238",-0.0180906627596507,0.0272183539734313,0.000740838793023002,0.203937136941095
"2ND24253",-0.0138825694050448,0.0231897289878594,0.000537763530530366,0.422150163039077
"2ND24259",0.0229097964362039,0.0222914995919724,0.000496910954058905,0.466047997892597
"2ND24263",0.0129488994446154,0.0239111862116607,0.000571744826048715,0.385635812473816
"2ND24266",-0.000436266922377415,0.0221347861364919,0.000489948757308234,0.473529175080825
"2ND24341",0.114911279259647,0.0268207922032184,0.00071935489440822,0.227022501803218
"2ND24379",-0.00559444908701545,0.0224300922158047,0.000503109036809501,0.459387893769563
"2ND24383",0.0152998070285228,0.0221191045136432,0.000489254784485471,0.47427487846107
"2ND24385",0.0147200478139449,0.0241911195411221,0.000585210264652858,0.371166624698406
"2ND24388",-0.0101409178080432,0.0203805975265949,0.000415368755541046,0.553668566123598
"2ND24393",0.0217577608589679,0.0235738379866944,0.000555725837422916,0.402848898598432
"2ND24424",-0.00689893456385016,0.0243747115306607,0.000594126562202923,0.361585682903191
"2ND24434",-0.0137697004612489,0.0234921613696353,0.000551881645816987,0.406979646346502
"2ND24510",0.000110968261610056,0.0217103307525837,0.000471338461386583,0.493526731355261
"2ND24519",0.0518355366150587,0.022611297856867,0.000511270790771956,0.450617741223391
"2ND24527",0.00864571513519352,0.0276232745337764,0.000763045295968379,0.180075302923078
"2ND25253",-0.000157197234319728,0.0234302869297522,0.000548978345610518,0.410099366178195
"2ND25265",0.0486641124325236,0.0251779350955818,0.000633928415677332,0.318816894699487
"2ND25270",-0.0169596252766717,0.0266658374422203,0.000711066886494915,0.235928319601443
"2ND25275",0.0260075592480518,0.0276190530292464,0.000762812090232323,0.1803258924274
"2ND25484",0.0413982106524271,0.0245350833382277,0.00060197031441378,0.353157236794666
"2ND26306",0.0167431254729438,0.0223644279840138,0.00050016763905214,0.462548551043685
"2ND26319",-0.00985404617819641,0.0261111912786355,0.000681794309989492,0.26738295086735
"2ND26321",-0.00811357307460936,0.022739972979448,0.000517106371106024,0.444347161399415
"2ND26322",-0.0111227259515898,0.0221669915407608,0.000491375513968162,0.471996064230952
"2ND26324",-0.00462739633855036,0.0231559335972455,0.000536197260760041,0.42383318667314
"2ND26325",0.00331929803243924,0.0204227916533688,0.00041709041891691,0.551818565436375
"2ND26328",-0.0158741591479292,0.0220012837466379,0.000484056486500073,0.479860671235776
"2ND26330",-0.0190629332574626,0.0225130519770153,0.000506837509319791,0.45538149112255
"2ND26333",-0.0143978500552977,0.0297371821436233,0.00088430000184303,0.0497819527003347
"2ND26334",-0.0360299545690497,0.0241862059616555,0.000584972558819619,0.371422049748978
"2ND26342",-0.0324511095229028,0.0257865212184128,0.000664944676547652,0.285488600254946
"2ND26346",0.0465598487158132,0.0256280724055285,0.00065679809522301,0.29424244915502
"2ND26348",0.0461078067370766,0.0286793367244996,0.000822504354957232,0.116184009460554
"2ND26350",0.040246397767193,0.0245509706519164,0.00060275015995126,0.352319259521936
"2ND26351",0.0513407113121196,0.0272426837859131,0.000742163819859254,0.202513339123229
"2ND26352",-0.00151612562553383,0.0247140901836269,0.000610786253604445,0.343684134334633
"2ND26361",0.0365200948302848,0.0221845185208037,0.000492152861999884,0.471160770634621
"2ND26369",-0.0343295662304595,0.0273260950140209,0.000746715468715298,0.197622398402919
"2ND26373",0.0469789274995087,0.0242419050990313,0.000587669962830439,0.368523574156308
"2ND26388",-0.0229667910830351,0.0235723811135421,0.000555657151362077,0.402922704698705
"2ND26512",-0.0139051152627445,0.0225955802329177,0.000510560246062219,0.451381251802603
"2ND26635",-0.0169988559489602,0.024557599870096,0.000603075711379741,0.351969440634655
"2ND27343",0.0317292699255471,0.0239785791762662,0.000574972259312467,0.382167797855155
"2ND27344",0.0466888979407285,0.0272174241968219,0.000740788179909746,0.203991522888789
"2ND27347",0.0105815016696302,0.0225081217583026,0.000506615545086575,0.455620001152875
"2ND27348",0.0357199463866511,0.0262290875171776,0.000687965031983762,0.260752247043304
"2ND27353",0.00182328351977046,0.023391033231525,0.000547140435638305,0.412074278788473
"2ND27360",0.00199551880595883,0.0216643255752328,0.000469343002629685,0.495670936850563
"2ND27362",0.0100743539307928,0.0240909860782008,0.000580375610220063,0.376361666974697
"2ND27368",0.0127335560039989,0.0234361650912105,0.000549253834182473,0.409803341964296
"2ND27373",0.02615974741965,0.025828606996772,0.000667116939393697,0.283154411229176
"2ND27374",0.0107900114239869,0.0226621350833925,0.000513572366537929,0.448144599952898
"2ND27375",0.0193736850292379,0.0223398328735386,0.000499068132817637,0.463730017361638
"2ND27377",0.0211625092432359,0.0224045091462984,0.000501962030086567,0.460620401387153
"2ND27378",0.034446026926243,0.0229861897935741,0.00052836492122621,0.432249369373709
"2ND27379",0.0637338180345888,0.0266171154058939,0.000708470832530672,0.238717890248787
"2ND27380",0.078998132870751,0.0271520924315263,0.000737236123410146,0.207808359012179
"2ND27390",-0.00233538674537637,0.0231735995561467,0.000537015716388645,0.422953721211653
"2ND27392",0.00758434708573197,0.0227958873310599,0.000519652479210375,0.441611259707582
"2ND27394",0.0191669504303069,0.0242310611005053,0.000587144322056421,0.369088397574636
"2ND27395",0.0147846787032946,0.0203198636527885,0.000412896858867917,0.55632472446915
"2ND27396",0.0164501101635552,0.0261363280507749,0.000683107643977721,0.26597171751312
"2ND27397",0.0100331485468792,0.0226161719838801,0.000511491235204442,0.450380864283734
"2ND27403",-0.00894461385606049,0.0220581834489931,0.000486563457069433,0.477166824493617
"2ND27404",0.0142270072090867,0.0223314086002703,0.000498691810072227,0.464134392193203
"2ND27408",0.0544740953471141,0.0266446840483815,0.000709939188038078,0.237140079664052
"2ND27416",-0.000105649693326271,0.0237098478569035,0.000562156885397513,0.395938463411531
"2ND27419",0.0244131104735956,0.0250493258239645,0.000627468724235136,0.325758108513315
"2ND27440",0.00792587558483349,0.0217676033676122,0.000473828556369682,0.490851018149902
"2ND27480",-0.00489629804887581,0.0232136763557406,0.000538874769949071,0.420956088914545
"2ND27518",-0.00595933854715991,0.0259404057480594,0.000672904650373951,0.276935269066415
"2ND27560",0.0393028527196291,0.0264169229957486,0.00069785382056331,0.250126322182246
"2ND27625",0.0468477125906668,0.0255376069082867,0.000652169366602173,0.299216215368301
"2ND27628",-0.00726067421107546,0.0244644522135493,0.000598509422109039,0.356876113104596
"2ND27633",0.0868700727525398,0.0265244595426178,0.000703546954027967,0.244008807591578
"2ND27667",-0.0328628862175038,0.0264662800601769,0.00070046398022372,0.247321594363083
"2ND27669",-0.0195803563635797,0.0224938839604847,0.000505974815627752,0.456308492268946
"2ND27670",-0.0426558629823635,0.0241468434890423,0.000583070050484302,0.373466376054065
"2ND27671",-0.0326086131410899,0.0245001610577614,0.000600257891856249,0.354997307828679
"2ND27672",-0.0124242738314915,0.0246861538948181,0.000609406194118645,0.345167067080332
"2ND27673",-0.0236321816199345,0.0233558692637086,0.000545496629063447,0.41384061902419
"2ND27674",-0.0517261410880343,0.0256915458387508,0.000660055527584635,0.290742199226915
"2ND27675",-0.0180089357103681,0.0260016443170364,0.000676085507189672,0.273517302826592
"2ND27676",-0.0335873709906769,0.0237646647359101,0.000564759290010208,0.393142068721714
"2ND27677",-0.0494906275143947,0.0266256749056574,0.000708926564181755,0.238228187163089
"2ND27681",-0.035527963975287,0.0278644694842316,0.000776428659637674,0.165694308163795
"2ND27692",0.145677132756309,0.036109899410744,0.00130392483545405,-0.401122818487362
"2ND27699",-0.0230245816398393,0.025076712128917,0.000628841491196575,0.324283011895904
"2ND27702",-0.0549373702785791,0.0235264070216566,0.000553491827348651,0.405249437653041
"2ND27705",-0.0219915694490584,0.0223160880314544,0.000498007785027621,0.464869406261771
"2ND27732",-0.0434026539556114,0.0228912631352809,0.00052400992792867,0.436928995313511
"2ND27767",-0.0454582938957411,0.0259939390899504,0.000675684869412052,0.273947805196751
"2ND27830",-0.00357419567203365,0.0243754904817971,0.000594164536228181,0.361544878194322
"2ND27855",-0.0355537085470448,0.0265272068741941,0.000703692704546288,0.243852192446691
"2ND28046",-0.00890867136760098,0.0245918638197057,0.00060475976612695,0.350159852022077
"2ND28065",-0.0303167866257128,0.0250217217180525,0.000626086557735661,0.327243305335024
"2ND28071",-0.0160410945515552,0.0241795756462542,0.000584651878432929,0.371766634494214
"2ND28074",-0.00540703022068811,0.0243867044452854,0.000594711353701705,0.360957299509669
"2ND28086",-0.0217755359044007,0.0250477524892259,0.000627389904761522,0.325842803397575
"2ND28131",-0.0346325228215434,0.0271988954909834,0.000739779915929439,0.205074945515197
"2ND28133",-0.0102243856470723,0.0241158986618133,0.000581576568266851,0.375071186359827
"2ND29817",-0.00684745397614273,0.0231908424292412,0.000537815172577893,0.422094671457648
"2ND29835",0.00856685896212928,0.0213882971491475,0.000457459254940229,0.508440530314932
"2ND29888",-0.0262306891817499,0.0230011097288636,0.000529051048759221,0.431512096091726
"2ND29977",-0.0379579818143934,0.0247130653908614,0.000610735601012991,0.343738562703334
"2ND29990",-0.00372152213166488,0.0228476049641392,0.000522013052597359,0.439074722978404
"2ND30002",0.0087630078793437,0.0257010992211396,0.000660546501174863,0.290214627175338
"2ND30612",0.00285293711908063,0.0211955086812274,0.000449249588255984,0.517262167123058
"2ND30635",0.0240810716110416,0.0247082971348852,0.000610499947305776,0.343991782657017
"2ND30639",-0.0169008716571528,0.0229049929849404,0.000524638703640168,0.436253349008497
"2ND30658",-0.00457117433781251,0.0273443043058715,0.000747710977972105,0.196552681270611
"2ND30680",0.0362539177277801,0.0232525912194468,0.000540682998418696,0.419013070344041
"2ND30682",0.0453022757167514,0.0240382435444552,0.000577837152702543,0.379089347784856
"2ND30749",0.0269125564247983,0.0228772116231948,0.000523366811652437,0.437620051166632
"2ND30765",0.0133581303827031,0.0235963865472617,0.000556789458087792,0.401705992854748
"2ND30815",-0.00723553092950691,0.0253841907200518,0.000644357138511964,0.307610787465403
"2ND30837",-0.0139003573107634,0.0227183336933346,0.000516122685801701,0.445404173190756
"2ND31815",-0.0147899906929398,0.025690327492687,0.000659992926681507,0.290809466565833
"2ND31885",0.00915202510235047,0.0244717530571778,0.000598866697691491,0.356492205261559
"2ND31899",0.00949025591644759,0.0233683773423797,0.000546081059615844,0.413212623482944
"2ND31914",-0.0267295228897517,0.0236040040173875,0.000557149005652846,0.401319643669556
"2ND32014",-0.0342215126664109,0.0266411995631083,0.00070975351416136,0.237339594159362
"2ND32184",-0.0546273630156311,0.0260109343531017,0.000676568705921365,0.272998085191932
"2ND32205",-0.0116450808488899,0.0319300578916042,0.00101952859696119,-0.0955269371836986
"2ND32210",-0.0106725766428104,0.0313776708559638,0.0009845582283452,-0.0579497854135029
"2ND32322",-0.0302021772798333,0.0321926471693093,0.00103636653176764,-0.113620015888882
"2ND32462",-0.0224769740756503,0.0319250208424459,0.00101920695579061,-0.0951813200352094
"2ND32529",-0.00592220740560134,0.041230943001892,0.00169999066082527,-0.826712431064534
"2ND32657",0.00464348511070334,0.0288897493307618,0.000834617616394251,0.103167793690877
"2ND32658",-0.00602336580320406,0.0320509413802547,0.00102726284336052,-0.103837714629798
"2ND32667",-0.0324024070003877,0.031184699347798,0.000972485473412554,-0.0449770956094577
"2ND32746",-0.028312413510549,0.037342796470854,0.00139448444826362,-0.49843298276281
"2ND32784",-0.00580061024313805,0.0336802279525125,0.0011343577549332,-0.218915762281308
"2ND32802",-0.0261890194485563,0.0333558699950351,0.00111261406312568,-0.195551238559308
"2ND32820",0.00662078188225168,0.0282195012349107,0.000796340249947125,0.144298455599004
"2ND32829",0.00762626477194273,0.0289058929041671,0.00083555064458718,0.102165215125105
"2ND32833",0.00540555259348152,0.0325410635394472,0.00105892081627834,-0.137855556023828
"2ND32834",0.00468968140220749,0.0301961172644923,0.00091180549785097,0.0202261247548394
"2ND32838",0.000684276159877317,0.0286781007724976,0.000822433463917527,0.116260184904611
"2ND33669",-0.039004323569336,0.0342983502570133,0.00117637683035277,-0.264067049979261
"2ND33685",-0.0370624837405431,0.0366753653810486,0.00134508242583342,-0.445348403786848
"2ND33686",-0.0191566298140133,0.0377479068420312,0.00142490447095467,-0.531120593867699
"2ND33690",-0.0147417155143441,0.0302700983557498,0.000916278854466768,0.0154193123840615
"2ND33699",-0.0310538958377351,0.0317013641430326,0.00100497648852915,-0.0798900763564125
"2ND33710",-0.0345882897549654,0.034616571251795,0.0011983070052306,-0.287631957709589
"2ND33757",-0.0219306466994629,0.0339248106682235,0.00115089277887481,-0.236683350349955
"2ND33760",-0.0357550174166994,0.030930671834463,0.00095670646013124,-0.0280218732219912
"2ND33821",-0.0158472677104768,0.0388413232088423,0.00150864838861375,-0.621107003169285
"2ND33996",-0.0143537515144254,0.0283577613310476,0.00080416262770866,0.13589297724741
"2ND34783",0.0133335082802648,0.032410300831455,0.00105042759998542,-0.128729233074221
"2ND34784",-0.0129438666026875,0.0314687755666279,0.000990283835662797,-0.0641021945434279
"AAC_SYNERGY",0.00521000013345674,0.0300802629764687,0.000904822220733514,0.0277299536957779
"CONLON",-0.00705100760525257,0.0342683182251578,0.00117431763398068,-0.26185435569948
"ND_GENESIS",0.00781127600690068,0.0290262142030451,0.000842521110961059,0.0946751518742274
"PINNACLE",-0.0156148500026303,0.0283668745860212,0.000804679573779055,0.135337496658757
"RAWSON",0.0077625635883023,0.0276266081660348,0.000763229478759619,0.179877390662675
