"NAME","Estimated_breeding_value","Standard_error","Prediction_error_variance","Reliability"
"2ND32205",-0.0116450808488899,0.0319300578916042,0.00101952859696119,-0.0955269371836986
"2ND32210",-0.0106725766428104,0.0313776708559638,0.0009845582283452,-0.0579497854135029
"2ND32322",-0.0302021772798333,0.0321926471693093,0.00103636653176764,-0.113620015888882
"2ND32462",-0.0224769740756503,0.0319250208424459,0.00101920695579061,-0.0951813200352094
"2ND32529",-0.00592220740560134,0.041230943001892,0.00169999066082527,-0.826712431064534
"2ND32657",0.00464348511070334,0.0288897493307618,0.000834617616394251,0.103167793690877
"2ND32658",-0.00602336580320406,0.0320509413802547,0.00102726284336052,-0.103837714629798
"2ND32667",-0.0324024070003877,0.031184699347798,0.000972485473412554,-0.0449770956094577
"2ND32746",-0.028312413510549,0.037342796470854,0.00139448444826362,-0.49843298276281
"2ND32784",-0.00580061024313805,0.0336802279525125,0.0011343577549332,-0.218915762281308
"2ND32802",-0.0261890194485563,0.0333558699950351,0.00111261406312568,-0.195551238559308
"2ND32820",0.00662078188225168,0.0282195012349107,0.000796340249947125,0.144298455599004
"2ND32829",0.00762626477194273,0.0289058929041671,0.00083555064458718,0.102165215125105
"2ND32833",0.00540555259348152,0.0325410635394472,0.00105892081627834,-0.137855556023828
"2ND32834",0.00468968140220749,0.0301961172644923,0.00091180549785097,0.0202261247548394
"2ND32838",0.000684276159877317,0.0286781007724976,0.000822433463917527,0.116260184904611
"2ND33669",-0.039004323569336,0.0342983502570133,0.00117637683035277,-0.264067049979261
"2ND33685",-0.0370624837405431,0.0366753653810486,0.00134508242583342,-0.445348403786848
"2ND33686",-0.0191566298140133,0.0377479068420312,0.00142490447095467,-0.531120593867699
"2ND33690",-0.0147417155143441,0.0302700983557498,0.000916278854466768,0.0154193123840615
"2ND33699",-0.0310538958377351,0.0317013641430326,0.00100497648852915,-0.0798900763564125
"2ND33710",-0.0345882897549654,0.034616571251795,0.0011983070052306,-0.287631957709589
"2ND33757",-0.0219306466994629,0.0339248106682235,0.00115089277887481,-0.236683350349955
"2ND33760",-0.0357550174166994,0.030930671834463,0.00095670646013124,-0.0280218732219912
"2ND33821",-0.0158472677104768,0.0388413232088423,0.00150864838861375,-0.621107003169285
"2ND33996",-0.0143537515144254,0.0283577613310476,0.00080416262770866,0.13589297724741
"2ND34783",0.0133335082802648,0.032410300831455,0.00105042759998542,-0.128729233074221
"2ND34784",-0.0129438666026875,0.0314687755666279,0.000990283835662797,-0.0641021945434279
"AAC_SYNERGY",0.00521000013345674,0.0300802629764687,0.000904822220733514,0.0277299536957779
"CONLON",-0.00705100760525257,0.0342683182251578,0.00117431763398068,-0.26185435569948
"ND_GENESIS",0.00781127600690068,0.0290262142030451,0.000842521110961059,0.0946751518742274
"PINNACLE",-0.0156148500026303,0.0283668745860212,0.000804679573779055,0.135337496658757
"RAWSON",0.0077625635883023,0.0276266081660348,0.000763229478759619,0.179877390662675
