"","NAME","Predicted_value","Standard_error","Prediction_error_variance","Reliability"
"1","2ND20798",3.12572182882193,0.0502411255850968,0.00252417070005747,NA
"2","2ND21089_3",3.12461325401431,0.0505853203404398,0.00255887463394491,NA
"3","2ND21865_6",3.0663927521952,0.0796057665905969,0.00633707807447659,NA
"4","2ND21867",3.12893080497155,0.0488257368488983,0.00238395257883787,NA
"5","2ND22182",3.12703043064962,0.0530154210833504,0.00281063487264496,NA
"6","2ND22927",3.12618097366875,0.0476931833612578,0.00227463973913056,NA
"7","2ND23146",3.12650867336648,0.0503406342076917,0.00253417945243262,NA
"8","2ND23164",3.1254583631275,0.0479509674732682,0.00229929528162243,NA
"9","2ND24175",3.1218837931655,0.0501865069500781,0.00251868547985024,NA
"10","2ND24186",3.12920618925796,0.0495054367979398,0.00245078827255481,NA
"11","2ND24205",3.11844278906082,0.0488540031661684,0.00238671362535999,NA
"12","2ND24238",3.12853142872853,0.049727078501084,0.00247278233625297,NA
"13","2ND24253",3.12876208894972,0.0492042419753775,0.0024210574283715,NA
"14","2ND24259",3.13237314328208,0.0494299063762743,0.00244331564436724,NA
"15","2ND24263",3.11979407907201,0.0525573099280106,0.00276227082686896,NA
"16","2ND24266",3.12199644899701,0.0491146923693075,0.00241225300653171,NA
"17","2ND24341",3.06787397811228,0.074859690281509,0.00560397322904345,NA
"18","2ND24379",3.13154445855007,0.0495054367979398,0.00245078827255481,NA
"19","2ND24383",3.12243762248539,0.0482153264786101,0.00232471770743896,NA
"20","2ND24385",3.12357626746903,0.0490609586514302,0.00240697766379735,NA
"21","2ND24388",3.12181019657589,0.0481323753439895,0.00231672555625469,NA
"22","2ND24393",3.1196031240538,0.0491879955049379,0.00241945890179379,NA
"23","2ND24424",3.1272298203597,0.0486332675701672,0.00236519471455148,NA
"24","2ND24434",3.11984603181851,0.0498253523871961,0.00248256574050827,NA
"25","2ND24510",3.12175862378831,0.0477692869055665,0.00228190477146633,NA
"26","2ND24519",3.0686965787262,0.0783987276411357,0.00614636049574897,NA
"27","2ND24527",3.11783131998693,0.0521650619731169,0.00272119369065913,NA
"28","2ND25253",3.1170513030432,0.049688541969072,0.00246895120301223,NA
"29","2ND25265",3.12728672432465,0.0488605519672142,0.00238735353854084,NA
"30","2ND25270",3.12409125813747,0.0517783074781626,0.00268099312530315,NA
"31","2ND25275",3.0598349427429,0.0791771968834874,0.00626902850632653,NA
"32","2ND25484",3.11972488841229,0.0504556584740276,0.00254577347204772,NA
"33","2ND26306",3.12232396773014,0.0491879955049379,0.00241945890179379,NA
"34","2ND26319",3.12708300903407,0.0495358948079314,0.00245380487442244,NA
"35","2ND26321",3.12541210788588,0.0501979448354832,0.00251983366570622,NA
"36","2ND26322",3.12498784978155,0.0501979448354832,0.00251983366570621,NA
"37","2ND26324",3.12452502275864,0.0501979448354832,0.00251983366570622,NA
"38","2ND26325",3.1247564362701,0.0501979448354832,0.00251983366570621,NA
"39","2ND26328",3.11340567927561,0.0503491325974838,0.00253503515331901,NA
"40","2ND26330",3.11627293190815,0.0513423376464278,0.0026360356349998,NA
"41","2ND26333",3.09443851573951,0.0587707914395464,0.00345400592643066,NA
"42","2ND26334",3.11424204696893,0.0503491325974838,0.00253503515331901,NA
"43","2ND26342",3.12430925944011,0.0505853203404402,0.00255887463394495,NA
"44","2ND26346",3.12258838663517,0.0495151758559477,0.00245175264004543,NA
"45","2ND26348",3.12056116760181,0.0491879955049379,0.00241945890179379,NA
"46","2ND26350",3.12063781108565,0.0491879955049379,0.00241945890179379,NA
"47","2ND26351",3.12021627192453,0.0491879955049379,0.00241945890179379,NA
"48","2ND26352",3.12768674864388,0.050456323139609,0.00254584054476865,NA
"49","2ND26361",3.13388357439692,0.0510908640225296,0.00261027638656861,NA
"50","2ND26369",3.1193953739978,0.0517749116668582,0.00268064147811097,NA
"51","2ND26373",3.0640687410276,0.07915363879182,0.00626529853398592,NA
"52","2ND26388",3.12647522078125,0.0505853203404402,0.00255887463394495,NA
"53","2ND26512",3.12275502907954,0.0497586132263158,0.00247591959020609,NA
"54","2ND26635",3.14141219462126,0.0491841208139938,0.00241907774024554,NA
"55","2ND27343",3.13027239429914,0.0494299063762743,0.00244331564436725,NA
"56","2ND27344",3.13227219166928,0.0482618256650312,0.00232920381652187,NA
"57","2ND27347",3.12280048836854,0.0482153264786101,0.00232471770743896,NA
"58","2ND27348",3.12687449798345,0.0504251872672989,0.00254269951094216,NA
"59","2ND27353",3.12220401337912,0.0504007527845863,0.00254023588125299,NA
"60","2ND27360",3.12352486531375,0.0499675058714494,0.00249675164301333,NA
"61","2ND27362",3.12322470686024,0.0478978470978445,0.00229420375660849,NA
"62","2ND27368",3.12461117409792,0.0484377432450949,0.00234621497067774,NA
"63","2ND27373",3.12920618925796,0.0495054367979398,0.00245078827255481,NA
"64","2ND27374",3.12851620815537,0.0495054367979398,0.00245078827255481,NA
"65","2ND27375",3.11949266879886,0.0477692869055665,0.00228190477146633,NA
"66","2ND27377",3.11776368044163,0.0491879955049379,0.00241945890179379,NA
"67","2ND27378",3.1186450805058,0.0491879955049379,0.00241945890179379,NA
"68","2ND27379",3.06369706587478,0.0763928291708809,0.00583586434873139,NA
"69","2ND27380",3.0612811861706,0.0763928291708808,0.00583586434873138,NA
"70","2ND27390",3.13050948689618,0.0495054367979398,0.00245078827255481,NA
"71","2ND27392",3.12419397936971,0.0481033103698167,0.00231392846853492,NA
"72","2ND27394",3.12301349825794,0.0481033103698167,0.00231392846853491,NA
"73","2ND27395",3.1241341209479,0.0489065810776476,0.00239185367270452,NA
"74","2ND27396",3.12851501856832,0.0487546594287735,0.0023770168160157,NA
"75","2ND27397",3.12350634305524,0.0491267984535469,0.00241344232629542,NA
"76","2ND27403",3.12641633879661,0.0477404613680101,0.00227915165163047,NA
"77","2ND27404",3.12247794091685,0.0482153264786101,0.00232471770743896,NA
"78","2ND27408",3.06879408119102,0.0783987276411358,0.00614636049574898,NA
"79","2ND27416",3.12525310940037,0.0488106422951728,0.00238247880126731,NA
"80","2ND27419",3.13202919408481,0.0480046285083432,0.00230444435822404,NA
"81","2ND27440",3.12981950579359,0.0495054367979398,0.00245078827255481,NA
"82","2ND27480",3.11872386264173,0.0477692869055666,0.00228190477146633,NA
"83","2ND27518",3.12678097904409,0.0516457520919302,0.00266728370914111,NA
"84","2ND27560",3.13383733741264,0.0506690265907536,0.0025673502556545,NA
"85","2ND27625",3.07161074696271,0.0767168656550485,0.00588547747593477,NA
"86","2ND27628",3.12353956155844,0.0488458179217812,0.0023859139284478,NA
"87","2ND27633",3.07132914527615,0.0783987276411357,0.00614636049574898,NA
"88","2ND27667",3.12329124554693,0.0556867013617008,0.00310100870854725,NA
"89","2ND27669",3.1221435428241,0.0495723381920167,0.00245741671382368,NA
"90","2ND27670",3.12430614713051,0.0542053795056812,0.00293822316735492,NA
"91","2ND27671",3.12208870305748,0.0534691377600875,0.00285894869280722,NA
"92","2ND27672",3.12162667765804,0.0510229915448933,0.00260334566619025,NA
"93","2ND27673",3.12233120623901,0.0513727981583111,0.00263916439061457,NA
"94","2ND27674",3.12730376267926,0.0525863089850566,0.00276531989267184,NA
"95","2ND27675",3.1205116767534,0.0490704402552157,0.00240790810684069,NA
"96","2ND27676",3.11955266490369,0.0487609722536305,0.00237763241511933,NA
"97","2ND27677",3.12021088074685,0.0498564888929844,0.00248566948473628,NA
"98","2ND27681",3.11941149551649,0.0494087131283702,0.00244122093300159,NA
"99","2ND27692",3.06772880715755,0.0748596902815089,0.00560397322904344,NA
"100","2ND27699",3.12086774153717,0.0491879955049379,0.00241945890179379,NA
"101","2ND27702",3.12485272512701,0.0541570991176616,0.00293299138484022,NA
"102","2ND27705",3.12573033147991,0.0527680912746704,0.00278447145677195,NA
"103","2ND27732",3.13330847800995,0.0495374924054499,0.00245396315382,NA
"104","2ND27767",3.12711700101814,0.0523031389309629,0.00273561834203161,NA
"105","2ND27830",3.12928059055015,0.0497700794835111,0.00247706081179501,NA
"106","2ND27855",3.13272192290559,0.0533502447815375,0.00284624861824996,NA
"107","2ND28046",3.12901915345763,0.0494384076906524,0.00244415615498716,NA
"108","2ND28065",3.12796933719065,0.0494627031981246,0.00244655900766577,NA
"109","2ND28071",3.12947648097981,0.0500337687487091,0.0025033780151993,NA
"110","2ND28074",3.12848431793544,0.0497700794835111,0.00247706081179501,NA
"111","2ND28086",3.12266378004166,0.0511086683321079,0.00261209597868141,NA
"112","2ND28131",3.12609313303056,0.0507771485658992,0.00257831881648339,NA
"113","2ND28133",3.12450828231954,0.0476931833612577,0.00227463973913055,NA
"114","2ND29817",3.12634824280367,0.0476931833612577,0.00227463973913055,NA
"115","2ND29835",3.12375557121239,0.0476931833612577,0.00227463973913055,NA
"116","2ND29888",3.12618145748509,0.049727078501084,0.00247278233625297,NA
"117","2ND29977",3.12367525648639,0.0496162902946495,0.00246177626260293,NA
"118","2ND29990",3.12206703269098,0.0480823313233515,0.00231191058548855,NA
"119","2ND30002",3.11757771010889,0.0513525087491456,0.00263708015483108,NA
"120","2ND30612",3.13142418010651,0.0491841208139938,0.00241907774024554,NA
"121","2ND30635",3.12406129910693,0.0508845347854117,0.00258923588032777,NA
"122","2ND30639",3.11791459300264,0.0477692869055666,0.00228190477146633,NA
"123","2ND30658",3.12935300578776,0.0489035648110495,0.00239155865122852,NA
"124","2ND30680",3.12446094990287,0.0488605519672141,0.00238735353854083,NA
"125","2ND30682",3.06973337217003,0.0750165435757756,0.00562748181005625,NA
"126","2ND30749",3.12381505860647,0.0488605519672141,0.00238735353854083,NA
"127","2ND30765",3.12317512090718,0.048487955429705,0.00235108182175306,NA
"128","2ND30815",3.12689162817693,0.0496034316683985,0.00246050043328148,NA
"129","2ND30837",3.1295791215491,0.0506829844973803,0.00256876491756169,NA
"130","2ND31815",3.12466026326989,0.0512244719464772,0.00262394652619543,NA
"131","2ND31885",3.12402195536536,0.0496034316683985,0.00246050043328148,NA
"132","2ND31899",3.12325395602902,0.0490609586514302,0.00240697766379735,NA
"133","2ND31914",3.1154368579594,0.0503491325974838,0.002535035153319,NA
"134","2ND32014",3.13215317248066,0.0505848872123639,0.00255883081428758,NA
"135","2ND32184",3.11642612473329,0.054598306634292,0.00298097508733217,NA
"136","2ND32205",3.12325112022173,0.0490630319305255,0.00240718110221577,NA
"137","2ND32210",3.12325112022173,0.0490630319305255,0.00240718110221576,NA
"138","2ND32322",3.12375278575081,0.0517615812197206,0.00267926129036573,NA
"139","2ND32462",3.12375278575081,0.0517615812197206,0.00267926129036573,NA
"140","2ND32529",3.13070260590331,0.0535663603388984,0.00286935495995671,NA
"141","2ND32657",3.12010002576726,0.0479364937685887,0.00229790743482594,NA
"142","2ND32658",3.12174415749358,0.0519888867467085,0.00270284434516209,NA
"143","2ND32667",3.12413634610294,0.0516875714034759,0.00267160503758942,NA
"144","2ND32746",3.12981598340618,0.0489971131611981,0.00240071709813126,NA
"145","2ND32784",3.12660847731949,0.049890539786356,0.00248906596017397,NA
"146","2ND32802",3.12070777773431,0.0509867084831959,0.0025996444419504,NA
"147","2ND32820",3.12010002576726,0.0479364937685887,0.00229790743482594,NA
"148","2ND32829",3.12010002576726,0.0479364937685887,0.00229790743482594,NA
"149","2ND32833",3.12010002576726,0.0479364937685887,0.00229790743482594,NA
"150","2ND32834",3.12010002576726,0.0479364937685887,0.00229790743482594,NA
"151","2ND32838",3.12010002576726,0.0479364937685887,0.00229790743482594,NA
"152","2ND33669",3.12440786661179,0.0529155700663741,0.00280005755544934,NA
"153","2ND33685",3.13103788616371,0.0522661641215437,0.00273175191198014,NA
"154","2ND33686",3.13122041831611,0.0520875003630312,0.00271310769406877,NA
"155","2ND33690",3.12840013864998,0.0498635665714491,0.00248637527122534,NA
"156","2ND33699",3.12877016420291,0.052766334295133,0.00278428603494573,NA
"157","2ND33710",3.12294588862796,0.051675665070579,0.00267037436048666,NA
"158","2ND33757",3.12981598340618,0.0489971131611981,0.00240071709813126,NA
"159","2ND33760",3.1290394349623,0.049421896101131,0.00244252381423099,NA
"160","2ND33821",3.13087448724606,0.0505642582400347,0.00255674421136492,NA
"161","2ND33996",3.12738536878057,0.0498984272153116,0.00248985303856175,NA
"162","2ND34783",3.1259969762055,0.0477012884375182,0.00227541291859931,NA
"163","2ND34784",3.12931500305972,0.0496347204546176,0.00246360547460803,NA
"164","AAC_SYNERGY",3.1238684496539,0.0481156106210883,0.00231511198544019,NA
"165","CONLON",3.1252313480899,0.0486833873323747,0.00237007220215402,NA
"166","ND_GENESIS",3.12480933430918,0.049778914889466,0.0024779403675727,NA
"167","PINNACLE",3.12970337189992,0.0496726706530048,0.00246737420980189,NA
"168","RAWSON",3.12010002576726,0.0479364937685887,0.00229790743482594,NA
