"GID","Env","BLUP","Standard_error","Prediction_error_variance","Reliability"
"7806808","B5I",0.443240050083662,0.188225131281564,0.0354287000459621,NA
"8786051","B5I",0.122010815829689,0.202113251071605,0.0408497662587337,NA
"8786059","B5I",0.0622327248615049,0.191636674924791,0.0367246151762302,NA
"8786066","B5I",-0.28130218511323,0.299084417584243,0.0894514888417056,NA
"8786068","B5I",-0.275500307943208,0.190369220691047,0.0362404401865166,NA
"8786077","B5I",-0.156098850113514,0.303735517050898,0.0922552643181763,NA
"8786086","B5I",-0.122826269607518,0.300321338617631,0.0901929064290858,NA
"8786087","B5I",-0.245481234333228,0.196147176651527,0.0384737149083653,NA
"8786092","B5I",0.236588767845677,0.191969161633235,0.0368521590181672,NA
"8786093","B5I",0.0907659159865539,0.194795478285768,0.0379452783605812,NA
"8786094","B5I",0.0751639966850301,0.19452913054655,0.0378415826311969,NA
"8786096","B5I",0.0113739955540871,0.194770605585496,0.0379355888001407,NA
"8786102","B5I",0.139922322342659,0.289507938565165,0.0838148464922516,NA
"8786104","B5I",0.0932983802712795,0.277134206375642,0.0768033683434571,NA
"8786115","B5I",-0.149099318584707,0.195022343298549,0.038033714385657,NA
"8786132","B5I",0.160107240803728,0.289568672307155,0.0838500159817287,NA
"8786136","B5I",0.222657481582424,0.187596258150059,0.0351923560719034,NA
"8786147","B5I",-0.0166157975180775,0.190823228772467,0.0364135046391494,NA
"8786149","B5I",0.241155399142086,0.187436578956788,0.0351324711310243,NA
"8786150","B5I",0.11551710071242,0.188824206455659,0.0356545809436092,NA
"8786159","B5I",-0.258340046026562,0.364664912631929,0.132980498504852,NA
"8786160","B5I",-0.233727194719313,0.356489834286129,0.127085001949352,NA
"8786165","B5I",0.458769599299753,0.307993872568591,0.0948602255397973,NA
"8786172","B5I",-0.591528216833324,0.188300823543137,0.0354572001470237,NA
"8786179","B5I",-0.352242436895629,0.348799718126745,0.121661243365297,NA
"8786193","B5I",0.027696596224382,0.327899007203955,0.107517758925339,NA
"8786198","B5I",-0.0509070178458999,0.195508592918816,0.0382236099050952,NA
"8786202","B5I",-0.0422425675593265,0.196295269766995,0.0385318329328975,NA
"8786213","B5I",0.161008164837664,0.20724217390986,0.0429493186468848,NA
"8786234","B5I",-0.17900337585427,0.192579812735061,0.0370869842730711,NA
"8786238","B5I",-0.343032940203202,0.204934902123697,0.0419983141084491,NA
"8786246","B5I",-0.111739687253483,0.288579753111953,0.083278273906156,NA
"8786247","B5I",-0.300410033014615,0.208202704627737,0.0433483662143047,NA
"8786251","B5I",-0.402968414255712,0.324801366977829,0.105495927990666,NA
"8786257","B5I",-0.369294887454637,0.198767615795312,0.0395085650889526,NA
"8786258","B5I",-0.0404781368398001,0.198364428296502,0.0393484464133979,NA
"8786269","B5I",-0.379482798655606,0.199860688779324,0.0399442949193458,NA
"8786275","B5I",0.0571095165599187,0.340928062397312,0.116231943729986,NA
"8786276","B5I",-0.153169323452775,0.335076878072509,0.112276514218819,NA
"8786279","B5I",0.0839549547696889,0.207857758681884,0.0432048478442563,NA
"8786281","B5I",-0.406286585147993,0.349835353758078,0.122384774739039,NA
"8786285","B5I",-0.395852751040679,0.202778245895221,0.0411190170083428,NA
"8786286","B5I",-0.444664277877164,0.317821433229945,0.101010463420336,NA
"8786301","B5I",-0.52989890764668,0.201725447005959,0.0406931559697539,NA
"8786303","B5I",-0.178606734962421,0.187086566749636,0.035001383458166,NA
"8786304","B5I",-0.0148440799015648,0.189104665288692,0.0357605744339481,NA
"8786309","B5I",-0.231744845532361,0.209174129005825,0.0437538162453454,NA
"8786313","B5I",-0.270222601237869,0.192528460546051,0.0370672081202325,NA
"8786320","B5I",-0.425081661343377,0.201661735581514,0.0406674555977486,NA
"8786324","B5I",-0.360293745608172,0.353611833193046,0.125041328574146,NA
"8786329","B5I",-0.0426501589841272,0.194086558208593,0.0376695920772575,NA
"8786337","B5I",-0.16483963242747,0.352480815239557,0.124242725111943,NA
"8786340","B5I",-0.234797099647268,0.296198018678368,0.0877332662689911,NA
"8786345","B5I",0.0778495946571589,0.189716595450844,0.0359923865894594,NA
"8786347","B5I",0.0986175216779163,0.189969408016358,0.0360883759820855,NA
"8786350","B5I",0.378340099734304,0.199987931305979,0.0399951726680449,NA
"8786352","B5I",0.164937006669096,0.203267713004624,0.0413177631501301,NA
"8786353","B5I",0.11133225617495,0.19773927699244,0.0391008216654928,NA
"8786357","B5I",-0.0122410479252915,0.195858070202557,0.0383603836634697,NA
"8786359","B5I",-0.106555456842841,0.286832242430777,0.0822727352978681,NA
"8786362","B5I",-0.308983593177137,0.193305136148416,0.0373668756613576,NA
"8786366","B5I",-0.331619972243815,0.205323849356662,0.042157883114637,NA
"8786367","B5I",-0.131180720457443,0.287880293927995,0.0828750636320686,NA
"8786368","B5I",-0.225842189209263,0.198122491231246,0.0392525215316753,NA
"8786372","B5I",0.0149209277462621,0.192835931909318,0.0371856966353351,NA
"8786374","B5I",-0.169646299805096,0.191913835102047,0.0368309201035757,NA
"8786375","B5I",-0.146045338963444,0.191496998123348,0.0366711002902534,NA
"8786376","B5I",-0.375837933850439,0.193271728506074,0.0373539610397256,NA
"8786377","B5I",-0.148816908570451,0.28926153463793,0.0836722354210901,NA
"8786379","B5I",-0.389941851393307,0.187670202740585,0.0352201049966925,NA
"8786382","B5I",-0.139721742540459,0.185038204871506,0.0342391372620693,NA
"8786389","B5I",0.295833232265946,0.307878381016447,0.0947890974973083,NA
"8786391","B5I",-0.42902677887732,0.204543058841423,0.0418378629202059,NA
"8786406","B5I",-0.229484085586792,0.352727961320018,0.124417014696976,NA
"8786424","B5I",-0.423337486730236,0.207439371087224,0.043031092677063,NA
"8786441","B5I",0.197214773298819,0.304606647263684,0.0927852095572224,NA
"8786442","B5I",0.379873937940178,0.194676051413006,0.0378987649937594,NA
"8786444","B5I",0.419182236974881,0.31710808092282,0.100557534986554,NA
"8786447","B5I",-0.357493017722501,0.198047692592762,0.0392228885413173,NA
"8786455","B5I",-0.650677849783331,0.195890567599634,0.0383731144745068,NA
"8786458","B5I",-0.667478841532975,0.27523993664775,0.0757570227258577,NA
"8786462","B5I",-0.659508642361305,0.189794880470741,0.0360220966529028,NA
"8786479","B5I",-0.161971977766893,0.200345821609304,0.0401384482363069,NA
"8786483","B5I",-0.189599573274554,0.191382027967748,0.0366270806290479,NA
"8786484","B5I",-0.0530740757057798,0.191648495455244,0.0367291458102588,NA
"8786487","B5I",0.18489270157403,0.284049024052484,0.0806838480651688,NA
"8786488","B5I",-0.0998603175097388,0.19493835904359,0.0380009638266078,NA
"8786491","B5I",0.273680682392564,0.194379997934842,0.0377835835971491,NA
"8786492","B5I",0.245721350809445,0.283910769217803,0.0806053248778445,NA
"8786493","B5I",-0.063780891331759,0.307622021228938,0.0946313079449774,NA
"8786495","B5I",0.401213647652129,0.282064577526583,0.0795604258952496,NA
"8786504","B5I",-0.0627352388020717,0.19459448002297,0.0378670116554099,NA
"8786507","B5I",0.170043784670292,0.19505068262314,0.0380447687917528,NA
"8786508","B5I",0.0616368629681153,0.317432602140723,0.100763456901831,NA
"8786524","B5I",-0.179852818537977,0.185907967534703,0.0345617723928842,NA
"8786525","B5I",-0.0140116509078692,0.195279306037313,0.0381340073664147,NA
"8786526","B5I",-0.0720060292861714,0.272763241845046,0.0743997861018191,NA
"8786527","B5I",-0.287359958670532,0.196748772343992,0.0387100794188679,NA
"8786532","B5I",-0.454512931669997,0.201076273098969,0.0404316676033711,NA
"8786579","B5I",-0.0252816187157514,0.20069829974219,0.0402798075194061,NA
"8786581","B5I",0.14965950245697,0.202284741531273,0.0409191166563738,NA
"8786585","B5I",0.158647993647665,0.202106967117387,0.0408472261573885,NA
"8786591","B5I",0.588502020929681,0.181093962493701,0.0327950232516701,NA
"8786598","B5I",-0.236392903592166,0.19971201492043,0.0398848889035782,NA
"8786605","B5I",0.129299749398786,0.198268854141778,0.0393105385226935,NA
"8786612","B5I",-0.121155227285564,0.184146079377796,0.0339097785502137,NA
"8786625","B5I",-0.25448640658691,0.195863174391529,0.0383623830827264,NA
"8786634","B5I",-0.127616894569262,0.196211226128423,0.038498845258819,NA
"8786635","B5I",0.0339972968284132,0.312717219267099,0.097792059226147,NA
"8786636","B5I",-0.467016884046728,0.194050101108126,0.0376554417400739,NA
"8786638","B5I",-0.703359638530874,0.193262082936091,0.0373502327007965,NA
"8786639","B5I",-0.567504691032308,0.199821004485665,0.0399284338336602,NA
"8786660","B5I",0.147462874898482,0.1964973761404,0.0386112188300618,NA
"8786674","B5I",0.0339226671271236,0.18838878151176,0.0354903329994855,NA
"8786676","B5I",0.486908918997511,0.180943308713502,0.0327404809681896,NA
"8786677","B5I",0.30075400829278,0.263772588361979,0.0695759783711782,NA
"8786679","B5I",0.313508499175425,0.186976791020899,0.0349603203804731,NA
"8786680","B5I",0.421948683758595,0.256580284395931,0.0658334423406971,NA
"8786681","B5I",0.61262013344099,0.185836496127337,0.0345352032928859,NA
"8786683","B5I",0.235339795159682,0.183754655829652,0.033765773539074,NA
"8786686","B5I",0.360643500915573,0.192956124572456,0.0372320660100211,NA
"8786688","B5I",0.184979444879812,0.197175448475588,0.0388781574815494,NA
"8786689","B5I",0.366256343917571,0.196269199969473,0.0385215988566569,NA
"8786694","B5I",0.699620808936001,0.187999805998009,0.035343927055289,NA
"8786695","B5I",0.450901938981506,0.187617733374953,0.0352004138767551,NA
"8786697","B5I",0.285847569215989,0.194871187737191,0.0379747798101036,NA
"8786698","B5I",0.315945344809293,0.304430179219897,0.0926777340198584,NA
"8786699","B5I",0.677580466952599,0.187275723391105,0.0350721965716617,NA
"8786700","B5I",0.197850557922888,0.186536207540013,0.0347957567234109,NA
"8786701","B5I",0.245219699926111,0.187243417529026,0.035060097407949,NA
"8786704","B5I",0.498519325062596,0.166599578561453,0.0277554195768537,NA
"8786706","B5I",0.313945431127931,0.167182348926147,0.027949937792464,NA
"8786707","B5I",0.542427918089315,0.165376697371717,0.0273494520335765,NA
"8786709","B5I",0.32500290712075,0.167026724768405,0.0278979267868605,NA
"8786711","B5I",0.374087473011507,0.20858555462575,0.0435079335985317,NA
"8786713","B5I",0.433248005347637,0.168894707486303,0.0285254222168839,NA
"8786715","B5I",0.411654665294868,0.207308284998986,0.0429767250292207,NA
"8786726","B5I",0.079788637680985,0.199279991150051,0.0397125148727646,NA
"8786729","B5I",0.2988460052433,0.202300830287401,0.040925625934972,NA
"8786739","B5I",0.36519523539747,0.160663046880582,0.0258126146329521,NA
"8786759","B5I",0.330496571410029,0.305862760462462,0.0935520282377174,NA
"8786763","B5I",0.143744728249901,0.204102526972125,0.041657841516407,NA
"8786764","B5I",-0.00121253970468884,0.308867737427056,0.0953992792233087,NA
"8786770","B5I",-0.507842424427398,0.205752696150879,0.0423341719733557,NA
"8786785","B5I",0.555867228776417,0.182030950143657,0.0331352668102027,NA
"8786787","B5I",0.271559207498075,0.178801933717075,0.0319701315009653,NA
"8786792","B5I",0.673038175316172,0.185036807185533,0.034238620013416,NA
"8786793","B5I",0.475454574486878,0.194378346105966,0.0377829414348905,NA
"8786794","B5I",0.393384274949279,0.187014521137243,0.0349744311161924,NA
"8786796","B5I",0.73800448925969,0.183827195310924,0.0337924377358807,NA
"8786798","B5I",0.223294042169793,0.188029589238714,0.0353551264292796,NA
"8786799","B5I",0.46599829302,0.198254154319421,0.0393047097049087,NA
"8786800","B5I",0.0542911551976782,0.33935154950508,0.115159474151499,NA
"8786803","B5I",0.160751790205007,0.205066668150946,0.0420523383865304,NA
"8786819","B5I",-0.0970616382806331,0.27100504346284,0.0734437335822957,NA
"8786820","B5I",-0.149392618818952,0.187216157618197,0.0350498896733216,NA
"8786825","B5I",0.133021521725208,0.189482731898485,0.0359037056877132,NA
"8786839","B5I",-0.0233296222611102,0.208141295312057,0.0433227988141811,NA
"8786843","B5I",-0.169173778211656,0.32657107602585,0.106648667696682,NA
"8786861","B5I",-0.103188398470947,0.351057447736881,0.123241331611533,NA
"8786868","B5I",0.157889568618985,0.200889625097273,0.0403566414717229,NA
"8786870","B5I",-0.59624759039212,0.204692376874297,0.0418989691504493,NA
"8786873","B5I",-0.210540428128817,0.200994081002231,0.0403986205979313,NA
"8786911","B5I",0.271387946829041,0.199023382442514,0.0396103067588593,NA
"8786963","B5I",0.280400468905784,0.187147860067936,0.0350243215280076,NA
"8786966","B5I",0.640275483807285,0.273554557808066,0.0748320960975667,NA
"8786967","B5I",0.946679924326873,0.191480339060514,0.0366647202467294,NA
"8786968","B5I",0.0470176077119814,0.190696986427035,0.0363653406323526,NA
"8786976","B5I",0.16833272155596,0.344251581151008,0.118509151124969,NA
"8786978","B5I",-0.105135549917079,0.189259474336079,0.0358191486259691,NA
"8786980","B5I",0.169663435708389,0.195616236262327,0.0382657118894387,NA
"8786998","B5I",-0.111394846407609,0.187914317035834,0.0353117905470441,NA
"8787000","B5I",0.121431658814247,0.187546074036825,0.0351735298866263,NA
"8787002","B5I",-0.0224779753247008,0.201076897660938,0.0404319187729472,NA
"8787004","B5I",0.0208272685300914,0.306857085090006,0.0941612706699355,NA
"8787008","B5I",0.71943832916897,0.193041501293567,0.0372650212216743,NA
"8787017","B5I",0.0716949039262668,0.191085391995318,0.0365136270340043,NA
"8787023","B5I",-0.0483416570658363,0.195467855107838,0.0382076823804587,NA
"8787027","B5I",-0.141708448241397,0.349945180116245,0.122461629086591,NA
"8787038","B5I",0.0548645721569533,0.19324996826047,0.0373455502326728,NA
"8787042","B5I",0.513275986131242,0.194736464433933,0.0379222905802283,NA
"8787043","B5I",0.584880221460702,0.201036159532067,0.0404155374394029,NA
"8787050","B5I",0.411321957707224,0.199163429278988,0.0396660715621664,NA
"8787052","B5I",0.327291965851766,0.191881375572299,0.0368184622915176,NA
"8787059","B5I",-0.0409214913950481,0.196674074982828,0.0386806917703509,NA
"8787084","B5I",-0.296219434773608,0.200257520072669,0.0401030743456554,NA
"8787091","B5I",0.403149937443602,0.202798285110485,0.0411271444437537,NA
"8787099","B5I",0.241789649122216,0.305685779708651,0.093443795916086,NA
"8787107","B5I",-0.273002540981155,0.183250162657196,0.0335806221138887,NA
"8787111","B5I",-0.385492356363562,0.18557718504214,0.0344388916081647,NA
"8787121","B5I",-0.391087638242163,0.183083085024296,0.0335194160220137,NA
"8787127","B5I",0.298622548758379,0.199181981860605,0.0396734618979185,NA
"8787131","B5I",0.198188272927003,0.203268653458467,0.0413181454788185,NA
"8787150","B5I",0.573392586021923,0.193825726982484,0.0375684124402886,NA
"8787153","B5I",0.592288850131346,0.25138131255399,0.0631925643013666,NA
"8787155","B5I",0.312689646416231,0.188393246738329,0.0354920154166089,NA
"8787156","B5I",0.36506355727093,0.276514299165523,0.0764601576430001,NA
"8787160","B5I",0.422476515583288,0.188275903975975,0.0354478160179704,NA
"8787161","B5I",0.194321945260731,0.190527759276777,0.0363008270550296,NA
"8787164","B5I",0.598331754225709,0.245365249038637,0.0602041054357922,NA
"8787176","B5I",-0.175701363217101,0.197156262520487,0.038870591851047,NA
"8787179","B5I",-0.119795554713323,0.194223003532876,0.0377225751013314,NA
"8787182","B5I",0.0924962006595297,0.193670124248754,0.0375081170265278,NA
"8787187","B5I",-0.219746373071554,0.195456906476821,0.0382034022894887,NA
"8787193","B5I",-0.135306432970343,0.196291076192864,0.0385301865929529,NA
"8787196","B5I",-0.146880635331625,0.203605964498637,0.04145538877942,NA
"8787197","B5I",-0.161734551384336,0.29790541176328,0.0887476343578494,NA
"8787204","B5I",0.281234985924096,0.204655869802478,0.0418840250446088,NA
"8787221","B5I",-0.0691346796296654,0.310791979124719,0.0965916542882595,NA
"8787223","B5I",-0.0702432257755839,0.310357818008157,0.0963219751987843,NA
"8787224","B5I",-0.326493079215155,0.319564543385719,0.102121497389323,NA
"8787229","B5I",0.100956415169155,0.208184061210885,0.0433406033422575,NA
"8787235","B5I",0.944949824111902,0.182077676357975,0.0331522802279195,NA
"8787281","B5I",0.442852844197132,0.191480320471615,0.0366647131279122,NA
"8787303","B5I",0.417000916507064,0.202533293368637,0.0410197349227465,NA
"8787305","B5I",0.0886682592148109,0.20495933155572,0.0420083275917674,NA
"8787309","B5I",-0.166102819339384,0.321894566131464,0.103616111704963,NA
"8787332","B5I",-0.0918812930424463,0.278454829332337,0.0775370919785008,NA
"8787337","B5I",0.0893139112555367,0.207324503188641,0.0429834496224167,NA
"8787344","B5I",-0.0365110222915778,0.20330223077149,0.0413317970366643,NA
"8787345","B5I",-0.118388162155161,0.288746096413449,0.0833743081940049,NA
"8787380","B5I",0.315089802515846,0.201143664370081,0.0404587737162239,NA
"8787385","B5I",-0.097919952719214,0.331384448477335,0.109815652692628,NA
"8787393","B5I",-0.168667872126398,0.342356824124567,0.11720819502466,NA
"8787407","B5I",-0.177676976409925,0.194725090268312,0.0379178607800024,NA
"8787414","B5I",-0.229818289890234,0.195587088283518,0.0382543091032247,NA
"8787415","B5I",0.149706092063898,0.198365612097334,0.03934891606275,NA
"8787421","B5I",-0.0396735728128547,0.198970363756898,0.0395892056535523,NA
"8787423","B5I",-0.247486135738265,0.32020316935746,0.102530069666562,NA
"8787424","B5I",-0.00226973145027004,0.198820761726709,0.0395296952935889,NA
"8787425","B5I",0.0981951228874682,0.208432776995962,0.0434442225262485,NA
"8787438","B5I",-0.239741868469435,0.335865741532141,0.112805796334935,NA
"8787441","B5I",0.221912038673452,0.201957318605774,0.040786758538434,NA
"8787453","B5I",-0.0552230042687049,0.203382596825942,0.0413644806916637,NA
"8787467","B5I",-0.398193599689564,0.191919428244836,0.0368330669378246,NA
"8787471","B5I",-0.350129448777947,0.193424340336459,0.0374129754345942,NA
"8787472","B5I",0.0545387080451669,0.200626622958552,0.040251041839753,NA
"8787473","B5I",0.165354381504087,0.19627100365315,0.0385223068750147,NA
"8787481","B5I",-0.114725215853152,0.201889815966154,0.0407594977908476,NA
"8787495","B5I",-0.436659807482623,0.338481594009009,0.11456978948288,NA
"8787521","B5I",0.283526047653821,0.200217273345233,0.0400869565457998,NA
"8787526","B5I",-0.0844820165695968,0.277414251291053,0.0769586668193754,NA
"8787530","B5I",-0.217816319722234,0.188360071159477,0.0354795164072033,NA
"8787532","B5I",-0.198860730897578,0.280089912539061,0.0784503591061389,NA
"8787534","B5I",-0.106381652348812,0.186488087392381,0.0347778067392683,NA
"8787535","B5I",-0.0229987033364855,0.185835331549089,0.0345347704519597,NA
"8787536","B5I",-0.204390171688935,0.185667279215813,0.0344723385714025,NA
"8787538","B5I",-0.0815392153204016,0.196517117873998,0.0386189776175029,NA
"8787539","B5I",-0.16735641155844,0.246670443169904,0.0608463075336368,NA
"8787540","B5I",-0.134349028864529,0.183948487946516,0.0338370462178097,NA
"8787541","B5I",-0.292028612068843,0.261444884142333,0.0683534274441978,NA
"8787543","B5I",-0.290526071023403,0.193093178750241,0.0372849756798725,NA
"8787547","B5I",-0.414199080991205,0.18887447883587,0.0356735687555217,NA
"8787552","B5I",-0.350295639681714,0.296775871003019,0.0880759176096007,NA
"8787554","B5I",-0.114714815070098,0.196014639901847,0.0384217390558508,NA
"8787557","B5I",-0.124486078744284,0.340884887560649,0.116202506567236,NA
"8787568","B5I",-0.633854660251201,0.199581057707776,0.0398325985957548,NA
"8787569","B5I",-0.163362977043353,0.185743142461215,0.0345005149713673,NA
"8787570","B5I",0.0315654916433394,0.185013265476134,0.0342299084021425,NA
"8787572","B5I",-0.107160004813958,0.19604763881927,0.038434676686611,NA
"8787573","B5I",-0.0147125811832077,0.193041333543575,0.0372649564562817,NA
"8787574","B5I",-0.264981241076657,0.194022175342462,0.0376446045246209,NA
"8787578","B5I",-0.411289888312494,0.194503654812768,0.0378316717355244,NA
"8787580","B5I",-0.0611102651957807,0.195794739910956,0.038335580176799,NA
"8787582","B5I",-0.414573833952062,0.29422676771814,0.0865693908418646,NA
"8787584","B5I",-0.201391917178615,0.260905450042481,0.0680716538618694,NA
"8787590","B5I",-0.452252543331138,0.194237765061552,0.0377283093761066,NA
"8787592","B5I",-0.295161516287209,0.268699618018042,0.0721994847230417,NA
"8787604","B5I",-0.32903738758959,0.329472813272473,0.108552334685678,NA
"8787618","B5I",0.20388006529341,0.199404318036767,0.039762082051708,NA
"8787628","B5I",-0.602425255837781,0.200463282075475,0.0401855274604715,NA
"8787630","B5I",-0.102677020066578,0.272073589688758,0.0740240382061268,NA
"8787658","B5I",-0.329231955681761,0.325367319248723,0.1058638924351,NA
"8787668","B5I",0.110279786955153,0.321437439029883,0.10332202721009,NA
"8787670","B5I",0.0427754042180751,0.198155617769322,0.0392656488535418,NA
"8787676","B5I",0.0655509278320843,0.205947236740099,0.0424142643208824,NA
"8787690","B5I",0.314991794994076,0.195999633527938,0.038415856343086,NA
"8787692","B5I",-0.366736519715235,0.33785714216231,0.114147448510083,NA
"8787702","B5I",-0.505693667513553,0.196748717851475,0.0387100579761993,NA
"8787707","B5I",-0.190655058025054,0.352432509378704,0.124208673666971,NA
"8787759","B5I",-1.18637381535826,0.209563401015242,0.0439168190450753,NA
"7806808","B2IR",0.0637150637889297,0.210366896379835,0.0442542310924842,NA
"8786051","B2IR",-0.360283926084461,0.244493587612817,0.0597771143837862,NA
"8786059","B2IR",-0.0404237886115922,0.227952966148821,0.0519625547760457,NA
"8786066","B2IR",0.013561332053836,0.266343378515589,0.0709387952790982,NA
"8786068","B2IR",-0.0399536753665156,0.221145035295107,0.0489051266356742,NA
"8786077","B2IR",0.0439193827639542,0.270592768617343,0.0732204464279987,NA
"8786086","B2IR",0.105925301838819,0.26750199407441,0.0715573168337857,NA
"8786087","B2IR",0.0707697661713688,0.22441191436665,0.0503607073097044,NA
"8786092","B2IR",0.22679903126079,0.219737852471366,0.0482847238087278,NA
"8786093","B2IR",0.40756914773004,0.219850706258517,0.0483343330423685,NA
"8786094","B2IR",0.228106022671412,0.222219836747579,0.0493816558441209,NA
"8786096","B2IR",0.356447702755614,0.225605463851239,0.0508978253195329,NA
"8786102","B2IR",0.240042597078729,0.258868890206507,0.0670131023167485,NA
"8786104","B2IR",0.278622181849023,0.250851362909453,0.0629264062735301,NA
"8786115","B2IR",0.192291753265507,0.222262897392091,0.049400795557127,NA
"8786132","B2IR",0.203337557487562,0.257072153961566,0.0660860923424393,NA
"8786136","B2IR",0.290821022986761,0.213021561921223,0.0453781858433573,NA
"8786147","B2IR",0.105191178904662,0.218644194781533,0.0478052839116649,NA
"8786149","B2IR",0.235902079429392,0.217107249979741,0.0471355579937658,NA
"8786150","B2IR",0.01362085433073,0.2172432459392,0.0471946279061997,NA
"8786159","B2IR",-0.000210333158058655,0.311948979015092,0.0973121655085586,NA
"8786160","B2IR",-0.033282688118614,0.304543172976108,0.0927465442063557,NA
"8786165","B2IR",-0.0887914479479756,0.276619490521296,0.0765183425362613,NA
"8786172","B2IR",-0.101991839705334,0.209140366354153,0.0437396928387493,NA
"8786179","B2IR",-0.312442682419116,0.301989909580189,0.0911979054882506,NA
"8786193","B2IR",-0.0945251881487115,0.279649445425185,0.0782038123266136,NA
"8786198","B2IR",-0.225817061309856,0.236750654515486,0.0560508724135108,NA
"8786202","B2IR",-0.0404079357905382,0.234221519514297,0.0548597202035861,NA
"8786213","B2IR",-0.280366886061889,0.246450916898467,0.0607380544400952,NA
"8786234","B2IR",0.08254682174304,0.218984396190179,0.0479541657747771,NA
"8786238","B2IR",0.0915811229983375,0.243817406818972,0.059446927867928,NA
"8786246","B2IR",-0.0359230604087485,0.275833747867582,0.0760842564626766,NA
"8786247","B2IR",-0.039097537103737,0.251671699440998,0.0633386442995201,NA
"8786251","B2IR",-0.163553413012413,0.292734597808656,0.0856935447541954,NA
"8786257","B2IR",-0.399680824151422,0.238539998647956,0.0569013309549668,NA
"8786258","B2IR",-0.41791108839037,0.23836442601114,0.05681759958762,NA
"8786269","B2IR",-0.234430379036617,0.238532830428477,0.0568979111922204,NA
"8786275","B2IR",-0.171468732765997,0.296186469404748,0.0877264246584495,NA
"8786276","B2IR",0.0211991735022163,0.29204919614376,0.0852927329682163,NA
"8786279","B2IR",-0.389714801892773,0.245241010926012,0.0601431534400122,NA
"8786281","B2IR",0.00640692791447752,0.297992135158259,0.0887993126161779,NA
"8786285","B2IR",-0.335347113287762,0.245928274553925,0.0604807162250709,NA
"8786286","B2IR",-0.265509944908554,0.287455007120213,0.0826303811184819,NA
"8786301","B2IR",-0.447024871204177,0.241795572611504,0.058465098934525,NA
"8786303","B2IR",-0.392995506274579,0.221343317884967,0.0489928643723255,NA
"8786304","B2IR",-0.106970976986358,0.222866682851494,0.0496695583252285,NA
"8786309","B2IR",-0.00285120356186051,0.252390149477584,0.0637007875533171,NA
"8786313","B2IR",-0.491276751716714,0.229360925644705,0.0526064342125959,NA
"8786320","B2IR",-0.52063381742258,0.240277496544173,0.0577332753455349,NA
"8786324","B2IR",-0.108939641362119,0.317351373340703,0.10071189416123,NA
"8786329","B2IR",0.109837695950312,0.220946791111804,0.0488174845026031,NA
"8786337","B2IR",-0.214065451040297,0.301198346380614,0.0907204438624165,NA
"8786340","B2IR",-0.19126712947529,0.254929403331506,0.0649890006829579,NA
"8786345","B2IR",-0.494195862783335,0.2258602767136,0.051012864597144,NA
"8786347","B2IR",-0.527449747082729,0.226201568122382,0.0511671494210246,NA
"8786350","B2IR",0.149370603143469,0.230063215004382,0.0529290828981525,NA
"8786352","B2IR",-0.154994380649871,0.236594711100764,0.0559770573208541,NA
"8786353","B2IR",0.00885116627939161,0.232566261893376,0.0540870661710581,NA
"8786357","B2IR",-0.287676410131819,0.230547664524376,0.0531522256176442,NA
"8786359","B2IR",-0.289364111901311,0.264471872207741,0.0699453711890679,NA
"8786362","B2IR",-0.248517487554177,0.230960454984471,0.0533427317666341,NA
"8786366","B2IR",-0.273125344009935,0.240496180451321,0.0578384128116743,NA
"8786367","B2IR",-0.382920718613257,0.270278764729455,0.0730506106636799,NA
"8786368","B2IR",-0.365164429551146,0.237329866350745,0.0563254654620624,NA
"8786372","B2IR",-0.58752651672059,0.232502991508125,0.0540576410602271,NA
"8786374","B2IR",-0.485091316789658,0.229107627657522,0.0524903050508579,NA
"8786375","B2IR",-0.498944097497098,0.229366547496171,0.0526090131103132,NA
"8786376","B2IR",-0.216636429790534,0.220381250635449,0.0485678956316448,NA
"8786377","B2IR",-0.0622288745864311,0.273354285354162,0.0747225653214847,NA
"8786379","B2IR",-0.0753866251596665,0.223603713580344,0.0499986207269204,NA
"8786382","B2IR",-0.0922061596124059,0.221995329619829,0.0492819263730164,NA
"8786389","B2IR",0.165490077992041,0.271692884246496,0.0738170233501796,NA
"8786391","B2IR",0.0120938030695909,0.241457133751562,0.0583015474395195,NA
"8786406","B2IR",-0.0951056492792498,0.31019239607746,0.0962193225842756,NA
"8786424","B2IR",0.152422180705861,0.253473807661444,0.0642489711703906,NA
"8786441","B2IR",-0.0228228304223985,0.270962942049591,0.0734209159641702,NA
"8786442","B2IR",-0.203939208319009,0.230043813851955,0.052920156291553,NA
"8786444","B2IR",0.0613717066365894,0.281567778812882,0.0792804140656201,NA
"8786447","B2IR",-0.162090689231675,0.232718171834677,0.0541577475020744,NA
"8786455","B2IR",-0.212557444476709,0.229114225744959,0.0524933284387122,NA
"8786458","B2IR",-0.1620566532014,0.257327875505951,0.0662176355124062,NA
"8786462","B2IR",-0.191786854911561,0.220595796587968,0.0486625054722803,NA
"8786479","B2IR",-0.225840986772985,0.234627424796406,0.055050028466593,NA
"8786483","B2IR",-0.109053210419094,0.223824074965608,0.0500972165342103,NA
"8786484","B2IR",-0.0618056485581617,0.223610974994286,0.0500018681378951,NA
"8786487","B2IR",0.0779972178168655,0.25750940253211,0.0663110923924444,NA
"8786488","B2IR",-0.300146351153339,0.225045943348133,0.050645676617451,NA
"8786491","B2IR",0.218019685728664,0.227512212652213,0.0517618069059058,NA
"8786492","B2IR",0.0730566785378838,0.25722449817456,0.0661644424611544,NA
"8786493","B2IR",0.149345382533375,0.270369237309736,0.0730995244834483,NA
"8786495","B2IR",0.242782512739688,0.256540703107095,0.0658131323506827,NA
"8786504","B2IR",-0.360522224033941,0.227950770958831,0.0519615539807256,NA
"8786507","B2IR",-0.296245618848571,0.227205171379983,0.0516221899018075,NA
"8786508","B2IR",-0.0209558769220713,0.277018481940172,0.0767392393364376,NA
"8786524","B2IR",0.027744992978494,0.20601840888096,0.0424435847978423,NA
"8786525","B2IR",0.111768733740834,0.224286999340677,0.0503046580732448,NA
"8786526","B2IR",0.140945798064328,0.245779697956913,0.0604076599277912,NA
"8786527","B2IR",0.010160445297946,0.221739948183411,0.0491686046203819,NA
"8786532","B2IR",-0.491915114187877,0.238067071848958,0.056675930698737,NA
"8786579","B2IR",0.435666278252621,0.237350161339415,0.0563350990878466,NA
"8786581","B2IR",0.446131508920964,0.240594314145629,0.0578856239992055,NA
"8786585","B2IR",0.438339214672563,0.238281780373189,0.0567782068578168,NA
"8786591","B2IR",0.145966960088976,0.216176802418103,0.0467324099037154,NA
"8786598","B2IR",-0.16135157873794,0.231308773688798,0.0535037487854155,NA
"8786605","B2IR",-0.0506759581982939,0.230699297847556,0.0532221660273552,NA
"8786612","B2IR",0.0958469968100028,0.219104903319294,0.048006958658557,NA
"8786625","B2IR",0.195344648697202,0.228643406756339,0.0522778074531448,NA
"8786634","B2IR",0.0762701309603438,0.234924100281024,0.0551893328928487,NA
"8786635","B2IR",0.179903037132796,0.278261965556012,0.077429721475095,NA
"8786636","B2IR",-0.109135722654845,0.231108854095317,0.0534113024412507,NA
"8786638","B2IR",-0.124443904248013,0.229682008595668,0.0527538250725405,NA
"8786639","B2IR",0.122591198214041,0.231078619136016,0.0533973282218081,NA
"8786660","B2IR",0.185628244917452,0.234554850136376,0.0550159777224979,NA
"8786674","B2IR",0.0274372398053858,0.214244888709789,0.04590087233827,NA
"8786676","B2IR",0.0954271790214863,0.205065237902447,0.0420517517959873,NA
"8786677","B2IR",0.0747406042368372,0.238225637282276,0.0567514542585468,NA
"8786679","B2IR",0.170788802887187,0.21239495422889,0.0451116165818923,NA
"8786680","B2IR",0.108703565602606,0.235154222201539,0.0552975082192106,NA
"8786681","B2IR",0.00643054928008114,0.209934326666422,0.0440724215128841,NA
"8786683","B2IR",0.0678571341787954,0.208506927961878,0.0434751390080996,NA
"8786686","B2IR",-0.300305706791315,0.22993059800876,0.0528680799006662,NA
"8786688","B2IR",-0.232551385193854,0.229845102512635,0.0528287711490437,NA
"8786689","B2IR",-0.0872928723444532,0.230869216464595,0.0533005951109758,NA
"8786694","B2IR",-0.0686276418537434,0.21900990672235,0.0479653392425323,NA
"8786695","B2IR",-0.147245649287476,0.220338615842648,0.0485491056314542,NA
"8786697","B2IR",-0.388268601643471,0.225671619801571,0.0509276799838647,NA
"8786698","B2IR",-0.19303909725487,0.267313413519324,0.0714564610473532,NA
"8786699","B2IR",-0.0436881108976537,0.216859597669149,0.0470280851012253,NA
"8786700","B2IR",0.0675590730983196,0.21338532263887,0.0455332959176948,NA
"8786701","B2IR",0.128079798584441,0.214339863493467,0.045941577082398,NA
"8786704","B2IR",0.106386205361887,0.191823401351936,0.0367962173062258,NA
"8786706","B2IR",0.06042348421877,0.193128864058983,0.0372987581327131,NA
"8786707","B2IR",0.102022028155329,0.188945188908346,0.0357002844116105,NA
"8786709","B2IR",-0.0285454690744602,0.192706147293894,0.037135659204856,NA
"8786711","B2IR",0.0358372780234625,0.207698467692276,0.0431386534817194,NA
"8786713","B2IR",0.0761652411724882,0.192714285578174,0.0371387958659062,NA
"8786715","B2IR",0.0660368059093521,0.205648119542866,0.0422911490715167,NA
"8786726","B2IR",-0.0932209906429127,0.235876113486409,0.0556375409134532,NA
"8786729","B2IR",0.154156071199074,0.236815261818812,0.0560814682303124,NA
"8786739","B2IR",0.038323747508285,0.186285240868517,0.0347021909654414,NA
"8786759","B2IR",0.144352610718172,0.265197094507389,0.0703294989351611,NA
"8786763","B2IR",0.0729450212188854,0.243116688374621,0.0591057241662426,NA
"8786764","B2IR",0.125639972086366,0.282950907049893,0.0800612158003572,NA
"8786770","B2IR",0.0118263140335889,0.249988326608955,0.0624941634407456,NA
"8786785","B2IR",-0.0787094883968457,0.213699753855367,0.0456675847978445,NA
"8786787","B2IR",-0.161576527979964,0.211038707692214,0.0445373361443997,NA
"8786792","B2IR",-0.279109558787776,0.214301292284221,0.0459250438746873,NA
"8786793","B2IR",-0.0256962166426245,0.225031524785952,0.0506391871474904,NA
"8786794","B2IR",-0.104629946972832,0.219448736180481,0.0481577478112103,NA
"8786796","B2IR",-0.14486706118674,0.214540464788732,0.0460276110317653,NA
"8786798","B2IR",-0.0962483229406343,0.221520051954586,0.0490711334179625,NA
"8786799","B2IR",-0.172183885011463,0.228088711011295,0.052024460090794,NA
"8786800","B2IR",-0.0645388351922293,0.292688934378652,0.0856668123077107,NA
"8786803","B2IR",-0.405083543526676,0.24552610066888,0.060283066109665,NA
"8786819","B2IR",-0.013220396268867,0.255996781825954,0.0655343523052452,NA
"8786820","B2IR",0.00932847393113243,0.225723830316366,0.0509512475726918,NA
"8786825","B2IR",-0.0578218626754378,0.228793684640161,0.0523465501312214,NA
"8786839","B2IR",-0.251430110125932,0.252365948020692,0.0636885717203828,NA
"8786843","B2IR",-0.0229410920132484,0.29478809337608,0.0869000199963044,NA
"8786861","B2IR",-0.0869138956780453,0.303258904991931,0.0919659634569051,NA
"8786868","B2IR",-0.198220550007197,0.241514143278664,0.058329081403627,NA
"8786870","B2IR",-0.340310576948554,0.244878074692136,0.0599652714649272,NA
"8786873","B2IR",-0.164952450544112,0.237973633421675,0.0566314502039136,NA
"8786911","B2IR",0.210903768444906,0.232607436665031,0.0541062195918763,NA
"8786963","B2IR",0.134485672178721,0.21319079620117,0.0454503155848887,NA
"8786966","B2IR",0.132795860705161,0.250670534514312,0.0628357168736908,NA
"8786967","B2IR",0.235107061602297,0.220643462302687,0.0486835374569173,NA
"8786968","B2IR",0.0532466959840772,0.216333378170676,0.0468001305107367,NA
"8786976","B2IR",-0.0949895888314494,0.301176837544774,0.0907074874734712,NA
"8786978","B2IR",0.137885316351387,0.223168553419866,0.0498042032355155,NA
"8786980","B2IR",0.230707726628953,0.223886120864446,0.0501249951157293,NA
"8786998","B2IR",-0.0600483637144871,0.217656186101266,0.047374215348149,NA
"8787000","B2IR",-0.0179696683804124,0.217593894802776,0.0473471030554417,NA
"8787002","B2IR",0.181910969509809,0.22883446738485,0.0523652134633081,NA
"8787004","B2IR",-0.171497579066687,0.279048308915186,0.0778679587084252,NA
"8787008","B2IR",0.456658215376937,0.219886768301205,0.0483501908739476,NA
"8787017","B2IR",0.16719963168224,0.215613118789371,0.0464890169940794,NA
"8787023","B2IR",0.0869841686164523,0.225312585494168,0.0507657611820666,NA
"8787027","B2IR",0.0190843215949732,0.294909168506017,0.0869714176689101,NA
"8787038","B2IR",0.319352697902419,0.222166472368467,0.049357941444649,NA
"8787042","B2IR",0.431583317299465,0.228481830121953,0.0522039466958772,NA
"8787043","B2IR",0.490331215379063,0.237326324848556,0.0563237844661221,NA
"8787050","B2IR",0.389029631398782,0.237579848512284,0.0564441844191196,NA
"8787052","B2IR",0.261397359209617,0.221492866097109,0.0490590897319118,NA
"8787059","B2IR",0.0330779669177068,0.230846996769715,0.0532903359175969,NA
"8787084","B2IR",-0.0324739033578711,0.232684698954125,0.054142169127372,NA
"8787091","B2IR",0.101102474004621,0.244372246006722,0.0597177946183699,NA
"8787099","B2IR",0.0841780352490301,0.278648415727925,0.0776449395876825,NA
"8787107","B2IR",0.0228568938583668,0.213980955947367,0.0457878495081489,NA
"8787111","B2IR",0.142082069144136,0.209410191876102,0.0438526284615858,NA
"8787121","B2IR",-0.00709113273133042,0.212862271546026,0.0453103466477339,NA
"8787127","B2IR",0.102063105704544,0.23932219092248,0.057275111067936,NA
"8787131","B2IR",0.383252222603972,0.245113081327752,0.060080422637985,NA
"8787150","B2IR",0.349211119357026,0.222227746083115,0.0493851711291815,NA
"8787153","B2IR",0.172098397452955,0.234307512240143,0.0549000102921645,NA
"8787155","B2IR",0.239808852323862,0.213317659124097,0.0455044236941845,NA
"8787156","B2IR",0.246152368502415,0.248976851400375,0.0619894725332442,NA
"8787160","B2IR",0.224977339396721,0.208962602241828,0.0436653691356764,NA
"8787161","B2IR",0.0814933958332932,0.217251167270978,0.0471980696806024,NA
"8787164","B2IR",0.191048281849078,0.227920896362039,0.0519479349984752,NA
"8787176","B2IR",0.011000860961493,0.228912692190886,0.0524010206460793,NA
"8787179","B2IR",-0.444921487127656,0.22711529386543,0.0515813567075808,NA
"8787182","B2IR",-0.201531824675526,0.225113516004267,0.0506760950878036,NA
"8787187","B2IR",0.0207599543890269,0.226636932438005,0.0513642991449089,NA
"8787193","B2IR",-0.110414638247647,0.227081923285501,0.051566199883042,NA
"8787196","B2IR",0.181295241097295,0.245303118657933,0.0601736200233078,NA
"8787197","B2IR",-0.0712390228619144,0.263665196591821,0.0695193358938034,NA
"8787204","B2IR",0.234413178379545,0.240820627361332,0.0579945745627057,NA
"8787221","B2IR",-0.0379210250895751,0.275265285630689,0.075770977473345,NA
"8787223","B2IR",-0.0387374290535459,0.275036166786956,0.0756448930408621,NA
"8787224","B2IR",-0.0443953231037631,0.281525527379514,0.0792566225663137,NA
"8787229","B2IR",-0.048321689375978,0.250894731022834,0.0629481660550203,NA
"8787235","B2IR",0.238687437593685,0.215686603589123,0.0465207109678115,NA
"8787281","B2IR",0.241444459314125,0.220689625399442,0.048703910758946,NA
"8787303","B2IR",0.158651368532449,0.240894128792849,0.0580299812868655,NA
"8787305","B2IR",-0.101363694759533,0.240649684735459,0.0579122707632759,NA
"8787309","B2IR",-0.0317752217562113,0.278116753183266,0.0773489284012016,NA
"8787332","B2IR",0.0466063906329932,0.261127940647872,0.0681878013869985,NA
"8787337","B2IR",0.144265052689822,0.240802547570923,0.0579858669166465,NA
"8787344","B2IR",0.111285153576792,0.235068140220272,0.0552570305466174,NA
"8787345","B2IR",0.0774155058638735,0.263168967588852,0.0692579055017822,NA
"8787380","B2IR",-0.172951947397142,0.235064394149898,0.0552552693970588,NA
"8787385","B2IR",-0.104139305187243,0.284154494806645,0.0807437769188198,NA
"8787393","B2IR",-0.209002442568727,0.297814267528513,0.0886933379435448,NA
"8787407","B2IR",-0.0752062917166829,0.222607878690309,0.0495542676549995,NA
"8787414","B2IR",-0.501045814904867,0.234751934568898,0.0551084707838402,NA
"8787415","B2IR",-0.297533154933463,0.240713553270906,0.0579430147283055,NA
"8787421","B2IR",-0.0338309598511896,0.230389118653215,0.0530791459938051,NA
"8787423","B2IR",0.0700459850315744,0.283510617920067,0.0803782704734185,NA
"8787424","B2IR",0.0020750732370017,0.23044871734333,0.0531066113251859,NA
"8787425","B2IR",0.295403110089342,0.24476034576244,0.0599076268577491,NA
"8787438","B2IR",0.0286115151749218,0.289950400448404,0.0840712347201901,NA
"8787441","B2IR",0.00114665686254944,0.236231184765961,0.0558051726559295,NA
"8787453","B2IR",0.0218426671361123,0.238487761014611,0.0568764121537621,NA
"8787467","B2IR",0.185412633611526,0.217615641929715,0.047356567612482,NA
"8787471","B2IR",0.238184463257802,0.220321092972285,0.0485413840085021,NA
"8787472","B2IR",0.23547183837032,0.239676738269724,0.0574449388676138,NA
"8787473","B2IR",0.404186043720714,0.226228903099447,0.0511795165975788,NA
"8787481","B2IR",0.258906651341886,0.238012453784987,0.0566499281567504,NA
"8787495","B2IR",-0.438131662863519,0.294707950671557,0.0868527761890291,NA
"8787521","B2IR",0.388932038376784,0.2295377138617,0.0526875620848555,NA
"8787526","B2IR",0.212934578795128,0.239822527916845,0.0575148448964257,NA
"8787530","B2IR",0.173221782725994,0.207453862226707,0.0430371049527777,NA
"8787532","B2IR",0.229341497341131,0.243268558381331,0.0591795914969309,NA
"8787534","B2IR",0.222528379229211,0.20658416682771,0.0426770179838989,NA
"8787535","B2IR",0.221659988117569,0.20680655179689,0.0427689498661199,NA
"8787536","B2IR",0.177779076684756,0.204818543823259,0.0419506358938802,NA
"8787538","B2IR",0.256818312380341,0.218740329758036,0.0478473318626542,NA
"8787539","B2IR",0.199000024401143,0.224146276261932,0.0502415531620903,NA
"8787540","B2IR",0.171631243102472,0.202886756353632,0.041163035903698,NA
"8787541","B2IR",0.141052145767282,0.242691184371581,0.0588990109716809,NA
"8787543","B2IR",0.154969793116334,0.219853418176744,0.0483355254839985,NA
"8787547","B2IR",0.0647982003011788,0.214354450113158,0.0459478302833145,NA
"8787552","B2IR",0.0997200569365521,0.259363420813484,0.0672693840560725,NA
"8787554","B2IR",0.074025631713217,0.220538467606662,0.0486372156942945,NA
"8787557","B2IR",-0.0730539806391645,0.292504958423264,0.0855591507021956,NA
"8787568","B2IR",0.146140985199145,0.232365392618071,0.0539936756865504,NA
"8787569","B2IR",0.127276653094836,0.220830978077869,0.0487663208788281,NA
"8787570","B2IR",0.117348081718493,0.220260517033946,0.0485146953640611,NA
"8787572","B2IR",0.240893543303288,0.230465809180326,0.0531144892011425,NA
"8787573","B2IR",-0.00724302935307513,0.225999515428006,0.0510757809736934,NA
"8787574","B2IR",-0.0288500583364214,0.227301966587664,0.0516661840146196,NA
"8787578","B2IR",0.139190577947502,0.217455979050728,0.0472871028249107,NA
"8787580","B2IR",0.280442072030094,0.218843450100867,0.0478924556520507,NA
"8787582","B2IR",0.140446222116861,0.259364490475946,0.0672699389198468,NA
"8787584","B2IR",0.101166665629869,0.234776675863894,0.0551200875297,NA
"8787590","B2IR",0.0991202641621719,0.220504244316449,0.0486221217615681,NA
"8787592","B2IR",0.119324676467988,0.239667688377039,0.0574406008519934,NA
"8787604","B2IR",0.126309373341307,0.287096034391027,0.0824241329630536,NA
"8787618","B2IR",0.106722830076304,0.231272089090198,0.0534867791921445,NA
"8787628","B2IR",-0.0596661190530689,0.238791117072603,0.0570211975927818,NA
"8787630","B2IR",0.185394392817284,0.239558173519504,0.0573881185000009,NA
"8787658","B2IR",-0.0778486033447413,0.288258695583565,0.0830930755795382,NA
"8787668","B2IR",0.0738721257648104,0.284682753118859,0.0810442699233333,NA
"8787670","B2IR",0.111919047022288,0.229588136724859,0.0527107125247923,NA
"8787676","B2IR",0.0821457037551169,0.246223358675812,0.0606259423575974,NA
"8787690","B2IR",0.0339693467949215,0.231947742533151,0.053799755266225,NA
"8787692","B2IR",-0.165637305100168,0.297233914859225,0.0883480001425411,NA
"8787702","B2IR",-0.264021694558148,0.232033430716019,0.0538395129698455,NA
"8787707","B2IR",0.150493361604763,0.304969661424121,0.0930064943891431,NA
"8787759","B2IR",-0.209629604250508,0.255149797701096,0.0651014192669103,NA
"7806808","F5I",0.585787273527418,0.249311101951732,0.0621560255563871,NA
"8786051","F5I",0.202519739816999,0.279187874357795,0.0779458691884242,NA
"8786059","F5I",-0.130222761304225,0.260005598764219,0.0676029113887399,NA
"8786066","F5I",-0.181957973943573,0.35120393743013,0.123344205666427,NA
"8786068","F5I",-0.280772771421436,0.254140859257734,0.0645875763442593,NA
"8786077","F5I",-0.106748745794308,0.357160973476389,0.127563960974602,NA
"8786086","F5I",-0.341683113039588,0.353282688401094,0.124808657923905,NA
"8786087","F5I",-0.456513048117141,0.261222313075052,0.0682370968482805,NA
"8786092","F5I",0.159913807793488,0.256277272369578,0.0656780403331907,NA
"8786093","F5I",0.082766958012763,0.255854644916753,0.0654615993254776,NA
"8786094","F5I",0.286786303589809,0.258316367360318,0.0667273456462305,NA
"8786096","F5I",-0.0670786564074566,0.260586549829028,0.0679053499517963,NA
"8786102","F5I",0.104941727523244,0.340234017377461,0.115759186580806,NA
"8786104","F5I",-0.0637104055544229,0.32677368010483,0.106781038009254,NA
"8786115","F5I",-0.386698184548415,0.259828236356753,0.0675107124082606,NA
"8786132","F5I",-0.18555990034288,0.338797339029806,0.114783636933677,NA
"8786136","F5I",-0.16797509609966,0.246944215903691,0.0609814457682889,NA
"8786147","F5I",-0.139526341000604,0.251782435068935,0.0633943946092427,NA
"8786149","F5I",-0.105371900875132,0.249498354346687,0.0622494288217051,NA
"8786150","F5I",-0.176389559199212,0.250104950751906,0.0625524863906131,NA
"8786159","F5I",-0.179805008094132,0.42293949711216,0.178877818217487,NA
"8786160","F5I",-0.14959447248011,0.412916673724577,0.170500179439769,NA
"8786165","F5I",0.282755230848637,0.364255965348022,0.13268240829162,NA
"8786172","F5I",-0.455078669810101,0.249091855055157,0.0620467522548193,NA
"8786179","F5I",-0.350482416649617,0.406431626820478,0.16518666727994,NA
"8786193","F5I",0.408235326262959,0.379450351271602,0.143982569080142,NA
"8786198","F5I",-0.231343735230686,0.268958722621002,0.072338794473921,NA
"8786202","F5I",-0.137104469811227,0.269540096118498,0.0726518634155692,NA
"8786213","F5I",0.295012910534269,0.282306484198059,0.0796969510202691,NA
"8786234","F5I",-0.231984541975721,0.256927955350578,0.0660119742406286,NA
"8786238","F5I",-0.283936239293985,0.280414047047725,0.0786320377816835,NA
"8786246","F5I",-0.000424523354816237,0.350855080376098,0.123099287425718,NA
"8786247","F5I",-0.036214040978388,0.286299611405331,0.0819674674908436,NA
"8786251","F5I",-0.363676186557584,0.385496533673691,0.148607577474431,NA
"8786257","F5I",-0.499298859305913,0.27131802552,0.0736134709720715,NA
"8786258","F5I",-0.385713124750892,0.271406652919417,0.073661571248921,NA
"8786269","F5I",-0.577965647828118,0.274232059131888,0.0752032222557154,NA
"8786275","F5I",0.129008105948428,0.397916913265763,0.158337869862952,NA
"8786276","F5I",-0.228634568533749,0.391839693620358,0.153538345496496,NA
"8786279","F5I",-0.123376230069944,0.281833785464463,0.0794302826292288,NA
"8786281","F5I",-0.217692055283359,0.405059436915631,0.164073147434408,NA
"8786285","F5I",-0.346347628020651,0.279397852184161,0.0780631598051224,NA
"8786286","F5I",-0.368736178823495,0.375899160443451,0.141300178822091,NA
"8786301","F5I",-0.767149437404879,0.274055303351911,0.075106309295308,NA
"8786303","F5I",-0.24586259640818,0.248435208821845,0.0617200529823536,NA
"8786304","F5I",-0.403514559201772,0.251567682648216,0.0632862989529938,NA
"8786309","F5I",-0.672408397142517,0.287154777066825,0.0824578659922982,NA
"8786313","F5I",-0.45606102624428,0.261659012204509,0.0684654386678394,NA
"8786320","F5I",-0.693293235805445,0.273852052025579,0.0749949463986205,NA
"8786324","F5I",-0.629908230177259,0.41915560881545,0.175691424401451,NA
"8786329","F5I",-0.0612708775680327,0.25803221330629,0.0665806231037425,NA
"8786337","F5I",-0.308871901614844,0.409076646236035,0.167343702495723,NA
"8786340","F5I",-0.461365997115425,0.343787667676391,0.118189960446373,NA
"8786345","F5I",0.127019377826433,0.249391554234906,0.0621961473237019,NA
"8786347","F5I",0.232451554997864,0.249857267757239,0.0624286542511129,NA
"8786350","F5I",0.17000389177223,0.264254387119476,0.06983038111189,NA
"8786352","F5I",0.0912823007160973,0.272007607902811,0.0739881387570091,NA
"8786353","F5I",0.175394602689577,0.263738310590702,0.0695578964732376,NA
"8786357","F5I",-0.171788165238212,0.260552514231658,0.0678876126724382,NA
"8786359","F5I",-0.188435935935778,0.338231833730429,0.114400773348649,NA
"8786362","F5I",-0.209714991907736,0.264141651892779,0.0697708122646459,NA
"8786366","F5I",0.0776780011255236,0.278350712159738,0.0774791189598331,NA
"8786367","F5I",-0.342013650409905,0.343174380383397,0.117768655351528,NA
"8786368","F5I",-0.718210310165938,0.266109668931777,0.0708143558989801,NA
"8786372","F5I",-0.272354431449122,0.262770252856853,0.0690482057864545,NA
"8786374","F5I",-0.792233492739088,0.253616715030737,0.0643214381429819,NA
"8786375","F5I",-0.625459208105611,0.254599171199368,0.0648207379754051,NA
"8786376","F5I",-0.539648771168277,0.255927961173646,0.065499121310499,NA
"8786377","F5I",-0.358265573490665,0.348676192648602,0.121575087319925,NA
"8786379","F5I",-0.686632844465103,0.254896845592623,0.0649724018930696,NA
"8786382","F5I",-0.509268724977522,0.253633459239516,0.0643299316458033,NA
"8786389","F5I",0.0383479319524522,0.360842328475538,0.130207186019648,NA
"8786391","F5I",-0.718820612699041,0.277757459648674,0.0771492063904849,NA
"8786406","F5I",-0.33392081263442,0.413924077149102,0.171333141643736,NA
"8786424","F5I",-0.342166584730489,0.287904758480566,0.0828891499557532,NA
"8786441","F5I",-0.0273036894310691,0.358053109976863,0.128202029564103,NA
"8786442","F5I",0.0625116121423124,0.264149833321348,0.0697751344436961,NA
"8786444","F5I",0.479407826401161,0.373426941469654,0.139447680615381,NA
"8786447","F5I",-0.477094698267412,0.266618579540723,0.0710854669563129,NA
"8786455","F5I",-0.244660935289084,0.26572216511739,0.0706082690346734,NA
"8786458","F5I",-0.168371423285852,0.332034127148854,0.110246661591502,NA
"8786462","F5I",-0.259964714229409,0.256347018683397,0.065713793987866,NA
"8786479","F5I",-0.155518096036193,0.269313238675364,0.0725296205258138,NA
"8786483","F5I",-0.469040407409411,0.252918204253512,0.0639676180428213,NA
"8786484","F5I",-0.332107209713412,0.25323253904038,0.0641267188288375,NA
"8786487","F5I",0.390804557890502,0.334377602551923,0.111808381088372,NA
"8786488","F5I",0.3119622192759,0.257169211933494,0.0661360035664942,NA
"8786491","F5I",0.783118895633623,0.260105775916265,0.0676550146650024,NA
"8786492","F5I",0.466173612661429,0.333914228701088,0.111498712129043,NA
"8786493","F5I",0.328586471482847,0.359500270096298,0.129240444199311,NA
"8786495","F5I",0.578441151007495,0.332791658432424,0.110750287922203,NA
"8786504","F5I",-0.13426826592384,0.263649414104274,0.0695110135575272,NA
"8786507","F5I",0.0173516929083264,0.262537883290346,0.0689261401625753,NA
"8786508","F5I",0.00368964327983887,0.370623152211412,0.137361520955123,NA
"8786524","F5I",-0.0620790421787567,0.23942579373852,0.0573247107073201,NA
"8786525","F5I",0.0839627327927042,0.257107253940262,0.0661041400287026,NA
"8786526","F5I",-0.0910788430885342,0.321300954860181,0.103234303594064,NA
"8786527","F5I",-0.352838128200478,0.256567176486902,0.0658267160504611,NA
"8786532","F5I",-0.328298697128529,0.274110065892144,0.0751363282233957,NA
"8786579","F5I",0.0429190470550309,0.271640612838387,0.0737886225432145,NA
"8786581","F5I",-0.0118849099545021,0.273336019691072,0.0747125796605581,NA
"8786585","F5I",0.134309858903166,0.271563029640589,0.0737464790675753,NA
"8786591","F5I",0.237720079490021,0.246749644915432,0.060885387265892,NA
"8786598","F5I",-0.578103703642125,0.26733766814409,0.0714694288087199,NA
"8786605","F5I",0.182285104367962,0.265965220959732,0.0707374987601588,NA
"8786612","F5I",-0.164023697754049,0.248836227346592,0.061919468040085,NA
"8786625","F5I",-0.75549158085472,0.26423555771651,0.0698204299617552,NA
"8786634","F5I",-0.429201374444914,0.26718043164167,0.0713853830522289,NA
"8786635","F5I",-0.30731801140475,0.367298884827758,0.134908470795714,NA
"8786636","F5I",-0.979667732419876,0.25902988911339,0.0670964834540953,NA
"8786638","F5I",-0.817614984653922,0.25853805455376,0.0668419256524431,NA
"8786639","F5I",-0.591439419392161,0.264428798128956,0.0699225892799242,NA
"8786660","F5I",0.0445670480396348,0.268928030790736,0.0723222857449829,NA
"8786674","F5I",0.498190046516033,0.248146697448162,0.0615767834544297,NA
"8786676","F5I",0.541843497056512,0.238998933301747,0.0571204901193727,NA
"8786677","F5I",0.412366378518435,0.310297273135124,0.096284397715094,NA
"8786679","F5I",0.370318001916734,0.245213122147051,0.0601294752731045,NA
"8786680","F5I",0.517156792204341,0.30364641547447,0.0922011456304945,NA
"8786681","F5I",0.543354564176467,0.243576985785575,0.059329748004386,NA
"8786683","F5I",0.193810164187874,0.241123833426437,0.0581407030462604,NA
"8786686","F5I",0.357643195891472,0.263474637280442,0.0694188844900607,NA
"8786688","F5I",0.40624538546074,0.265676042975592,0.0705837598111688,NA
"8786689","F5I",0.27683324427379,0.264560470937011,0.0699922427824128,NA
"8786694","F5I",0.42636111932985,0.251591430938833,0.0632982481218498,NA
"8786695","F5I",0.133282011091728,0.251946053377893,0.0634768138126963,NA
"8786697","F5I",-0.0907339447398647,0.260936619665813,0.0680879194826212,NA
"8786698","F5I",0.122054420720709,0.356199904236697,0.126878371778232,NA
"8786699","F5I",0.32686519260476,0.250006852646422,0.0625034263701698,NA
"8786700","F5I",0.0659986931008979,0.246518594501479,0.0607714174349845,NA
"8786701","F5I",0.0960577795760455,0.246938618532888,0.060978681322931,NA
"8786704","F5I",0.384343279646334,0.214391690916203,0.0459637971339088,NA
"8786706","F5I",0.198780604142886,0.215435998346435,0.046412669383525,NA
"8786707","F5I",0.432476689047241,0.212213113464293,0.0450344055262089,NA
"8786709","F5I",0.192020644409156,0.215640747777921,0.0465009321022211,NA
"8786711","F5I",0.216415828285648,0.250753517470658,0.0628773265239078,NA
"8786713","F5I",0.259922370270032,0.215095537166214,0.046266090108822,NA
"8786715","F5I",0.27133488838162,0.248871537817928,0.0619370423358602,NA
"8786726","F5I",-0.157744955663669,0.271650141537541,0.073793799397366,NA
"8786729","F5I",0.0763811658637414,0.273841730990586,0.0749892936319207,NA
"8786739","F5I",0.283874786047855,0.210891251639433,0.0444751200180466,NA
"8786759","F5I",0.402354340239113,0.355961629346297,0.12670868156687,NA
"8786763","F5I",0.306858790258858,0.278510553027772,0.0775681281478355,NA
"8786764","F5I",-0.122302907679494,0.367430125116093,0.135004896842827,NA
"8786770","F5I",-0.396595000663177,0.28577629052147,0.0816680882242115,NA
"8786785","F5I",0.836690852164241,0.245632597600937,0.0603353730041838,NA
"8786787","F5I",0.775193218225818,0.236449313332097,0.0559082777752204,NA
"8786792","F5I",0.94303653475379,0.244447018427259,0.0597543448179769,NA
"8786793","F5I",0.570968765562196,0.259963265072639,0.067580899187227,NA
"8786794","F5I",0.98229268767877,0.249792768839772,0.06239642736464,NA
"8786796","F5I",0.923881775229307,0.243433834698326,0.059260031875932,NA
"8786798","F5I",0.760784563270069,0.252119487093641,0.0635642357723607,NA
"8786799","F5I",0.597845067614714,0.259553638721532,0.0673680913735873,NA
"8786800","F5I",0.111801424324361,0.39501339847412,0.156035584974074,NA
"8786803","F5I",0.119147398956016,0.28114570023378,0.0790429047599425,NA
"8786819","F5I",-0.0108678239371507,0.326889824414192,0.106856957305542,NA
"8786820","F5I",0.000980652606508683,0.255077989671191,0.0650647808146961,NA
"8786825","F5I",0.0263706497582439,0.258221542658479,0.0666783650929245,NA
"8786839","F5I",-0.0887765854689676,0.28772462308845,0.0827854587313907,NA
"8786843","F5I",0.0735667430559055,0.387890376797905,0.150458944412421,NA
"8786861","F5I",-0.0959920876509596,0.408827544734387,0.167139961333548,NA
"8786868","F5I",0.104987186112009,0.276925474842105,0.0766877186165255,NA
"8786870","F5I",-0.0529718587880963,0.280991875140701,0.0789564338950875,NA
"8786873","F5I",-0.223695001163133,0.274932790421721,0.0755880392490738,NA
"8786911","F5I",0.175736260411015,0.269126329970024,0.0724289814831344,NA
"8786963","F5I",0.198003029776576,0.243006099840299,0.0590519645595934,NA
"8786966","F5I",0.326725130094692,0.322709425134486,0.10414137307063,NA
"8786967","F5I",0.507701912120848,0.250956580304494,0.062979205198126,NA
"8786968","F5I",0.235806760424962,0.245847547601127,0.0604410166614883,NA
"8786976","F5I",0.133099132642097,0.402411698809136,0.161935175338454,NA
"8786978","F5I",-0.0390938475649225,0.256068602875839,0.065571129378784,NA
"8786980","F5I",0.22890863421893,0.263143690285418,0.069244601737028,NA
"8786998","F5I",0.423540489658455,0.245962475798445,0.0604975395009007,NA
"8787000","F5I",0.633177250437411,0.245512323381583,0.0602763009322231,NA
"8787002","F5I",-0.021820812467151,0.264787709395407,0.0701125310468666,NA
"8787004","F5I",-0.153038991504212,0.363618587516166,0.132218477187251,NA
"8787008","F5I",0.252545071609985,0.254226328000164,0.0646310258484472,NA
"8787017","F5I",-0.226303761152288,0.251053015840358,0.0630276167625391,NA
"8787023","F5I",-0.104961601252736,0.259263502871067,0.0672175639209758,NA
"8787027","F5I",-0.144955503963113,0.403128408680779,0.162512513885497,NA
"8787038","F5I",-0.188557524430982,0.258921901092464,0.0670405508653357,NA
"8787042","F5I",0.370843145100023,0.263688776760268,0.0695317709893267,NA
"8787043","F5I",0.223053046057864,0.27337491613895,0.0747338447739778,NA
"8787050","F5I",-0.145916689735716,0.270623580061036,0.0732371220850521,NA
"8787052","F5I",-0.00871230187023159,0.257291965201051,0.0661991553570189,NA
"8787059","F5I",-0.525255603647775,0.265257999551596,0.0703618063261143,NA
"8787084","F5I",-0.136856085428617,0.269639961829474,0.0727057090154001,NA
"8787091","F5I",0.456093019119693,0.278729662058248,0.0776902245111053,NA
"8787099","F5I",0.370970998611294,0.363670655247629,0.13225634548824,NA
"8787107","F5I",0.273415012193287,0.245614937480262,0.0603266975134329,NA
"8787111","F5I",-0.0653495781241233,0.241895281860373,0.0585133273863095,NA
"8787121","F5I",0.293811234961967,0.244521851378344,0.059790935801493,NA
"8787127","F5I",0.718673663158666,0.273167917049511,0.0746207109051685,NA
"8787131","F5I",0.301237629372471,0.279812948113386,0.0782952859319044,NA
"8787150","F5I",0.284275915972704,0.254653488281308,0.0648483990938381,NA
"8787153","F5I",0.645023199753319,0.296060298625103,0.0876517004219852,NA
"8787155","F5I",0.348834024221552,0.241953684603631,0.0585415854932735,NA
"8787156","F5I",0.429053014236598,0.324032604336062,0.104997128672811,NA
"8787160","F5I",0.49110183015694,0.240733380176868,0.0579525603313805,NA
"8787161","F5I",0.471360120438694,0.249834851470185,0.0624174530091296,NA
"8787164","F5I",0.553537156724809,0.287972316631419,0.0829280551460664,NA
"8787176","F5I",-0.359686755852678,0.266604966207351,0.0710782080064227,NA
"8787179","F5I",0.167449965726774,0.258672641975217,0.0669115357064386,NA
"8787182","F5I",0.384255059162767,0.257102507464733,0.0661016993446529,NA
"8787187","F5I",-0.0391439005071461,0.264337825301501,0.0698744858851267,NA
"8787193","F5I",-0.428155691026484,0.265185049298634,0.0703231103715191,NA
"8787196","F5I",0.0134028827367636,0.280799363367168,0.078848282467407,NA
"8787197","F5I",-0.31476366199663,0.350570857022501,0.122899925793491,NA
"8787204","F5I",-0.0949398804276387,0.276964769889702,0.0767094837600556,NA
"8787221","F5I",-0.289331850929505,0.365602494338404,0.133665183866463,NA
"8787223","F5I",-0.285324244883272,0.365203105562939,0.133373308312815,NA
"8787224","F5I",-0.438860507451195,0.374918056121811,0.140563548806158,NA
"8787229","F5I",0.106209638508599,0.28568536596189,0.0816161283247792,NA
"8787235","F5I",0.53759114533519,0.246369325092414,0.0606978443464914,NA
"8787281","F5I",-0.0649443361487493,0.251529472930971,0.0632670757529322,NA
"8787303","F5I",0.469825640705198,0.275132164073508,0.0756977077077718,NA
"8787305","F5I",-0.0117964216977633,0.275937972947054,0.0761417649141293,NA
"8787309","F5I",0.18631070869554,0.374475050598745,0.140231563520933,NA
"8787332","F5I",0.438646327982626,0.334027172903507,0.111574152237909,NA
"8787337","F5I",0.202140820471346,0.276543156752054,0.0764761175463911,NA
"8787344","F5I",0.595262949148763,0.271280421440443,0.0735930670569041,NA
"8787345","F5I",0.273596601441764,0.342896851815081,0.117578250984694,NA
"8787380","F5I",0.590971504812404,0.271214672181323,0.0735573984064224,NA
"8787385","F5I",0.0993628357618691,0.383887408998515,0.147369542787593,NA
"8787393","F5I",-0.185368772538289,0.399681942620557,0.159745655256942,NA
"8787407","F5I",0.417019722399453,0.256862301038482,0.065978241694784,NA
"8787414","F5I",-0.411575630166018,0.260737374687443,0.0679839785588998,NA
"8787415","F5I",-0.382851723130276,0.266307750442508,0.0709198179457494,NA
"8787421","F5I",0.440211223019536,0.257559637985369,0.0663369671191543,NA
"8787423","F5I",-0.220219199896533,0.374755617407497,0.140441772778474,NA
"8787424","F5I",0.37133159703514,0.257644648700683,0.0663807650040983,NA
"8787425","F5I",-0.0771558180631125,0.279047491534372,0.0778675025316256,NA
"8787438","F5I",-0.251896936903343,0.391138359806969,0.152989216512486,NA
"8787441","F5I",-0.136088576521526,0.2731717305318,0.0746227943617382,NA
"8787453","F5I",-0.250795077321548,0.274810078521493,0.0755205792569892,NA
"8787467","F5I",-0.1245834376325,0.251839437713462,0.0634231023878328,NA
"8787471","F5I",0.0414140382274562,0.256315354243386,0.0656975608209125,NA
"8787472","F5I",-0.202388599103325,0.272494652861366,0.0742533358380363,NA
"8787473","F5I",0.335589619914168,0.263103795486659,0.0692236071994855,NA
"8787481","F5I",-0.0691159261848565,0.274730127469239,0.0754766429392641,NA
"8787495","F5I",-0.517152571139428,0.394400894975337,0.155552065957347,NA
"8787521","F5I",0.240365415723945,0.267697026774936,0.0716616981441408,NA
"8787526","F5I",-0.108983978131014,0.320617986017057,0.102795892957634,NA
"8787530","F5I",0.0631482109950451,0.240713463461764,0.057942971491758,NA
"8787532","F5I",-0.215498250163985,0.323803057249877,0.104848419884367,NA
"8787534","F5I",-0.101847538270794,0.238967363139524,0.0571054006458572,NA
"8787535","F5I",-0.0795068047334511,0.239251555181336,0.0572413066566878,NA
"8787536","F5I",-0.141866824379743,0.23816574961271,0.056722924288584,NA
"8787538","F5I",0.108079180840101,0.254616917784186,0.0648297748219189,NA
"8787539","F5I",-0.06448422325087,0.289357540098336,0.08372778601176,NA
"8787540","F5I",-0.0961106121057381,0.236835448479456,0.0560910296564653,NA
"8787541","F5I",0.0742550267412109,0.310703621679892,0.0965367405250016,NA
"8787543","F5I",0.101861092090008,0.253371110142929,0.0641969194550604,NA
"8787547","F5I",-0.104140186579469,0.250126079177713,0.0625630554848156,NA
"8787552","F5I",-0.098439809928799,0.345283099093075,0.119220418519318,NA
"8787554","F5I",0.354694053906011,0.256417379833647,0.0657498726807527,NA
"8787557","F5I",-0.156298494701098,0.395737643500911,0.156608282483654,NA
"8787568","F5I",-0.415613278707989,0.268597086630227,0.0721443949462455,NA
"8787569","F5I",0.0237882729077767,0.251264551882217,0.0631338750325712,NA
"8787570","F5I",0.232205294382457,0.250845644046708,0.062923537137208,NA
"8787572","F5I",-0.0574671621615393,0.265501461374154,0.0704910259918112,NA
"8787573","F5I",0.396115744634521,0.254898019549008,0.0649730003700063,NA
"8787574","F5I",0.182809262924981,0.256385583692794,0.0657335675254945,NA
"8787578","F5I",-0.142340487272683,0.252605919368006,0.0638097504997558,NA
"8787580","F5I",-0.103977773369517,0.252891281617606,0.0639540003181955,NA
"8787582","F5I",-0.0459285315222499,0.342583137942479,0.117363206402515,NA
"8787584","F5I",0.0823606336241356,0.304324477302533,0.0926133874854602,NA
"8787590","F5I",-0.193369691928356,0.253552217723327,0.0642887271124172,NA
"8787592","F5I",0.0556481623456008,0.312561114620196,0.0976944503726192,NA
"8787604","F5I",-0.219757445662491,0.384152791537984,0.147573367246426,NA
"8787618","F5I",0.181474311581051,0.26833053840268,0.0720012778394722,NA
"8787628","F5I",-0.460041196470392,0.273189984885348,0.0746327678416567,NA
"8787630","F5I",-0.00319604419231536,0.315875177960829,0.0997771280517853,NA
"8787658","F5I",-0.247375439895765,0.382526159652856,0.146326262818763,NA
"8787668","F5I",-0.0266751007315651,0.378287074618315,0.143101110823283,NA
"8787670","F5I",0.322055651277371,0.267083149847858,0.0713334089326532,NA
"8787676","F5I",-0.0501397523907199,0.282428809227803,0.079766032281835,NA
"8787690","F5I",0.0905665217892911,0.266864332291673,0.0712165718494802,NA
"8787692","F5I",-0.545427299506393,0.39609982060131,0.15689506788039,NA
"8787702","F5I",-0.270252051242867,0.265654423323204,0.0705722726311843,NA
"8787707","F5I",-0.225039685839758,0.410870955416901,0.168814942005197,NA
"8787759","F5I",-0.818581545634932,0.288791383391061,0.0834004631209226,NA
