"","GID","Env","Predicted_value","Standard_error","Prediction_error_variance","Reliability"
"1","7806808","B5I",8.0548941618871,0.175674666648138,0.0308615885019346,NA
"2","7806808","B2IR",4.67361963274947,0.230483812643092,0.0531227878904958,NA
"3","7806808","F5I",6.88728414164658,0.251163811193464,0.0630832600532261,NA
"4","8786051","B5I",7.74763877560711,0.184192959024053,0.0339270461540366,NA
"5","8786051","B2IR",4.25373280713068,0.251601796774535,0.0633034641401745,NA
"6","8786051","F5I",6.50460980618861,0.277315142346458,0.0769036881746363,NA
"7","8786059","B5I",7.71467214322569,0.176562710812248,0.0311743908493694,NA
"8","8786059","B2IR",4.60058624469097,0.239306557028951,0.0572676282370504,NA
"9","8786059","F5I",6.1401609348356,0.258851045096907,0.067003863547761,NA
"10","8786066","B5I",7.40338280595514,0.320040808304009,0.102426118979883,NA
"11","8786066","B2IR",4.71019893988914,0.309041118307147,0.0955064128045321,NA
"12","8786066","F5I",6.09460464017363,0.362956748249042,0.131737601099519,NA
"13","8786068","B5I",7.35713101753067,0.175063947906552,0.030647385856628,NA
"14","8786068","B2IR",4.58417676175241,0.232768010275478,0.0541809466076048,NA
"15","8786068","F5I",5.95294675134192,0.253595087960393,0.0643104686376392,NA
"16","8786077","B5I",7.48074620491998,0.331857401846169,0.11012933516009,NA
"17","8786077","B2IR",4.66103588694015,0.324455122477111,0.105271126501637,NA
"18","8786077","F5I",6.15843435219195,0.372533390052905,0.13878112670431,NA
"19","8786086","B5I",7.51806470850821,0.329729764613446,0.108721717672039,NA
"20","8786086","B2IR",4.73244661288036,0.320788851513792,0.102905487255538,NA
"21","8786086","F5I",5.94232774145904,0.369837845763174,0.136780032158745,NA
"22","8786087","B5I",7.3537482187824,0.179047880798892,0.0320581436185744,NA
"23","8786087","B2IR",4.64503220135935,0.235900340356162,0.0556489705801532,NA
"24","8786087","F5I",5.76659853965873,0.260578509169081,0.0679011594407808,NA
"25","8786092","B5I",7.94429385989084,0.178000383006464,0.031684136350448,NA
"26","8786092","B2IR",4.93697681807985,0.237718848147766,0.0565102507647007,NA
"27","8786092","F5I",6.45085118301027,0.25777987417325,0.0664504635287769,NA
"28","8786093","B5I",7.74816989818128,0.177218200288765,0.031406290513589,NA
"29","8786093","B2IR",5.09114168090336,0.23574392180588,0.0555751966684168,NA
"30","8786093","F5I",6.36473509598787,0.255906448724864,0.0654881104989716,NA
"31","8786094","B5I",7.655124229765,0.178030160916748,0.0316947381960433,NA
"32","8786094","B2IR",4.78386350191262,0.237621514888504,0.0564639843379075,NA
"33","8786094","F5I",6.56625974243274,0.25806488647648,0.0665974856321183,NA
"34","8786096","B5I",7.61779440134125,0.178129005170241,0.0317299424829399,NA
"35","8786096","B2IR",4.97909264829785,0.238139203432571,0.0567102802114994,NA
"36","8786096","F5I",6.1867110179692,0.260318354185602,0.0677656455259007,NA
"37","8786102","B5I",7.74834188712385,0.309300352221121,0.0956667078841096,NA
"38","8786102","B2IR",4.85885072705428,0.30158245761021,0.090951978738214,NA
"39","8786102","F5I",6.36117264056978,0.352532230939835,0.124278973851417,NA
"40","8786104","B5I",7.77395347346138,0.306500875927739,0.0939427869444714,NA
"41","8786104","B2IR",4.95018240624944,0.305359745068637,0.0932445739083827,NA
"42","8786104","F5I",6.21150630423944,0.343002833465844,0.117650943765598,NA
"43","8786115","B5I",7.46722107065375,0.178805455743002,0.0319713910034628,NA
"44","8786115","B2IR",4.78707260761882,0.235225736481047,0.0553311471030508,NA
"45","8786115","F5I",5.84012405282796,0.259699516761477,0.0674438390061447,NA
"46","8786132","B5I",7.80835463168239,0.318149180827801,0.101218901261401,NA
"47","8786132","B2IR",4.83886254481818,0.31146885174448,0.0970128456070246,NA
"48","8786132","F5I",6.07120454108907,0.354560084993849,0.125712853870845,NA
"49","8786136","B5I",7.95488380825717,0.172595324454615,0.0297891460235938,NA
"50","8786136","B2IR",5.02774255358905,0.225448322816576,0.0508269462608072,NA
"51","8786136","F5I",6.12335286257855,0.246257895644492,0.0606429511672535,NA
"52","8786147","B5I",7.6246710887402,0.172851068696905,0.0298774919496622,NA
"53","8786147","B2IR",4.72362259358544,0.22585791919034,0.0510117996609902,NA
"54","8786147","F5I",6.08761476922309,0.249316277945168,0.0621586064484322,NA
"55","8786149","B5I",7.85356978652921,0.172349890565623,0.0297044847779822,NA
"56","8786149","B2IR",4.81894373255511,0.226215671537911,0.0511735300493478,NA
"57","8786149","F5I",6.12159999580928,0.248728928783776,0.0618660800139248,NA
"58","8786150","B5I",7.72007538488775,0.172151220401944,0.0296360426858787,NA
"59","8786150","B2IR",4.57151118664451,0.224713614750828,0.0504962086543834,NA
"60","8786150","F5I",6.04418206050716,0.248121129417035,0.0615640948631852,NA
"61","8786159","B5I",7.34392693537135,0.389011108231855,0.151329642327776,NA
"62","8786159","B2IR",4.57115831531779,0.35879045329457,0.128730589375323,NA
"63","8786159","F5I",6.06326824790538,0.437773135646266,0.191645318293564,NA
"64","8786160","B5I",7.4168853297366,0.382238201265445,0.146106042506643,NA
"65","8786160","B2IR",4.60359017782587,0.3540889023058,0.125378950736126,NA
"66","8786160","F5I",6.12694444961338,0.428477019316737,0.183592556082555,NA
"67","8786165","B5I",8.07120867985287,0.334921805191118,0.112172615592477,NA
"68","8786165","B2IR",4.48798439372766,0.326930054929443,0.106883260816168,NA
"69","8786165","F5I",6.53417877808287,0.379477107989473,0.144002875488054,NA
"70","8786172","B5I",6.9098614353321,0.175824013519838,0.0309140837302242,NA
"71","8786172","B2IR",4.33584841142273,0.229128428945996,0.0524998369512602,NA
"72","8786172","F5I",5.73766814546612,0.251317761343443,0.06316061716668,NA
"73","8786179","B5I",7.29515080632924,0.375379725499797,0.140909938316303,NA
"74","8786179","B2IR",4.32073739953809,0.353017034450696,0.124621026612364,NA
"75","8786179","F5I",5.91930817495526,0.421937715538937,0.178031435794217,NA
"76","8786193","B5I",7.63742497331326,0.356168057955462,0.126855685507765,NA
"77","8786193","B2IR",4.48021256196904,0.333792835444661,0.111417656994187,NA
"78","8786193","F5I",6.66229538225591,0.395186810455791,0.156172615158222,NA
"79","8786198","B5I",7.56683224397314,0.180052871912486,0.0324190366839341,NA
"80","8786198","B2IR",4.36857098932222,0.247403323482322,0.0612084044700985,NA
"81","8786198","F5I",6.03481883537659,0.268233855888501,0.0719494014448131,NA
"82","8786202","B5I",7.6459496118951,0.181025564086419,0.0327702548528061,NA
"83","8786202","B2IR",4.65361334435542,0.244382932273429,0.0597230175865594,NA
"84","8786202","F5I",6.15316410494166,0.268876615772248,0.0722946345091372,NA
"85","8786213","B5I",7.69150316575403,0.185916096983869,0.0345647951177153,NA
"86","8786213","B2IR",4.18646223090909,0.254409502794829,0.064724195112312,NA
"87","8786213","F5I",6.53056508199259,0.279902255768496,0.0783452727842923,NA
"88","8786234","B5I",7.43601894544237,0.178374807351316,0.0318175718976189,NA
"89","8786234","B2IR",4.67666822956151,0.23624702699171,0.0558126577624218,NA
"90","8786234","F5I",6.0142331290065,0.257496057615817,0.0663042196876883,NA
"91","8786238","B5I",7.26452754619072,0.185673967788054,0.0344748223141592,NA
"92","8786238","B2IR",4.68999281020643,0.252832102526882,0.0639240720681638,NA
"93","8786238","F5I",5.97364812941524,0.279307163272145,0.0780124914551328,NA
"94","8786246","B5I",7.49472610454328,0.301742690560171,0.0910486513064913,NA
"95","8786246","B2IR",4.54890698260781,0.310209431137679,0.0962298911667621,NA
"96","8786246","F5I",6.26550927289002,0.359995697746384,0.129596902395906,NA
"97","8786247","B5I",7.34288936882044,0.187278590376213,0.0350732704133015,NA
"98","8786247","B2IR",4.6172021078112,0.258139842617889,0.0666361783467885,NA
"99","8786247","F5I",6.25247783350157,0.284569672676518,0.0809798986072206,NA
"100","8786251","B5I",7.2600775217174,0.351268256266733,0.123389387860671,NA
"101","8786251","B2IR",4.46938141638018,0.340435225530819,0.115896142782219,NA
"102","8786251","F5I",5.91153542359834,0.400182853537482,0.160146316265402,NA
"103","8786257","B5I",7.26209516748881,0.180272623176019,0.0324982186667628,NA
"104","8786257","B2IR",4.1770295698231,0.243674010203963,0.0593770232488809,NA
"105","8786257","F5I",5.75061097232376,0.268552217954968,0.0721202937685328,NA
"106","8786258","B5I",7.57043446624828,0.180786849284469,0.0326838848742052,NA
"107","8786258","B2IR",4.13319687733475,0.246400134792154,0.0607130264255918,NA
"108","8786258","F5I",5.85760271254935,0.26985180172772,0.0728199948956966,NA
"109","8786269","B5I",7.27933719583888,0.183099453702165,0.0335254099460314,NA
"110","8786269","B2IR",4.42655282855496,0.24872139833422,0.0618623339893299,NA
"111","8786269","F5I",5.71093340918538,0.273772195487833,0.0749512150222284,NA
"112","8786275","B5I",7.70673905208736,0.363988915434429,0.132487930559132,NA
"113","8786275","B2IR",4.46346896902537,0.343590657128553,0.118054539666031,NA
"114","8786275","F5I",6.40929429384962,0.411653893186773,0.169458927775827,NA
"115","8786276","B5I",7.49193983058185,0.359691033799416,0.129377639795693,NA
"116","8786276","B2IR",4.67391171788688,0.343368859193046,0.117902173463534,NA
"117","8786276","F5I",6.0706079400386,0.405874999208023,0.164734514982112,NA
"118","8786279","B5I",7.68508335549165,0.186122703876922,0.0346416608984563,NA
"119","8786279","B2IR",4.15350113629724,0.254814602256238,0.0649304815230048,NA
"120","8786279","F5I",6.12193797356796,0.2796904488255,0.0782267471642096,NA
"121","8786281","B5I",7.23465884391336,0.379799621421481,0.1442477524319,NA
"122","8786281","B2IR",4.62928262141459,0.355476280434981,0.126363385951889,NA
"123","8786281","F5I",6.05955211657369,0.422010589292239,0.178092937474782,NA
"124","8786285","B5I",7.20566930146865,0.183685705448565,0.0337404383861369,NA
"125","8786285","B2IR",4.19358466071953,0.251680159640382,0.063342902756608,NA
"126","8786285","F5I",5.88983576000792,0.277542402639215,0.0770297852627482,NA
"127","8786286","B5I",7.16764588005585,0.334089060025398,0.111615500028654,NA
"128","8786286","B2IR",4.29284701497713,0.323386655406582,0.104578928895056,NA
"129","8786286","F5I",5.8799616861976,0.386353169882312,0.149268771878111,NA
"130","8786301","B5I",7.10799108292758,0.181624278660626,0.0329873785989928,NA
"131","8786301","B2IR",4.1402661864652,0.247395419184539,0.0612044934334936,NA
"132","8786301","F5I",5.46920950598698,0.27136384797864,0.0736383379897745,NA
"133","8786303","B5I",7.38025557158661,0.17037569223122,0.0290278765032676,NA
"134","8786303","B2IR",4.10840143080602,0.230180878165833,0.052983236673194,NA
"135","8786303","F5I",5.97247309523328,0.246790860062604,0.0609057286104397,NA
"136","8786304","B5I",7.63891904398393,0.172403660306668,0.0297230220871368,NA
"137","8786304","B2IR",4.51999016905522,0.232601826849687,0.0541036098538119,NA
"138","8786304","F5I",5.84437876865762,0.250309410564507,0.062654801017151,NA
"139","8786309","B5I",7.36698925115161,0.187660602323362,0.035216501664367,NA
"140","8786309","B2IR",4.55650452057396,0.259335541830546,0.0672549232565427,NA
"141","8786309","F5I",5.55563874463839,0.285268746375135,0.0813782576584411,NA
"142","8786313","B5I",7.24438430672232,0.177215148481835,0.031405208851439,NA
"143","8786313","B2IR",3.92269892091537,0.239964955933139,0.0575831800759933,NA
"144","8786313","F5I",5.74311270261079,0.260851009019724,0.0680432489066083,NA
"145","8786320","B5I",7.14709775452233,0.182104211889356,0.0331619439878434,NA
"146","8786320","B2IR",3.97067723013028,0.246746530875795,0.0608838504992398,NA
"147","8786320","F5I",5.52511392428224,0.271721307157959,0.07383246876363,NA
"148","8786324","B5I",7.23081711974934,0.379780560610413,0.144233274217559,NA
"149","8786324","B2IR",4.4625573188085,0.364350984156573,0.132751639655863,NA
"150","8786324","F5I",5.6336374991051,0.434752714687335,0.189009922928007,NA
"151","8786329","B5I",7.66166305573094,0.177917067895195,0.0316544830484233,NA
"152","8786329","B2IR",4.84779681194914,0.23267374210595,0.0541370702655859,NA
"153","8786329","F5I",6.25183300529579,0.257394699103543,0.0662520311266032,NA
"154","8786337","B5I",7.40520664555223,0.378582142662198,0.143324438742701,NA
"155","8786337","B2IR",4.29983661932624,0.351308692842488,0.123417797666698,NA
"156","8786337","F5I",5.93770285635365,0.42357712231991,0.179417578552816,NA
"157","8786340","B5I",7.36128305939558,0.325950174263682,0.106243516102525,NA
"158","8786340","B2IR",4.36301708376194,0.310964084420979,0.0966986617997778,NA
"159","8786340","F5I",5.78094321609703,0.361101763432383,0.130394483553977,NA
"160","8786345","B5I",7.71264434476253,0.167444080691936,0.0280375201587676,NA
"161","8786345","B2IR",4.11855006328084,0.226689864555751,0.0513882946923047,NA
"162","8786345","F5I",6.38370350676515,0.245850427632399,0.0604424327670337,NA
"163","8786347","B5I",7.70069819463408,0.167566216530193,0.0280784369222436,NA
"164","8786347","B2IR",4.03888872320755,0.22675044141969,0.0514157626840244,NA
"165","8786347","F5I",6.48596727399761,0.246144424310919,0.0605870776193536,NA
"166","8786350","B5I",8.00134355177102,0.178544466459702,0.0318781265033798,NA
"167","8786350","B2IR",4.73343154795816,0.235718212295061,0.0555630756075796,NA
"168","8786350","F5I",6.42223440810212,0.260916647232636,0.0680774968031199,NA
"169","8786352","B5I",7.84285421554021,0.182004745226233,0.0331257272848661,NA
"170","8786352","B2IR",4.53846618690208,0.245017934081388,0.0600337880215115,NA
"171","8786352","F5I",6.40427962711681,0.269458542918668,0.0726079063518517,NA
"172","8786353","B5I",7.7672086180049,0.177474229737027,0.0314971022207512,NA
"173","8786353","B2IR",4.65731865169688,0.236839528205348,0.0560929621205319,NA
"174","8786353","F5I",6.47797567596046,0.260822451101118,0.0680283509983952,NA
"175","8786357","B5I",7.65531166611075,0.176290610171711,0.0310783792347143,NA
"176","8786357","B2IR",4.36169330768744,0.23624061629278,0.0558096287863924,NA
"177","8786357","F5I",6.12215492450856,0.258036724142516,0.0665829510062011,NA
"178","8786359","B5I",7.51849856356673,0.315528428929028,0.0995581894624204,NA
"179","8786359","B2IR",4.32235140404462,0.316830780551965,0.100381743505168,NA
"180","8786359","F5I",6.0799707992079,0.353244906540191,0.124781963996588,NA
"181","8786362","B5I",7.3074547002452,0.179545834894897,0.0322367068281057,NA
"182","8786362","B2IR",4.35273827788264,0.243860426715066,0.0594679077176543,NA
"183","8786362","F5I",6.06242107029888,0.265465187256469,0.0704717656451121,NA
"184","8786366","B5I",7.20355217341039,0.1850264100399,0.0342347724122531,NA
"185","8786366","B2IR",4.18732883165445,0.250637072722202,0.0628189422227542,NA
"186","8786366","F5I",6.33146244439039,0.276249090015237,0.0763135597342463,NA
"187","8786367","B5I",7.51730929865466,0.314962036289941,0.0992010843039062,NA
"188","8786367","B2IR",4.24515923008279,0.319578930684838,0.102130692937664,NA
"189","8786367","F5I",5.9490933892083,0.357374690211138,0.127716669203507,NA
"190","8786368","B5I",7.36042160243516,0.177607160525506,0.0315443034699329,NA
"191","8786368","B2IR",4.19916913384304,0.240973990235074,0.0580684639698135,NA
"192","8786368","F5I",5.51031475491768,0.262860371078904,0.069095574683739,NA
"193","8786372","B5I",7.57145020241704,0.178206009673329,0.0317573818836908,NA
"194","8786372","B2IR",3.89935080764567,0.24571983982067,0.0603782396814958,NA
"195","8786372","F5I",5.95562648678494,0.263140733789864,0.0692430457794682,NA
"196","8786374","B5I",7.51073387542813,0.170634213138894,0.0291160346935296,NA
"197","8786374","B2IR",4.19634109480202,0.232881923770255,0.054233990418935,NA
"198","8786374","F5I",5.4864735325619,0.250173869972635,0.0625869652170848,NA
"199","8786375","B5I",7.48055912549248,0.171700265584082,0.0294809812016442,NA
"200","8786375","B2IR",4.09866175857178,0.234760705125792,0.0551125886711588,NA
"201","8786375","F5I",5.64843882554218,0.251900998034391,0.0634541128107224,NA
"202","8786376","B5I",7.21405348047536,0.176814755571144,0.0312634577876833,NA
"203","8786376","B2IR",4.36716357502981,0.234587074693484,0.0550310956132462,NA
"204","8786376","F5I",5.71529031577018,0.255693326897771,0.0653790774200505,NA
"205","8786377","B5I",7.4691494776192,0.320887588230842,0.102968844280606,NA
"206","8786377","B2IR",4.54142494913917,0.33027853838572,0.109083912918208,NA
"207","8786377","F5I",5.90962266619383,0.364405089480801,0.13279106923951,NA
"208","8786379","B5I",7.15069921934198,0.174788829312218,0.0305511348523358,NA
"209","8786379","B2IR",4.44213909950838,0.239446335911177,0.0573345477812883,NA
"210","8786379","F5I",5.53961660361593,0.255841691247544,0.0654549709804036,NA
"211","8786382","B5I",7.48279590740977,0.174281138958889,0.0303739153968074,NA
"212","8786382","B2IR",4.47548719648394,0.236922998682076,0.0561325073045069,NA
"213","8786382","F5I",5.7352407319206,0.255141915085554,0.0650973968335243,NA
"214","8786389","B5I",7.95843217603345,0.336664448549546,0.11334295091717,NA
"215","8786389","B2IR",4.8267458285942,0.324861478606663,0.105534980282507,NA
"216","8786389","F5I",6.31907217520152,0.376952466296629,0.142093161847111,NA
"217","8786391","B5I",7.23275984697039,0.184620226611945,0.0340846280742461,NA
"218","8786391","B2IR",4.68624352494389,0.251597135029881,0.0633011183552443,NA
"219","8786391","F5I",5.56134005812997,0.276244585937865,0.0763110712599823,NA
"220","8786406","B5I",7.3950413160956,0.377459125454463,0.142475391388848,NA
"221","8786406","B2IR",4.49312072123914,0.356290817399879,0.126943146563474,NA
"222","8786406","F5I",5.91637512792599,0.429038773852076,0.184074269468493,NA
"223","8786424","B5I",7.19339097561251,0.187127734318445,0.0350167889511547,NA
"224","8786424","B2IR",4.76821086631118,0.258083657645174,0.0666071743435114,NA
"225","8786424","F5I",5.91955721688699,0.285360637886272,0.0814306936548602,NA
"226","8786441","B5I",7.82260114214381,0.323901085588242,0.104911913245242,NA
"227","8786441","B2IR",4.56886116697511,0.313211833808883,0.0981016528379234,NA
"228","8786441","F5I",6.23628481514745,0.370393656110531,0.137191460486927,NA
"229","8786442","B5I",7.96894730326291,0.17945298244316,0.0322033729077452,NA
"230","8786442","B2IR",4.33180413337805,0.242805638613406,0.0589545781424639,NA
"231","8786442","F5I",6.29782306660785,0.264821495943456,0.0701304247137301,NA
"232","8786444","B5I",8.06149238339223,0.342625464837659,0.117392209155222,NA
"233","8786444","B2IR",4.69886178243558,0.331371838364806,0.109807295261271,NA
"234","8786444","F5I",6.75458525650562,0.38745299672795,0.150119824673469,NA
"235","8786447","B5I",7.21704546004288,0.179612207034216,0.0322605449157019,NA
"236","8786447","B2IR",4.40267898887573,0.240848270933872,0.0580078896118359,NA
"237","8786447","F5I",5.76550603816067,0.265101719411436,0.0702789216348996,NA
"238","8786455","B5I",6.92545289595208,0.18063658834717,0.0326295770497051,NA
"239","8786455","B2IR",4.33648903046921,0.243513197729279,0.0592986774683388,NA
"240","8786455","F5I",5.99393834511519,0.266254887571971,0.0708916651559628,NA
"241","8786458","B5I",6.97233608855628,0.294078104701548,0.0864819316648544,NA
"242","8786458","B2IR",4.44974008860048,0.300850765793703,0.0905111832786578,NA
"243","8786458","F5I",6.09392358993515,0.343967469478814,0.118313620059659,NA
"244","8786462","B5I",6.89767928459967,0.17717870078096,0.0313922920104289,NA
"245","8786462","B2IR",4.34170528639382,0.236951733428763,0.0561461239748955,NA
"246","8786462","F5I",5.98070608305805,0.257729348741381,0.0664244172026563,NA
"247","8786479","B5I",7.43160811251051,0.180724733507809,0.0326614293014685,NA
"248","8786479","B2IR",4.32415062175988,0.243303050724209,0.0591963744917069,NA
"249","8786479","F5I",6.09441413533085,0.267188005174605,0.0713894301091847,NA
"250","8786483","B5I",7.41022563279923,0.172933831270876,0.0299061099980239,NA
"251","8786483","B2IR",4.47832825746841,0.233827665896111,0.0546753773384232,NA
"252","8786483","F5I",5.78906086215293,0.251556143187177,0.0632804931752072,NA
"253","8786484","B5I",7.61986081710333,0.173464766408407,0.0300900251851232,NA
"254","8786484","B2IR",4.5709462745338,0.23584396283064,0.0556223748036603,NA
"255","8786484","F5I",5.93500408251142,0.252411029909311,0.0637113280198791,NA
"256","8786487","B5I",7.75900789279076,0.312747716675656,0.0978111342858361,NA
"257","8786487","B2IR",4.64077920912047,0.312444438047389,0.0976215268667489,NA
"258","8786487","F5I",6.63861486278507,0.350919436637868,0.123144451010238,NA
"259","8786488","B5I",7.31656113293864,0.176171749785443,0.0310364854224648,NA
"260","8786488","B2IR",4.04730979828926,0.236821884964696,0.0560846051982315,NA
"261","8786488","F5I",6.49868115046411,0.256268104880701,0.0656733415791461,NA
"262","8786491","B5I",7.79552573116113,0.176921716971759,0.0313012939362352,NA
"263","8786491","B2IR",4.71615663356015,0.238023902392423,0.0566553781101179,NA
"264","8786491","F5I",7.04856071146471,0.2595093104429,0.0673450822065494,NA
"265","8786492","B5I",7.80660904931405,0.30913133425162,0.0955621818161867,NA
"266","8786492","B2IR",4.60705635823856,0.307277887176504,0.0944196999476565,NA
"267","8786492","F5I",6.72767154433101,0.349556181695415,0.122189524161478,NA
"268","8786493","B5I",7.63132240791534,0.336206616942856,0.11303488927616,NA
"269","8786493","B2IR",4.87338396990478,0.322187695476871,0.103804911116697,NA
"270","8786493","F5I",6.63017247720898,0.375480453796955,0.140985571183567,NA
"271","8786495","B5I",8.06561987683322,0.313962649472522,0.0985725452638056,NA
"272","8786495","B2IR",4.90402497847431,0.312867973279262,0.0978863687038732,NA
"273","8786495","F5I",6.85389943014139,0.350637571257268,0.122946706377195,NA
"274","8786504","B5I",7.48487493553517,0.179625124317195,0.0322651852859679,NA
"275","8786504","B2IR",4.15218877033189,0.240437762080111,0.0578103174340923,NA
"276","8786504","F5I",6.11840393343484,0.263448325782876,0.0694050203578001,NA
"277","8786507","B5I",7.94354878518826,0.179203267370534,0.032113811036275,NA
"278","8786507","B2IR",4.50499207860938,0.240411586094396,0.0577977307284229,NA
"279","8786507","F5I",6.33812271001561,0.262115612673143,0.0687045944070171,NA
"280","8786508","B5I",7.79492558553743,0.342892359795956,0.117575170406439,NA
"281","8786508","B2IR",4.72540689425433,0.324764786133151,0.105472166312111,NA
"282","8786508","F5I",6.30809054605448,0.385286352677283,0.148445573559364,NA
"283","8786524","B5I",7.47407467016483,0.169616899096488,0.0287698924591084,NA
"284","8786524","B2IR",4.72226421575981,0.219394043302757,0.048133746236732,NA
"285","8786524","F5I",6.25766806750129,0.238637969674113,0.0569480805701828,NA
"286","8786525","B5I",7.64518853246778,0.175291957353237,0.0307272703127292,NA
"287","8786525","B2IR",4.78073553474263,0.232734306660656,0.0541652574968162,NA
"288","8786525","F5I",6.37281366172009,0.254659821848899,0.0648516248641131,NA
"289","8786526","B5I",7.61617251811216,0.30175468015608,0.0910558869960982,NA
"290","8786526","B2IR",4.85587075440626,0.300453858612209,0.0902725211549655,NA
"291","8786526","F5I",6.21846079066266,0.336862345875843,0.113476240068976,NA
"292","8786527","B5I",7.37944661754674,0.176377349689602,0.0311089694835283,NA
"293","8786527","B2IR",4.69018692678394,0.231570594778143,0.0536249403659029,NA
"294","8786527","F5I",5.93021897996456,0.254137132925114,0.0645856823313971,NA
"295","8786532","B5I",7.14835596352138,0.182645332790033,0.033359317589982,NA
"296","8786532","B2IR",4.0985394771721,0.245783588623904,0.0604095724368445,NA
"297","8786532","F5I",5.93117852721368,0.27231612113175,0.0741560698282417,NA
"298","8786579","B5I",7.67587893657084,0.181186502064883,0.032828548530508,NA
"299","8786579","B2IR",5.18239299503604,0.244339948103499,0.0597020102392206,NA
"300","8786579","F5I",6.36663369829062,0.269416091131987,0.0725850301608393,NA
"301","8786581","B5I",7.77891165656061,0.181417890330239,0.0329124509318745,NA
"302","8786581","B2IR",5.08017193362505,0.246700711482046,0.0608612410457476,NA
"303","8786581","F5I",6.24272331498222,0.270938793838219,0.0734078300065092,NA
"304","8786585","B5I",7.83894387853722,0.179858467395203,0.0323490682937514,NA
"305","8786585","B2IR",5.15418327991902,0.242790714484115,0.0589473310397069,NA
"306","8786585","F5I",6.44037315248464,0.26795662811727,0.0718007545519769,NA
"307","8786591","B5I",8.16392915215839,0.171363911763691,0.0293655902549542,NA
"308","8786591","B2IR",4.69059522592046,0.230412058437756,0.0530897166735239,NA
"309","8786591","F5I",6.48663075168661,0.247993718683139,0.0615008845062919,NA
"310","8786598","B5I",7.23017270359395,0.179811033584314,0.0323320077986594,NA
"311","8786598","B2IR",4.19540782421841,0.239941747965014,0.0575720424165063,NA
"312","8786598","F5I",5.58562679514389,0.264784963062201,0.0701110766638514,NA
"313","8786605","B5I",7.6785616801898,0.178912015768549,0.0320095093863654,NA
"314","8786605","B2IR",4.41741894124412,0.238830201806932,0.0570398652951397,NA
"315","8786605","F5I",6.42215272752682,0.263590818458047,0.0694801195753829,NA
"316","8786612","B5I",7.46215190046117,0.171817446840166,0.0295212350386732,NA
"317","8786612","B2IR",4.67098670933309,0.231043302075307,0.0533810074338616,NA
"318","8786612","F5I",6.08433702213124,0.249353084265845,0.0621769606328895,NA
"319","8786625","B5I",7.48059234206979,0.179828208065369,0.0323381844160016,NA
"320","8786625","B2IR",4.94904010486002,0.242292050120656,0.0587054375516703,NA
"321","8786625","F5I",5.5413515526139,0.2639192418912,0.0696533662404257,NA
"322","8786634","B5I",7.49745911547629,0.179822739844472,0.0323362177651727,NA
"323","8786634","B2IR",4.65707309306293,0.245760910976719,0.0603984253641067,NA
"324","8786634","F5I",5.83238624480835,0.266465968777873,0.0710041125167303,NA
"325","8786635","B5I",7.58496735738447,0.33813114835786,0.114332673489805,NA
"326","8786635","B2IR",4.70285255203676,0.32640029056765,0.106537149682647,NA
"327","8786635","F5I",5.91270296695296,0.381306011781442,0.145394274620669,NA
"328","8786636","B5I",7.04107653649146,0.173768176232931,0.0301953790713191,NA
"329","8786636","B2IR",4.38263804187621,0.235683556967574,0.0555467390248875,NA
"330","8786636","F5I",5.21176426940513,0.256090583476753,0.0655823869454637,NA
"331","8786638","B5I",6.76041676425426,0.174229727792249,0.0303559980465613,NA
"332","8786638","B2IR",4.32504833361143,0.235291005895059,0.0553618574551089,NA
"333","8786638","F5I",5.38343284544986,0.256256894129601,0.0656675957889496,NA
"334","8786639","B5I",6.90177681764465,0.178494067363224,0.0318601320838673,NA
"335","8786639","B2IR",4.55823780868172,0.239030928912755,0.0571357849768947,NA
"336","8786639","F5I",5.60637115990944,0.261983718316543,0.0686354686629617,NA
"337","8786660","B5I",7.95525031645941,0.180393287606949,0.0325417382136436,NA
"338","8786660","B2IR",5.02524021751029,0.243685181417575,0.0593824676425167,NA
"339","8786660","F5I",6.37709959820428,0.267697447106423,0.0716619231872962,NA
"340","8786674","B5I",7.57234135389951,0.173972423959896,0.0302664042984818,NA
"341","8786674","B2IR",4.5688731093068,0.230706011931916,0.0532252639415292,NA
"342","8786674","F5I",6.76814694227351,0.248819258208627,0.0619110232554915,NA
"343","8786676","B5I",8.07654000938505,0.170807583181956,0.029175230472461,NA
"344","8786676","B2IR",4.6820741053669,0.224513711421859,0.0504064066164177,NA
"345","8786676","F5I",6.8278942889976,0.241445183162994,0.0582957764726118,NA
"346","8786677","B5I",8.10747953236224,0.286646867160573,0.0821664264529714,NA
"347","8786677","B2IR",4.88990076690779,0.285673281504032,0.0816092237652822,NA
"348","8786677","F5I",6.71991544490692,0.323784144604161,0.104836172297048,NA
"349","8786679","B5I",8.02834189759702,0.171235920461013,0.0293217404561305,NA
"350","8786679","B2IR",4.87074984988947,0.224977385157702,0.050614823832397,NA
"351","8786679","F5I",6.63622079993908,0.244464545667925,0.059762914088625,NA
"352","8786680","B5I",8.01294074932195,0.289626173378909,0.0838833203061096,NA
"353","8786680","B2IR",4.68160479234338,0.298548348685375,0.089131116502764,NA
"354","8786680","F5I",6.77769350938105,0.321151044070918,0.103137993107841,NA
"355","8786681","B5I",8.20171463955149,0.17214786811038,0.0296348884949488,NA
"356","8786681","B2IR",4.52829515340372,0.228138413584886,0.0520471357530286,NA
"357","8786681","F5I",6.78550264541187,0.244816605530378,0.0599351703434165,NA
"358","8786683","B5I",7.95852707023917,0.170411122238749,0.0290399505826699,NA
"359","8786683","B2IR",4.79411982730647,0.224768777167357,0.0505210031893091,NA
"360","8786683","F5I",6.46274063057835,0.241828025148814,0.0584807937473754,NA
"361","8786686","B5I",7.97697804279447,0.179145009463185,0.0320929344155646,NA
"362","8786686","B2IR",4.28974123836032,0.24461510448761,0.0598365493434844,NA
"363","8786686","F5I",6.61833265240882,0.264064122035018,0.0697298605461249,NA
"364","8786688","B5I",7.97352530243345,0.180495447161751,0.0325786064461203,NA
"365","8786688","B2IR",4.58362957476286,0.244103742689307,0.0595866371949276,NA
"366","8786688","F5I",6.73175874026429,0.265678401094458,0.0705850128081078,NA
"367","8786689","B5I",8.04535976477276,0.178565977519423,0.0318858083274671,NA
"368","8786689","B2IR",4.59209319003423,0.242020949209618,0.0585741398563245,NA
"369","8786689","F5I",6.55622750611019,0.263086890775535,0.0692147120979383,NA
"370","8786694","B5I",8.35484605559989,0.172533594942797,0.029767841383885,NA
"371","8786694","B2IR",4.56132869067169,0.228722924276155,0.0523141760894357,NA
"372","8786694","F5I",6.67210891255472,0.250723163602004,0.0628621047665974,NA
"373","8786695","B5I",8.07047772253956,0.172542036780398,0.0297707544563284,NA
"374","8786695","B2IR",4.426582911771,0.230238926637174,0.0530099633390378,NA
"375","8786695","F5I",6.35489162093488,0.251634383870607,0.0633198631459402,NA
"376","8786697","B5I",8.00953054866286,0.178525679497323,0.0318714182399808,NA
"377","8786697","B2IR",4.31510598794114,0.239989275683119,0.0575948524429079,NA
"378","8786697","F5I",6.2067015153437,0.260931258922563,0.0680851218829137,NA
"379","8786698","B5I",8.01890281756654,0.329808068586182,0.108773362104548,NA
"380","8786698","B2IR",4.50928358626303,0.31827459871381,0.101298720186437,NA
"381","8786698","F5I",6.40033255545159,0.370349037760976,0.137158409770481,NA
"382","8786699","B5I",8.4784953006443,0.174109025141398,0.0303139526356881,NA
"383","8786699","B2IR",4.75388703603295,0.233372021195493,0.0544625002768698,NA
"384","8786699","F5I",6.65185019985468,0.251084949246535,0.0630436517381349,NA
"385","8786700","B5I",7.93354894765815,0.171435297772321,0.0293900613222845,NA
"386","8786700","B2IR",4.85267145129886,0.231290002259261,0.0534950651450888,NA
"387","8786700","F5I",6.38787912118082,0.247381564991047,0.0611976386974196,NA
"388","8786701","B5I",7.99233810261296,0.17122439321119,0.0293177928305403,NA
"389","8786701","B2IR",4.92629634189547,0.230597708055272,0.0531753029603445,NA
"390","8786701","F5I",6.37532701102514,0.247144092114723,0.0610802022672106,NA
"391","8786704","B5I",8.1910555268268,0.154594435558735,0.023899439505724,NA
"392","8786704","B2IR",4.83380260298129,0.200816292514869,0.0403271833394175,NA
"393","8786704","F5I",6.69250174281731,0.214629640077213,0.0460658823996741,NA
"394","8786706","B5I",7.99993031763169,0.154946143908534,0.0240083075121242,NA
"395","8786706","B2IR",4.78292191058606,0.201877376074732,0.0407544749708188,NA
"396","8786706","F5I",6.49858263785777,0.215476697572955,0.0464302071969469,NA
"397","8786707","B5I",8.21272810584889,0.154822003028437,0.0239698526217373,NA
"398","8786707","B2IR",4.79362511833025,0.2012614276788,0.0405061622713088,NA
"399","8786707","F5I",6.71724642031949,0.213478668958579,0.0455731421003268,NA
"400","8786709","B5I",7.96176628814836,0.162263748428582,0.026329524054094,NA
"401","8786709","B2IR",4.55851427639645,0.219488642575107,0.0481752642194631,NA
"402","8786709","F5I",6.4349885053709,0.222128920573355,0.0493412573550839,NA
"403","8786711","B5I",8.06834261930673,0.248412889090032,0.0617089634660567,NA
"404","8786711","B2IR",4.70863985613899,0.275753174193631,0.0760398130778628,NA
"405","8786711","F5I",6.49144312420538,0.27216279697454,0.0740725880570049,NA
"406","8786713","B5I",8.10055680059352,0.156405520283711,0.0244626867752182,NA
"407","8786713","B2IR",4.74340874194594,0.206321775472216,0.0425686750340077,NA
"408","8786713","F5I",6.51775436773944,0.21611235270636,0.0467045489922783,NA
"409","8786715","B5I",8.09578190179655,0.233442308321889,0.0544953113146517,NA
"410","8786715","B2IR",4.74833951222223,0.255321276416303,0.0651889541908504,NA
"411","8786715","F5I",6.55087071664789,0.264242791663678,0.069824252946214,NA
"412","8786726","B5I",7.71505420121601,0.181924568128796,0.0330965484888489,NA
"413","8786726","B2IR",4.48069977368993,0.246217936749526,0.0606232723771934,NA
"414","8786726","F5I",6.07123912196474,0.270716185868865,0.0732872532913859,NA
"415","8786729","B5I",7.90895491359152,0.182868569721452,0.0334409137919697,NA
"416","8786729","B2IR",4.72052278466889,0.245976131485179,0.0605042572604141,NA
"417","8786729","F5I",6.30444098969949,0.271620043825632,0.0737774482078383,NA
"418","8786739","B5I",8.03792333671536,0.161569008229224,0.026104544420175,NA
"419","8786739","B2IR",4.72866177939231,0.216132364375279,0.0467131989304483,NA
"420","8786739","F5I",6.59182261549894,0.219717216780003,0.0482756553495509,NA
"421","8786759","B5I",7.99124456031485,0.333807355017469,0.111427350263758,NA
"422","8786759","B2IR",4.78565763776149,0.318629715753731,0.101524895761304,NA
"423","8786759","F5I",6.65852404809092,0.371626050011792,0.138105921047367,NA
"424","8786763","B5I",7.78199263401958,0.18403318139061,0.0338682118527493,NA
"425","8786763","B2IR",4.69713127820812,0.249777850607529,0.0623889746541172,NA
"426","8786763","F5I",6.55979598487276,0.275704190978047,0.0760128009228595,NA
"427","8786764","B5I",7.6578922432422,0.335567460634794,0.112605520636884,NA
"428","8786764","B2IR",4.76598665194886,0.333344706889682,0.111118693611368,NA
"429","8786764","F5I",6.14149374830692,0.382060243764107,0.145970029865089,NA
"430","8786770","B5I",7.09988697549177,0.186955439207204,0.0349523362491586,NA
"431","8786770","B2IR",4.60161337026945,0.255210182022373,0.0651322370078927,NA
"432","8786770","F5I",5.85683795164978,0.284037178210748,0.0806771186059241,NA
"433","8786785","B5I",8.24425907599294,0.173313823833163,0.0300376815316725,NA
"434","8786785","B2IR",4.61439504589759,0.233788686186277,0.0546571497887057,NA
"435","8786785","F5I",7.11979006161614,0.248591736534488,0.0617978514732325,NA
"436","8786787","B5I",7.91422963484098,0.164565380385209,0.0270817644213287,NA
"437","8786787","B2IR",4.47220724213532,0.221036972432382,0.0488573431820737,NA
"438","8786787","F5I",7.07560386908229,0.235571588690035,0.0554939733979471,NA
"439","8786792","B5I",8.24284845369468,0.169973180731867,0.0288908821681081,NA
"440","8786792","B2IR",4.22813311279569,0.225688294341253,0.0509352062026638,NA
"441","8786792","F5I",7.20089276614076,0.243419123741078,0.0592528698028744,NA
"442","8786793","B5I",8.05219265846865,0.177737613039132,0.0315906590888483,NA
"443","8786793","B2IR",4.4930133466597,0.237056323939872,0.0561957007198857,NA
"444","8786793","F5I",6.81339209876594,0.259025245716496,0.067094077918491,NA
"445","8786794","B5I",8.09801096615389,0.17248461290831,0.0297509416901295,NA
"446","8786794","B2IR",4.63594694991815,0.231255707559826,0.0534792022789957,NA
"447","8786794","F5I",7.30940771439001,0.249379300686632,0.0621900356109535,NA
"448","8786796","B5I",8.47029889058569,0.169148956560379,0.0286113695054651,NA
"449","8786796","B2IR",4.61695174774547,0.224669112861698,0.0504762102740625,NA
"450","8786796","F5I",7.25362303965673,0.24221185842987,0.0586665843640512,NA
"451","8786798","B5I",7.80502966990004,0.175084461069499,0.030654568507997,NA
"452","8786798","B2IR",4.50035171238972,0.238032563143013,0.0566595011164325,NA
"453","8786798","F5I",7.05581267531227,0.253709169276826,0.0643683425751371,NA
"454","8786799","B5I",8.08569893951998,0.176041616438446,0.0309906507182609,NA
"455","8786799","B2IR",4.42271876848423,0.234742076957605,0.0551038426943703,NA
"456","8786799","F5I",6.87949558507276,0.256458219457789,0.0657708183274596,NA
"457","8786800","B5I",7.73754272724981,0.365351739954044,0.133481893887448,NA
"458","8786800","B2IR",4.62943166950812,0.342154755117522,0.117069876449532,NA
"459","8786800","F5I",6.41703958192822,0.40976720824216,0.167909164950574,NA
"460","8786803","B5I",7.79591383539142,0.18531102100402,0.0343401745055523,NA
"461","8786803","B2IR",4.18219026789481,0.253061258463517,0.064040000535139,NA
"462","8786803","F5I",6.38651068307053,0.279000232304212,0.0778411296258044,NA
"463","8786819","B5I",7.58604037003261,0.290581964261317,0.0844378779539654,NA
"464","8786819","B2IR",4.65528302283676,0.300104494547321,0.0900627076475031,NA
"465","8786819","F5I",6.27923962161617,0.338964181244167,0.114896716166529,NA
"466","8786820","B5I",7.47852864455618,0.175093544107491,0.0306577491881219,NA
"467","8786820","B2IR",4.65253757435744,0.241804830298708,0.0584695759557869,NA
"468","8786820","F5I",6.27973395571293,0.257273471938258,0.0661896393631657,NA
"469","8786825","B5I",7.79251035993427,0.175497224032011,0.0307992756429419,NA
"470","8786825","B2IR",4.53887033866918,0.242441343642627,0.0587778051072423,NA
"471","8786825","F5I",6.265780760652,0.259174592882364,0.0671714695957393,NA
"472","8786839","B5I",7.57792490630228,0.18748162429333,0.0351493594476652,NA
"473","8786839","B2IR",4.2847439886457,0.257638031175003,0.066377355107732,NA
"474","8786839","F5I",6.15107231959469,0.285299741205496,0.0813959423319228,NA
"475","8786843","B5I",7.44377634642597,0.353330796568286,0.12484265180358,NA
"476","8786843","B2IR",4.55159712539356,0.342833423533418,0.117534756291644,NA
"477","8786843","F5I",6.32115724616053,0.402725576167616,0.162187889699538,NA
"478","8786861","B5I",7.45715845597985,0.375964625360126,0.14134939952218,NA
"479","8786861","B2IR",4.43067707356071,0.352399404002609,0.124185339941394,NA
"480","8786861","F5I",6.12698799216107,0.422670801806469,0.178650606699723,NA
"481","8786868","B5I",7.78740126545738,0.183950406793153,0.0338377521593666,NA
"482","8786868","B2IR",4.38585256815869,0.251554547638374,0.063279690437547,NA
"483","8786868","F5I",6.35767484174428,0.276040946554764,0.0761986041748499,NA
"484","8786870","B5I",6.95432764652225,0.185189872140604,0.0342952887434532,NA
"485","8786870","B2IR",4.18999212955613,0.251970538575301,0.0634891523099275,NA
"486","8786870","F5I",6.19830025376149,0.278636471448898,0.0776382832214924,NA
"487","8786873","B5I",7.49135834230993,0.183576667114988,0.0337003927090471,NA
"488","8786873","B2IR",4.55590955078445,0.248640293776622,0.0618219956893249,NA
"489","8786873","F5I",6.07279454383752,0.273602218406574,0.0748581739169985,NA
"490","8786911","B5I",7.90599382163831,0.181614461004688,0.0329838124460233,NA
"491","8786911","B2IR",4.80124790000546,0.242856524399316,0.0589792914433155,NA
"492","8786911","F5I",6.41281012189635,0.268250000335717,0.0719580626801121,NA
"493","8786963","B5I",7.78586491789393,0.170648726923789,0.0291209880007101,NA
"494","8786963","B2IR",4.57651962603579,0.226212584047479,0.051172133181438,NA
"495","8786963","F5I",6.3812673309225,0.243102980470413,0.059099059113598,NA
"496","8786966","B5I",8.35340083825842,0.2968147375469,0.088098988425035,NA
"497","8786966","B2IR",4.80671087591298,0.297936681482033,0.0887662661725261,NA
"498","8786966","F5I",6.58543079770645,0.336790125845934,0.11342758886732,NA
"499","8786967","B5I",8.66313963804407,0.174134933992262,0.0303229752364895,NA
"500","8786967","B2IR",4.89740878897424,0.233244634493342,0.0544030595199325,NA
"501","8786967","F5I",6.76324136290405,0.250593957753469,0.0627973316625472,NA
"502","8786968","B5I",7.53681075124806,0.17150553724124,0.0294141493044062,NA
"503","8786968","B2IR",4.43512662226196,0.228091495836936,0.0520257304731309,NA
"504","8786968","F5I",6.41509613844697,0.244943469066542,0.0599973030383519,NA
"505","8786976","B5I",7.87714560386486,0.369587562132217,0.136594966082836,NA
"506","8786976","B2IR",4.6606446976583,0.349285360293059,0.122000262915052,NA
"507","8786976","F5I",6.46136073772108,0.41613621677295,0.173169350910103,NA
"508","8786978","B5I",7.55861421140758,0.17557928669148,0.0308280859150888,NA
"509","8786978","B2IR",4.81013714071967,0.236577044483082,0.0559686979763502,NA
"510","8786978","F5I",6.24587083635742,0.25644182973742,0.065762412039076,NA
"511","8786980","B5I",7.79118522584821,0.180249864592718,0.0324900136856931,NA
"512","8786980","B2IR",4.81601649746121,0.237921122089675,0.0566064603364101,NA
"513","8786980","F5I",6.47987394492131,0.263126600074563,0.0692356076667991,NA
"514","8786998","B5I",7.58970735361725,0.168328575123584,0.028334509203136,NA
"515","8786998","B2IR",4.6634046963255,0.224545223368384,0.0504205573375575,NA
"516","8786998","F5I",6.75386248268261,0.24349606193648,0.0592903321785739,NA
"517","8787000","B5I",7.82241843298294,0.167332351798882,0.0280001159585449,NA
"518","8787000","B2IR",4.68925883147607,0.222119911195855,0.0493372549496543,NA
"519","8787000","F5I",6.95233000989292,0.242256365801956,0.0586881467715712,NA
"520","8787002","B5I",7.57170740564501,0.17978463791871,0.0323225160315618,NA
"521","8787002","B2IR",4.73967938783159,0.239345122393815,0.0572860876137105,NA
"522","8787002","F5I",6.22023823216468,0.262366504603896,0.0688361827380664,NA
"523","8787004","B5I",7.59284631366192,0.337188945955897,0.113696385274849,NA
"524","8787004","B2IR",4.34172713422288,0.332808760934484,0.110761671354746,NA
"525","8787004","F5I",6.06882292907796,0.379496617246028,0.144017682501179,NA
"526","8787008","B5I",8.51339869668072,0.175653528044669,0.0308541619145393,NA
"527","8787008","B2IR",5.28090317508136,0.23259357481968,0.054099771047398,NA
"528","8787008","F5I",6.5770978894949,0.253066935012829,0.0640428735967872,NA
"529","8787017","B5I",7.74737166877051,0.175355800052721,0.03074965661213,NA
"530","8787017","B2IR",4.8108202384376,0.230606585155282,0.0531793971169801,NA
"531","8787017","F5I",6.02767853587888,0.250869559406003,0.0629355358365623,NA
"532","8787023","B5I",7.71771713717485,0.177366721438383,0.0314589538738011,NA
"533","8787023","B2IR",4.8962454825586,0.238389447101338,0.0568295284892815,NA
"534","8787023","F5I",6.23312286137101,0.257818146083865,0.0664701964501212,NA
"535","8787027","B5I",7.48248938678148,0.378249147477422,0.143072417567396,NA
"536","8787027","B2IR",4.61062921621952,0.35025000574019,0.122675066521003,NA
"537","8787027","F5I",6.10175579187821,0.419159152864885,0.175694395430408,NA
"538","8787038","B5I",7.76328069474389,0.177298287321263,0.0314346826870532,NA
"539","8787038","B2IR",5.06547784571135,0.232639285695584,0.0541210372489514,NA
"540","8787038","F5I",6.08916683552704,0.257248051634441,0.0661765600697162,NA
"541","8787042","B5I",8.24736124955156,0.178769588653423,0.0319585658273141,NA
"542","8787042","B2IR",5.20651403023597,0.237826785290063,0.0565615798014056,NA
"543","8787042","F5I",6.65915198336681,0.2625763944692,0.0689463629324447,NA
"544","8787043","B5I",8.35893300117081,0.18265347364847,0.0333622914358524,NA
"545","8787043","B2IR",5.29844600806134,0.247875823399344,0.061442423825903,NA
"546","8787043","F5I",6.55621590920343,0.271728579058983,0.0738364206774139,NA
"547","8787050","B5I",8.08960654923676,0.180744499956293,0.0326685742644504,NA
"548","8787050","B2IR",5.07296746027232,0.244985247070918,0.0600177712823987,NA
"549","8787050","F5I",6.12601012540178,0.269177267742126,0.0724564014691161,NA
"550","8787052","B5I",8.1192112696029,0.177533139977781,0.0315180157903705,NA
"551","8787052","B2IR",5.08142366742415,0.236538144575795,0.0559502938393597,NA
"552","8787052","F5I",6.32844460077399,0.257756546421144,0.0664384372229553,NA
"553","8787059","B5I",7.76472213465078,0.180632405784489,0.0326280660194922,NA
"554","8787059","B2IR",4.9225929527424,0.245357580346326,0.0602003422334037,NA
"555","8787059","F5I",5.8430710007303,0.267047812398261,0.071314534106697,NA
"556","8787084","B5I",7.37923752681907,0.182076669469136,0.0331519135649728,NA
"557","8787084","B2IR",4.63988879827962,0.243973919483253,0.0595232733880207,NA
"558","8787084","F5I",6.13654887248278,0.26861306304182,0.0721529776367087,NA
"559","8787091","B5I",8.14488868849616,0.183801000588532,0.0337828078173454,NA
"560","8787091","B2IR",4.84978029471681,0.250459853688707,0.0627301383097688,NA
"561","8787091","F5I",6.76871947227198,0.276894177959936,0.0766703857881086,NA
"562","8787099","B5I",7.96996478912021,0.319425736255025,0.102032800982065,NA
"563","8787099","B2IR",4.81945677112225,0.312665462236015,0.0977596912752612,NA
"564","8787099","F5I",6.67441203072661,0.373497354943197,0.139500274149564,NA
"565","8787107","B5I",7.40618776629979,0.171878216704832,0.0295421213776332,NA
"566","8787107","B2IR",4.70551213168366,0.230435109897681,0.0531003398735562,NA
"567","8787107","F5I",6.54270483452391,0.246843093161684,0.0609315126416278,NA
"568","8787111","B5I",7.21933153672996,0.17159413666215,0.0294445477368287,NA
"569","8787111","B2IR",4.76989160977354,0.228200890919995,0.0520756466166795,NA
"570","8787111","F5I",6.23814946591009,0.242787829182005,0.0589459299989104,NA
"571","8787121","B5I",7.23551836084959,0.17187181999833,0.0295399225095383,NA
"572","8787121","B2IR",4.66027528836423,0.231451774981968,0.0535699241423035,NA
"573","8787121","F5I",6.62170545615005,0.246253069571374,0.0606405742733239,NA
"574","8787127","B5I",7.94975993511826,0.181888968708114,0.0330835969377013,NA
"575","8787127","B2IR",4.75803419499737,0.248182173956877,0.0615943914699614,NA
"576","8787127","F5I",6.99492837597253,0.272167153422035,0.0740749594018537,NA
"577","8787131","B5I",7.87478067868085,0.184392717141189,0.0340006741347107,NA
"578","8787131","B2IR",5.02518565136418,0.252429560470407,0.063720682999283,NA
"579","8787131","F5I",6.56821894343373,0.277507281416928,0.0770102912394139,NA
"580","8787150","B5I",8.41326042291639,0.176555606887367,0.0311718823233666,NA
"581","8787150","B2IR",5.23019664795867,0.238527662762849,0.0568954459031075,NA
"582","8787150","F5I",6.62732143945793,0.255326056125618,0.0651913949366625,NA
"583","8787153","B5I",8.34898448764023,0.281596110877862,0.0792963696615372,NA
"584","8787153","B2IR",4.94260609080314,0.290697032687533,0.0845047648133368,NA
"585","8787153","F5I",6.94870509169524,0.313003981645537,0.0979714925259596,NA
"586","8787155","B5I",8.00277556519973,0.171056108711845,0.0292601923276384,NA
"587","8787155","B2IR",5.01129836486103,0.229038047167071,0.0524584270501057,NA
"588","8787155","F5I",6.69046998525079,0.243029408497781,0.0590632933947812,NA
"589","8787156","B5I",8.06714321613602,0.310557486271684,0.096445952279387,NA
"590","8787156","B2IR",4.93257373416407,0.311290349843707,0.0969016819058173,NA
"591","8787156","F5I",6.69973493280996,0.342912941500898,0.117589285448798,NA
"592","8787160","B5I",8.17201211665596,0.17095065878764,0.0292241277399281,NA
"593","8787160","B2IR",5.00360303706333,0.226613316933337,0.0513535954115291,NA
"594","8787160","F5I",6.79564172097276,0.241433730856902,0.0582902463954828,NA
"595","8787161","B5I",7.8314348040419,0.175028384054234,0.0306349352246364,NA
"596","8787161","B2IR",4.7321620458892,0.235393230275926,0.0554099728597352,NA
"597","8787161","F5I",6.77486061376788,0.250763037498631,0.0628821009755397,NA
"598","8787164","B5I",8.2378436905884,0.269156581752002,0.0724452655004223,NA
"599","8787164","B2IR",4.81931517679054,0.275760142941726,0.0760436564352412,NA
"600","8787164","F5I",6.80888173686239,0.302009153902788,0.0912095290410779,NA
"601","8787176","B5I",7.44271274120264,0.181203301746594,0.0328346365638673,NA
"602","8787176","B2IR",4.59115915393731,0.242216324841688,0.0586687480198139,NA
"603","8787176","F5I",5.87219253372759,0.266467262537794,0.0710048020043856,NA
"604","8787179","B5I",7.52683504345696,0.173559320097985,0.0301228375928749,NA
"605","8787179","B2IR",4.20605167464727,0.232706842234075,0.0541524744225547,NA
"606","8787179","F5I",6.47770170870421,0.255680089588364,0.0653723082119139,NA
"607","8787182","B5I",7.78638376339633,0.173534901567201,0.0301143620619382,NA
"608","8787182","B2IR",4.50349814084603,0.232632203365421,0.0541177420426505,NA
"609","8787182","F5I",6.7138919472575,0.254824772719101,0.0649356647913413,NA
"610","8787187","B5I",7.42222622109856,0.180335395353312,0.0325208548172355,NA
"611","8787187","B2IR",4.64998691940043,0.240334781288125,0.0577608070968108,NA
"612","8787187","F5I",6.23534016677733,0.264397340178382,0.0699059534934029,NA
"613","8787193","B5I",7.53118714522195,0.181120171394162,0.0328045164858506,NA
"614","8787193","B2IR",4.62937168739524,0.24291426455024,0.0590073399219842,NA
"615","8787193","F5I",5.90665258042662,0.265794777103724,0.0706468635356184,NA
"616","8787196","B5I",7.52626924505718,0.184986018143834,0.0342198269087109,NA
"617","8787196","B2IR",4.92594099358667,0.25290294562765,0.0639598999071423,NA
"618","8787196","F5I",6.35489554227675,0.278927568009889,0.0778005881959111,NA
"619","8787197","B5I",7.47904971814799,0.330333724803738,0.109120369742712,NA
"620","8787197","B2IR",4.61114114579733,0.324716888266566,0.105441057525521,NA
"621","8787197","F5I",6.00423958799415,0.367716255081818,0.135215244251397,NA
"622","8787204","B5I",7.98111323534102,0.184349331787364,0.0339846761304475,NA
"623","8787204","B2IR",4.92439228772072,0.250652987987472,0.0628269203870478,NA
"624","8787204","F5I",6.1853143829071,0.274987934100413,0.0756183639008132,NA
"625","8787221","B5I",7.6499389698404,0.340635750297112,0.116032714380477,NA
"626","8787221","B2IR",4.72093213417506,0.331297624798235,0.109758116196952,NA
"627","8787221","F5I",6.0478052716147,0.383486969655337,0.147062255895433,NA
"628","8787223","B5I",7.64884241922707,0.340282516038085,0.11579219072121,NA
"629","8787223","B2IR",4.72012084006821,0.331156513312662,0.1096646363094,NA
"630","8787223","F5I",6.0518121493664,0.383106431401518,0.146770537781206,NA
"631","8787224","B5I",7.43542466964562,0.347925367852529,0.121052061595318,NA
"632","8787224","B2IR",4.75887591747491,0.336525841240494,0.113249641822622,NA
"633","8787224","F5I",5.91389956985518,0.391727811050497,0.153450677950414,NA
"634","8787229","B5I",7.79335490662701,0.18674453662836,0.034873521960541,NA
"635","8787229","B2IR",4.65851461628109,0.258112294140047,0.0666219563862381,NA
"636","8787229","F5I",6.39310990206165,0.283402012985444,0.0803167009642017,NA
"637","8787235","B5I",8.8181287948756,0.172157393486549,0.0296381681320824,NA
"638","8787235","B2IR",5.1464557468662,0.233984487200311,0.0547487402503924,NA
"639","8787235","F5I",6.90758171566309,0.248559232306398,0.0617816919647457,NA
"640","8787281","B5I",8.19460732038487,0.173896490995045,0.0302399895803897,NA
"641","8787281","B2IR",4.99538949737529,0.230592182129099,0.0531727544590593,NA
"642","8787281","F5I",6.22682118271044,0.250882795080512,0.0629421768674103,NA
"643","8787303","B5I",8.15270991351558,0.182180966946838,0.033189904717685,NA
"644","8787303","B2IR",4.92586123621351,0.246333800126455,0.0606803410847404,NA
"645","8787303","F5I",6.80505457946629,0.272205368285834,0.0740957625236265,NA
"646","8787305","B5I",7.78921153358663,0.183042424974397,0.0335045293405079,NA
"647","8787305","B2IR",4.62336371532977,0.246486217763741,0.0607554555474743,NA
"648","8787305","F5I",6.28219741046091,0.272622504262388,0.074323029830296,NA
"649","8787309","B5I",7.48666330875716,0.346580427767959,0.120117992911822,NA
"650","8787309","B2IR",4.60529131567173,0.326498487066624,0.106601262056794,NA
"651","8787309","F5I",6.45367588249978,0.388612152137671,0.151019404789073,NA
"652","8787332","B5I",7.58516851010164,0.301012320350892,0.0906084170030278,NA
"653","8787332","B2IR",4.7486288684085,0.310077700228218,0.0961481801788206,NA
"654","8787332","F5I",6.75066548019447,0.347342913706119,0.120647099701856,NA
"655","8787337","B5I",7.71983674213369,0.18380313280811,0.0337835916300758,NA
"656","8787337","B2IR",4.83706100422493,0.249918025437432,0.0624590194385447,NA
"657","8787337","F5I",6.5206476150806,0.273694392088154,0.074908620260504,NA
"658","8787344","B5I",7.62052341327281,0.182829940279827,0.0334267870627252,NA
"659","8787344","B2IR",4.79285595732735,0.246947587875795,0.0609831111576733,NA
"660","8787344","F5I",6.9070161338123,0.270336674620512,0.0730819176448766,NA
"661","8787345","B5I",7.53469634181787,0.318706912622618,0.101574096153441,NA
"662","8787345","B2IR",4.75170206410877,0.320957771931589,0.10301389136329,NA
"663","8787345","F5I",6.55393841920445,0.359121835316232,0.128968492600899,NA
"664","8787380","B5I",7.93487667438321,0.182362584424764,0.0332561121980792,NA
"665","8787380","B2IR",4.40529729675043,0.246997316385685,0.0610076743017302,NA
"666","8787380","F5I",6.86524244985192,0.270066249999982,0.072935779389053,NA
"667","8787385","B5I",7.52113817858545,0.356729664742073,0.127256053706992,NA
"668","8787385","B2IR",4.48690705151506,0.33479056000763,0.112084719070223,NA
"669","8787385","F5I",6.37040726828478,0.398157771481196,0.158529610990872,NA
"670","8787393","B5I",7.48246670059374,0.368748544666435,0.135975489193614,NA
"671","8787393","B2IR",4.41581219425123,0.349281479730006,0.121997552082382,NA
"672","8787393","F5I",6.08540181878471,0.414966196126818,0.172196943927961,NA
"673","8787407","B5I",7.41303392017287,0.177011924780801,0.0313332215146041,NA
"674","8787407","B2IR",4.55820030444624,0.235380572131106,0.055404013736767,NA
"675","8787407","F5I",6.73354801605856,0.256508400673382,0.0657965596160162,NA
"676","8787414","B5I",7.42727547741092,0.173791244736205,0.0302033967469596,NA
"677","8787414","B2IR",4.1553025238044,0.236827212923404,0.0560871287810672,NA
"678","8787414","F5I",5.87976090501676,0.257205813163649,0.0661548303251738,NA
"679","8787415","B5I",7.84318744174011,0.175190333229437,0.030691652857041,NA
"680","8787415","B2IR",4.3868762119086,0.238423690934338,0.0568458563987527,NA
"681","8787415","F5I",5.90119344584905,0.261409804200251,0.0683350857320133,NA
"682","8787421","B5I",7.56584896727763,0.17125521007518,0.0293283469778939,NA
"683","8787421","B2IR",4.61802107443691,0.231675090964773,0.0536733477735357,NA
"684","8787421","F5I",6.76487326274489,0.252179723568858,0.0635946129792659,NA
"685","8787423","B5I",7.37678981441161,0.344963320522597,0.118999692505976,NA
"686","8787423","B2IR",4.70945533854626,0.33448793812136,0.111882180748679,NA
"687","8787423","F5I",6.10138243857266,0.389534096812937,0.15173681257987,NA
"688","8787424","B5I",7.63034016843365,0.171491612779946,0.0294093732538668,NA
"689","8787424","B2IR",4.68682769525197,0.232451219499805,0.0540335694469468,NA
"690","8787424","F5I",6.69225862395163,0.252451913602174,0.0637319686813993,NA
"691","8787425","B5I",7.74532435671499,0.184390234570501,0.0339997586049645,NA
"692","8787425","B2IR",4.96739323576158,0.251142969762112,0.0630727912609333,NA
"693","8787425","F5I",6.23311503655532,0.275982235665111,0.0761661944027131,NA
"694","8787438","B5I",7.37799040818337,0.365088659800245,0.133289729514739,NA
"695","8787438","B2IR",4.63216321518669,0.345813544618785,0.119587007641808,NA
"696","8787438","F5I",6.01592859006343,0.406814431066575,0.165497981324021,NA
"697","8787441","B5I",7.93393736980625,0.183324720244953,0.0336079530528902,NA
"698","8787441","B2IR",4.70894326230971,0.24831027392649,0.0616579921374487,NA
"699","8787441","F5I",6.13937720504888,0.272087081815027,0.074031380090617,NA
"700","8787453","B5I",7.57701333652739,0.183773611061323,0.0337727401225183,NA
"701","8787453","B2IR",4.6458695141153,0.249212226422918,0.0621067337986677,NA
"702","8787453","F5I",6.02327277286633,0.273496512990024,0.0748003426177023,NA
"703","8787467","B5I",7.2172999894453,0.174369407901746,0.0304046904120056,NA
"704","8787467","B2IR",4.81928437075084,0.229326955272056,0.0525908524143515,NA
"705","8787467","F5I",6.15935948833852,0.250274405837828,0.062637278217478,NA
"706","8787471","B5I",7.29038977651459,0.177142012426449,0.0313792925664921,NA
"707","8787471","B2IR",4.91963342629485,0.233763876123435,0.0546455497802526,NA
"708","8787471","F5I",6.33312038133518,0.255599163265614,0.0653309322620818,NA
"709","8787472","B5I",7.73186807658913,0.181577299764617,0.0329703157898095,NA
"710","8787472","B2IR",4.95603263040065,0.246654502491573,0.0608384435993653,NA
"711","8787472","F5I",6.09429294234642,0.270587644307071,0.0732176732516497,NA
"712","8787473","B5I",7.8277800985928,0.179871054246066,0.0323535961555912,NA
"713","8787473","B2IR",5.10599338472255,0.24102513634162,0.0580931163484965,NA
"714","8787473","F5I",6.67207626280451,0.262905793223487,0.0691194561104708,NA
"715","8787481","B5I",7.5966613071998,0.183723240431568,0.0337542290746757,NA
"716","8787481","B2IR",5.0282667833161,0.248946453319418,0.061974336620317,NA
"717","8787481","F5I",6.27094037649002,0.274076137178599,0.0751177289707421,NA
"718","8787495","B5I",7.19641716145104,0.365034229238146,0.133249988515487,NA
"719","8787495","B2IR",4.22022429220914,0.346302057862896,0.119925115280077,NA
"720","8787495","F5I",5.77870677198061,0.409021983604868,0.167298983072061,NA
"721","8787521","B5I",7.98309691406877,0.181393433098712,0.0329035775713368,NA
"722","8787521","B2IR",5.1230166045779,0.242038339884152,0.0585825579738765,NA
"723","8787521","F5I",6.56436897254746,0.266429774296368,0.0709848246316137,NA
"724","8787526","B5I",7.5425529124309,0.313169975736253,0.098075433702645,NA
"725","8787526","B2IR",4.85848262763216,0.305088830746383,0.0930791946461949,NA
"726","8787526","F5I",6.19035472862543,0.340947724886554,0.116245351105317,NA
"727","8787530","B5I",7.38892267011688,0.170190882292276,0.0289649364154234,NA
"728","8787530","B2IR",4.8075848922019,0.223153303082199,0.0497973966764959,NA
"729","8787530","F5I",6.38460597849445,0.240172217662445,0.0576826941368966,NA
"730","8787532","B5I",7.44255546097617,0.307175631144114,0.0943568683687845,NA
"731","8787532","B2IR",4.89038491437827,0.300398213933761,0.0902390869345934,NA
"732","8787532","F5I",6.08033152889356,0.339569262848013,0.115307284271143,NA
"733","8787534","B5I",7.61620893919723,0.171162070587298,0.029296454407731,NA
"734","8787534","B2IR",5.01177704157933,0.228563293580121,0.0522411791721925,NA
"735","8787534","F5I",6.22217275560093,0.240351282307035,0.0577687389066359,NA
"736","8787535","B5I",7.65480563811944,0.170327374877111,0.0290114146325278,NA
"737","8787535","B2IR",4.93920759654467,0.225587514690093,0.0508897267840529,NA
"738","8787535","F5I",6.26571262239253,0.240029803716353,0.057614306672111,NA
"739","8787536","B5I",7.45132594207148,0.169709520603835,0.0288013213835835,NA
"740","8787536","B2IR",4.86726669690039,0.2230532126884,0.0497527356906165,NA
"741","8787536","F5I",6.18003915269943,0.238767457419391,0.0570098987225205,NA
"742","8787538","B5I",7.62322969483329,0.176357852004248,0.0311020919635521,NA
"743","8787538","B2IR",5.00259204328972,0.232495988079871,0.0540543844732356,NA
"744","8787538","F5I",6.45101763198519,0.253454870028794,0.0642393711413127,NA
"745","8787539","B5I",7.4667784943856,0.275726971558907,0.0760253628450463,NA
"746","8787539","B2IR",4.83870940357095,0.28215917419419,0.0796137995819471,NA
"747","8787539","F5I",6.20665003820713,0.305863797887012,0.093552662857867,NA
"748","8787540","B5I",7.50248898998633,0.171635707366173,0.0294588160430865,NA
"749","8787540","B2IR",4.81359257102624,0.228691669892868,0.0522998798783884,NA
"750","8787540","F5I",6.17353463598615,0.239895287773694,0.0575497490960236,NA
"751","8787541","B5I",7.36368181917013,0.296743246118798,0.0880565541171214,NA
"752","8787541","B2IR",4.82707129408725,0.304571667908288,0.0927639008924363,NA
"753","8787541","F5I",6.3995456500875,0.329600122148252,0.108636240520143,NA
"754","8787543","B5I",7.38037236491946,0.175293791596715,0.0307279133723527,NA
"755","8787543","B2IR",4.89031336732906,0.230366654800863,0.0530687956441398,NA
"756","8787543","F5I",6.42413249039287,0.252503826584663,0.0637581824398975,NA
"757","8787547","B5I",7.24823866752515,0.175697271559303,0.0308695312333834,NA
"758","8787547","B2IR",4.77265694482857,0.232517309119543,0.0540642990401929,NA
"759","8787547","F5I",6.22021669661227,0.251868420724914,0.0634377013584625,NA
"760","8787552","B5I",7.25889803680401,0.325866999454073,0.106189301333201,NA
"761","8787552","B2IR",4.72457854633766,0.315700889656902,0.0996670517301592,NA
"762","8787552","F5I",6.19219626285327,0.361932983056962,0.130995484224511,NA
"763","8787554","B5I",7.51055988359244,0.177971299608244,0.0316737834842475,NA
"764","8787554","B2IR",4.71663380879743,0.237682751234154,0.0564930902342365,NA
"765","8787554","F5I",6.68462094022812,0.256422135070371,0.0657523113540474,NA
"766","8787557","B5I",7.49338438748248,0.370242326288321,0.137079380175388,NA
"767","8787557","B2IR",4.53059858221312,0.348456874230071,0.121422193198191,NA
"768","8787557","F5I",6.11155235806089,0.411956591773294,0.169708233505469,NA
"769","8787568","B5I",6.92847910751043,0.181751033152279,0.0330334380519207,NA
"770","8787568","B2IR",4.69896268804448,0.245504192084889,0.0602723083312541,NA
"771","8787568","F5I",5.82236503255392,0.2681718751103,0.0719161546001745,NA
"772","8787569","B5I",7.45372615139863,0.173428470152666,0.030077434259494,NA
"773","8787569","B2IR",4.74173563981697,0.237199684095411,0.0562636901349626,NA
"774","8787569","F5I",6.2841990230019,0.252197906375486,0.0636037839801785,NA
"775","8787570","B5I",7.72198865540508,0.173135579883273,0.0299759290215171,NA
"776","8787570","B2IR",4.82211245674972,0.235797746248832,0.0556005771360284,NA
"777","8787570","F5I",6.54814636537119,0.251773980625829,0.0633901373201755,NA
"778","8787572","B5I",7.54330971995994,0.179914633931487,0.0323692755027011,NA
"779","8787572","B2IR",4.951787431788,0.243358340936215,0.0592232821032273,NA
"780","8787572","F5I",6.24516021078793,0.26490367834398,0.0701739588001706,NA
"781","8787573","B5I",7.63632344143622,0.171070508183425,0.0292651187701351,NA
"782","8787573","B2IR",4.65475278796361,0.231259273710935,0.0534808516773093,NA
"783","8787573","F5I",6.69499357837114,0.251480775338086,0.0632425803646451,NA
"784","8787574","B5I",7.35141728295601,0.171427096329472,0.0293872493559541,NA
"785","8787574","B2IR",4.61185875968777,0.231334942822159,0.0535158557705315,NA
"786","8787574","F5I",6.48206055093949,0.252503691092,0.0637581140150844,NA
"787","8787578","B5I",7.20734453884356,0.176379370881439,0.0311096824725321,NA
"788","8787578","B2IR",4.78092226363392,0.234979353371863,0.0552152965110587,NA
"789","8787578","F5I",6.09028898899544,0.252864742818686,0.06394057816076,NA
"790","8787580","B5I",7.6279521950433,0.175089850420101,0.0306564557201333,NA
"791","8787580","B2IR",5.02136689583273,0.231196937031797,0.0534520236928848,NA
"792","8787580","F5I",6.19316714255189,0.251051316581111,0.0630267635571092,NA
"793","8787582","B5I",7.21115324294755,0.319165193278291,0.101866420600369,NA
"794","8787582","B2IR",4.79239491067789,0.312391960906861,0.0975887372392341,NA
"795","8787582","F5I",6.21423781133831,0.357302680296768,0.127665205347254,NA
"796","8787584","B5I",7.42179323498742,0.286664209943886,0.0821763692627522,NA
"797","8787584","B2IR",4.76965459465295,0.286904632314575,0.0823142680435617,NA
"798","8787584","F5I",6.3695219866376,0.319056223601016,0.101796873818541,NA
"799","8787590","B5I",7.20417444026763,0.174754971579513,0.0305393000917564,NA
"800","8787590","B2IR",4.81857887069372,0.230122023528698,0.0529561457129425,NA
"801","8787590","F5I",6.09930236237578,0.251859489329382,0.0634332023652573,NA
"802","8787592","B5I",7.32405690069149,0.293926746918373,0.0863929325540174,NA
"803","8787592","B2IR",4.77157640232009,0.293164419270241,0.0859453767260574,NA
"804","8787592","F5I",6.33175295644197,0.327386199396002,0.107181723554959,NA
"805","8787604","B5I",7.39040219798594,0.357485761713483,0.127796069827869,NA
"806","8787604","B2IR",4.86816450454986,0.340555818294977,0.115978265374562,NA
"807","8787604","F5I",6.09816575577779,0.399928297049157,0.159942642780639,NA
"808","8787618","B5I",7.93364240875364,0.181556016431039,0.0329625871023076,NA
"809","8787618","B2IR",4.89592493403079,0.243656630901532,0.0593685537822855,NA
"810","8787618","F5I",6.53741749003332,0.267210634780196,0.0714015233396352,NA
"811","8787628","B5I",7.13340864161206,0.1823905879342,0.0332663265669832,NA
"812","8787628","B2IR",4.73365840245404,0.248161749450697,0.0615842538904305,NA
"813","8787628","F5I",5.88006913765644,0.272186658789966,0.0740855772232455,NA
"814","8787630","B5I",7.62993116892255,0.300304672774256,0.0901828964900529,NA
"815","8787630","B2IR",4.96930577344163,0.293575995466682,0.0861868651142534,NA
"816","8787630","F5I",6.31407683990004,0.331591388826093,0.109952849143617,NA
"817","8787658","B5I",7.43349065374524,0.349574953046565,0.122202647797508,NA
"818","8787658","B2IR",4.73338103381652,0.336691229874072,0.113360984274115,NA
"819","8787658","F5I",6.10053872027713,0.39768469597305,0.158153117411177,NA
"820","8787668","B5I",7.81360224104373,0.351230386875099,0.123362784664432,NA
"821","8787668","B2IR",4.80857586628876,0.340021033663132,0.115614303333344,NA
"822","8787668","F5I",6.29799512240379,0.395929641362287,0.156760280909269,NA
"823","8787670","B5I",7.74322314845434,0.181325061819837,0.0328787780439676,NA
"824","8787670","B2IR",4.88389918493419,0.244004179491497,0.0595380396093188,NA
"825","8787670","F5I",6.65091490317518,0.267007234098597,0.0712928630609827,NA
"826","8787676","B5I",7.73296341310629,0.186242187990253,0.0346861525873969,NA
"827","8787676","B2IR",4.79569071654458,0.254990195480435,0.0650199997911505,NA
"828","8787676","F5I",6.25039033799299,0.280841308107808,0.0788718403397048,NA
"829","8787690","B5I",7.99281990245961,0.180486904812944,0.0325755228089567,NA
"830","8787690","B2IR",4.76200812292528,0.244816519487329,0.0599351282138896,NA
"831","8787690","F5I",6.39863272993006,0.267159088072925,0.0713739783399567,NA
"832","8787692","B5I",7.25115595861141,0.366018423743875,0.133969486519951,NA
"833","8787692","B2IR",4.43805790723331,0.3511705898933,0.123320783206008,NA
"834","8787692","F5I",5.72235821582777,0.410301111059948,0.168347001737028,NA
"835","8787702","B5I",7.15111063138626,0.180130205247827,0.0324468908426244,NA
"836","8787702","B2IR",4.40603093054868,0.24534380821797,0.0601935842308961,NA
"837","8787702","F5I",6.04829395469749,0.265677673927784,0.0705846264236781,NA
"838","8787707","B5I",7.45330120575362,0.374918366966263,0.140563781888649,NA
"839","8787707","B2IR",4.82159849928212,0.349714884754938,0.122300500619159,NA
"840","8787707","F5I",6.07187228511797,0.423616198813038,0.179450683896808,NA
"841","8787759","B5I",6.34088261499719,0.187694207376493,0.0352291154826898,NA
"842","8787759","B2IR",4.31546510785262,0.260648851595589,0.0679378238380996,NA
"843","8787759","F5I",5.42177591850368,0.286115623190018,0.0818621498334124,NA
