"GID","BLUP","Standard_error","Prediction_error_variance","Reliability"
"7806808",1.12696036297265,0.444492741511564,0.197573797256466,NA
"8786051",0.0174073958206008,0.480975770895517,0.231337692188537,NA
"8786059",-0.0341768216340742,0.453865424770531,0.205993823802135,NA
"8786066",-0.281568321996862,0.592122034802169,0.350608504098261,NA
"8786068",-0.595697292301376,0.454591619090373,0.206653540147207,NA
"8786077",-0.189088917839409,0.597274685273995,0.35673704966915,NA
"8786086",-0.295931372068933,0.587466098176409,0.345116416506615,NA
"8786087",-0.724316720059116,0.463122236510931,0.214482205950887,NA
"8786092",0.843387150872237,0.451782864052154,0.204107756251167,NA
"8786093",0.71411891435206,0.469911433793662,0.220816755610016,NA
"8786094",0.515881304075387,0.460458408365308,0.212021945834313,NA
"8786096",0.293655690973621,0.462845705929177,0.214226147497078,NA
"8786102",0.478624092251402,0.57321258410024,0.328572666570875,NA
"8786104",0.446643378558223,0.566467893140127,0.320885873958614,NA
"8786115",-0.394940848210849,0.458913906787695,0.210601973843145,NA
"8786132",0.22966681334374,0.579005414580832,0.335247270113921,NA
"8786136",0.61791958069369,0.45033989010172,0.202806016616829,NA
"8786147",-0.0535145407489144,0.450567472150563,0.203011046960148,NA
"8786149",0.304819880672177,0.443401726988239,0.196605091496153,NA
"8786150",-0.152713607535391,0.44513185995241,0.198142372744692,NA
"8786159",-0.510926714916081,0.685178940244174,0.469470180154129,NA
"8786160",-0.341693953568206,0.677108782573889,0.458476303438694,NA
"8786165",0.604359631243718,0.608669789204935,0.37047891229078,NA
"8786172",-1.50715824855543,0.440280043341479,0.193846516564774,NA
"8786179",-0.954256449261243,0.662924321496226,0.439468656031231,NA
"8786193",0.290897976594471,0.62815581208102,0.394579724251166,NA
"8786198",-0.518711588575668,0.469100574515781,0.220055349011035,NA
"8786202",-0.0362663955490978,0.468189811340734,0.219201699443272,NA
"8786213",-0.0807275775135642,0.485840016194104,0.236040521335487,NA
"8786234",-0.362457827072689,0.453881080246461,0.206008035005694,NA
"8786238",-0.561549087633007,0.486444226809403,0.236627985796198,NA
"8786246",-0.180334140499868,0.582938504825295,0.339817300407951,NA
"8786247",-0.277585254418452,0.494185057286757,0.244218870845515,NA
"8786251",-0.847833547978287,0.636033578575078,0.40453871307502,NA
"8786257",-1.29990731039401,0.47517359072514,0.225789941322623,NA
"8786258",-0.926952067464168,0.472311851606729,0.223078485168177,NA
"8786269",-1.07258382359932,0.479995210974183,0.230395402558151,NA
"8786275",0.0902019649578511,0.657487280960679,0.432289524625066,NA
"8786276",-0.252786766930932,0.652707287205687,0.426026802771407,NA
"8786279",-0.528256116004044,0.49708532496875,0.247093820299288,NA
"8786281",-0.566064380975473,0.66950490438527,0.44823681699593,NA
"8786285",-1.19973552141897,0.486617998986896,0.236797076938011,NA
"8786286",-1.14860170373249,0.622539552587515,0.387555494535863,NA
"8786301",-1.77144841474732,0.478092968735802,0.228572886754612,NA
"8786303",-1.02829293475941,0.452572032533885,0.204821444631852,NA
"8786304",-0.485846828156746,0.453252841089963,0.205438137956123,NA
"8786309",-1.00975639732464,0.49285313342873,0.242904211130518,NA
"8786313",-1.5789546394095,0.459043122136639,0.210720587980953,NA
"8786320",-1.84592290932338,0.477347854642528,0.227860974331824,NA
"8786324",-1.16170976930107,0.679321964443167,0.461478331374923,NA
"8786329",0.272143385968621,0.457598989874366,0.20939683553404,NA
"8786337",-0.846067512204338,0.667141850415704,0.445078248576089,NA
"8786340",-0.983873406810193,0.577358116692896,0.333342394911168,NA
"8786345",-0.274486329519172,0.454509935894874,0.206579281827162,NA
"8786347",-0.263800176354449,0.454632544406301,0.206690750433347,NA
"8786350",0.668413778087115,0.467669110812779,0.218714397208415,NA
"8786352",0.296538433607232,0.484001262596204,0.23425722219472,NA
"8786353",0.41353108137333,0.46795777710483,0.218984481152894,NA
"8786357",-0.350142918581527,0.464578322050087,0.215833017318874,NA
"8786359",-0.568977908516172,0.575070171617157,0.330705702283786,NA
"8786362",-0.76703056683819,0.461713615846037,0.213179463057622,NA
"8786366",-0.767403275935451,0.484046119853858,0.234300646145575,NA
"8786367",-0.777696045975804,0.577754705747272,0.333800500013117,NA
"8786368",-1.41957208487534,0.47330779945696,0.22402027302679,NA
"8786372",-1.06231740785835,0.46023191519017,0.211813415759612,NA
"8786374",-1.29549575375768,0.466276528318614,0.217413800860859,NA
"8786375",-1.26170943326,0.461422210496739,0.212910456339697,NA
"8786376",-1.19402726641908,0.456989218461049,0.208839145789641,NA
"8786377",-0.569311356647547,0.58346231091267,0.340428268255553,NA
"8786379",-1.35783901147001,0.448435796594334,0.201094663667195,NA
"8786382",-0.795173735820206,0.445871985630203,0.19880182756982,NA
"8786389",0.615208014626887,0.60347148119567,0.364177828616496,NA
"8786391",-1.00896052954165,0.479296593696644,0.229725224729206,NA
"8786406",-0.684150523330737,0.671213192847527,0.450527150252571,NA
"8786424",-0.608233236560019,0.494646953178212,0.244675608288488,NA
"8786441",0.138695593014737,0.595726455043723,0.354890009238961,NA
"8786442",0.109343545479884,0.463383288880632,0.214724072413831,NA
"8786444",1.02557722903298,0.619854068498523,0.384219066234171,NA
"8786447",-1.1048852021818,0.469955961341125,0.220858605600061,NA
"8786455",-1.23379275626856,0.465575590740304,0.216760630693183,NA
"8786458",-0.97347189287937,0.559587411754664,0.313138071394284,NA
"8786462",-1.27002376304582,0.452359147856472,0.204628798649433,NA
"8786479",-0.639111695665715,0.478135002285172,0.228613080410241,NA
"8786483",-0.812476098931148,0.467386445715526,0.218450089638593,NA
"8786484",-0.362688371276882,0.464615720935888,0.215867768140775,NA
"8786487",0.548163626105424,0.577224085942783,0.333187645392482,NA
"8786488",-0.628072032943566,0.47043812039031,0.221312025116368,NA
"8786491",1.0703220864578,0.463859574779577,0.21516570511469,NA
"8786492",0.651663160667029,0.571256698054651,0.326334215072303,NA
"8786493",0.644588527291803,0.604557768526527,0.365490095485774,NA
"8786495",1.33396485262688,0.570306677792582,0.325249706734812,NA
"8786504",-0.734290365847308,0.462588331802422,0.213987964719748,NA
"8786507",0.297387609884743,0.468635660524288,0.219619382315036,NA
"8786508",0.339354075369172,0.615137840526017,0.378394562847011,NA
"8786524",-0.0356931349230276,0.440472296923384,0.194015844356962,NA
"8786525",0.309132866629622,0.463557363523333,0.214885429276704,NA
"8786526",0.201431284322695,0.557476132863237,0.310779638712149,NA
"8786527",-0.489499942966831,0.466605482582506,0.217720676376054,NA
"8786532",-1.31208144582419,0.476223047600756,0.226788391066152,NA
"8786579",0.735488329918345,0.476283500077654,0.226845972446221,NA
"8786581",0.61295918064769,0.483596566724124,0.23386563934736,NA
"8786585",0.943875495762091,0.480349383516278,0.230735530244468,NA
"8786591",0.851851324039907,0.436706670364607,0.190712715940941,NA
"8786598",-1.47823207571201,0.471984441989991,0.222769313480603,NA
"8786605",0.0290276174332144,0.46866656716969,0.219648351182622,NA
"8786612",-0.272932042664423,0.445072163139077,0.198089230401297,NA
"8786625",-0.517948753116087,0.46829468577597,0.219299912726014,NA
"8786634",-0.501235692494762,0.472055729551913,0.222836611802789,NA
"8786635",-0.288579553847022,0.611941769783048,0.374472729605209,NA
"8786636",-1.85436130113254,0.466614834512692,0.217729403787307,NA
"8786638",-2.02185334455257,0.464638189578562,0.215888647214844,NA
"8786639",-1.42383105751167,0.476110259252549,0.22668097896553,NA
"8786660",0.868746193711926,0.470227286305918,0.221113700786628,NA
"8786674",0.418683511861116,0.45220064184574,0.204485420485699,NA
"8786676",1.09745038244793,0.431161757679108,0.185900461284938,NA
"8786677",1.22874808274985,0.540387854247501,0.292019033018219,NA
"8786679",1.04633667623308,0.445611109903653,0.198569261269566,NA
"8786680",0.982936683216376,0.539921274242186,0.291514982379306,NA
"8786681",1.0276500979061,0.447356541391487,0.200127875125753,NA
"8786683",0.725773370605978,0.440409885447352,0.19396086719975,NA
"8786686",0.396014110452375,0.465857885662296,0.217023569633745,NA
"8786688",0.799432876930557,0.472850098365528,0.22358721552429,NA
"8786689",0.70480168345332,0.47078245535223,0.221636120267474,NA
"8786694",1.10004032450093,0.446343903679461,0.19922288035182,NA
"8786695",0.363574816463277,0.447016542689544,0.199823789438113,NA
"8786697",0.0419763848687313,0.465011437748551,0.216235637236975,NA
"8786698",0.439665552209605,0.597517632494681,0.357027321142049,NA
"8786699",1.39615159622162,0.449829408502991,0.202346496754151,NA
"8786700",0.68476335056325,0.450898052259991,0.203309053531853,NA
"8786701",0.804372149092998,0.452221880648951,0.204504629337675,NA
"8786704",1.22837133066472,0.403578144568474,0.162875318773332,NA
"8786706",0.791503710214365,0.405669386088154,0.16456765080914,NA
"8786707",1.23483700369904,0.402233198469314,0.161791545950855,NA
"8786709",0.465920469058056,0.41931093673118,0.17582166166238,NA
"8786711",0.779603342671457,0.47519464823351,0.22580995370977,NA
"8786713",0.872619180148805,0.417680841147647,0.174457285061806,NA
"8786715",0.905972676965296,0.469359080727956,0.220297946661792,NA
"8786726",-0.221930648399848,0.473341190462247,0.224051882588217,NA
"8786729",0.445311564247797,0.478905424352886,0.229350405474618,NA
"8786739",0.868977180794601,0.396512669274953,0.157222296895549,NA
"8786759",0.946089889052841,0.600044375274569,0.360053252298647,NA
"8786763",0.549526789899833,0.484640498412607,0.23487641270162,NA
"8786764",0.0761091627827,0.612700544906955,0.37540195772928,NA
"8786770",-0.931479382761706,0.489016364535071,0.239137004783097,NA
"8786785",1.48942220584715,0.439177638069927,0.19287699778068,NA
"8786787",0.972462831356685,0.436992598861419,0.190962531459657,NA
"8786792",1.18257319154636,0.44326874081383,0.196487176582678,NA
"8786793",0.869976815006341,0.462902113915797,0.214278367067714,NA
"8786794",1.55382634421419,0.449158199115572,0.201743087832744,NA
"8786796",1.85235768434829,0.442280686189767,0.195612205376491,NA
"8786798",0.871186254158734,0.455301403638081,0.207299368154806,NA
"8786799",0.898593410801382,0.473244064108746,0.223959944214163,NA
"8786800",0.294574640324654,0.64726903675891,0.418957205946807,NA
"8786803",-0.124066532574083,0.483735475040842,0.234000009812989,NA
"8786819",0.0315912204936423,0.563875089392184,0.317955116437043,NA
"8786820",-0.079815280038646,0.461439260657682,0.212926191276309,NA
"8786825",0.109290183147811,0.463856561198217,0.215162909366635,NA
"8786839",-0.475283850113763,0.497963979545189,0.247968124924482,NA
"8786843",-0.172906829987238,0.636240152611617,0.404801531795254,NA
"8786861",-0.474743116963288,0.668558253795432,0.446970138717997,NA
"8786868",0.0423031556389447,0.481892451790641,0.232220335092796,NA
"8786870",-1.14816290046422,0.486035375633992,0.236230386367676,NA
"8786873",-0.368874009960821,0.476654002695177,0.227199038285334,NA
"8786911",0.631715487556333,0.471465432147145,0.222279653709695,NA
"8786963",0.254280192622003,0.451087286751167,0.20347974026853,NA
"8786966",1.25751140727537,0.55971968505433,0.313286125837318,NA
"8786967",1.83668219690964,0.46252993119293,0.213933937249337,NA
"8786968",-0.10288329778041,0.462017112772673,0.213459812494797,NA
"8786976",0.509947530246747,0.65678632835095,0.431368281108722,NA
"8786978",0.12484910542606,0.454963648618799,0.20699192156453,NA
"8786980",0.597919899872298,0.462864170077982,0.214243239941979,NA
"8786998",0.516724546421674,0.450809905682483,0.203229571061449,NA
"8787000",0.974854954877697,0.447857095746092,0.200575978210124,NA
"8787002",0.0425987111089473,0.47840278750551,0.228869227093043,NA
"8787004",-0.485773563107953,0.607500363997771,0.369056692257424,NA
"8787008",1.88376710328455,0.460033301065832,0.211630638089526,NA
"8787017",0.0974253003324546,0.456123133508505,0.208048312921618,NA
"8787023",0.358442575932123,0.468318745367686,0.219322447262764,NA
"8787027",-0.294088919107665,0.666622549538149,0.444385623552742,NA
"8787038",0.428320723407229,0.454247094984421,0.206340423301786,NA
"8787042",1.62443363151525,0.460805727398495,0.212341918403256,NA
"8787043",1.72515369554416,0.478387578354717,0.22885467512409,NA
"8787050",0.799301294814907,0.473976698104505,0.224653910346049,NA
"8787052",1.04095023152082,0.454176865683696,0.206276625322266,NA
"8787059",0.0417784050913717,0.468829718469693,0.219801304920372,NA
"8787084",-0.333943726433437,0.473245971651562,0.223961749684431,NA
"8787091",1.2748679983914,0.48210054764475,0.232420938039368,NA
"8787099",0.975004815238521,0.60113888313425,0.361367956815893,NA
"8787107",0.165338244805392,0.445773733236883,0.198714221243948,NA
"8787111",-0.262915568778827,0.445708970683289,0.198656486547557,NA
"8787121",0.0271578769002538,0.443603133905742,0.196783740410996,NA
"8787127",1.2130918969246,0.47736640504161,0.227878684662351,NA
"8787131",0.979587689881693,0.485653046081182,0.235858881167931,NA
"8787150",1.78281656785627,0.469772465784695,0.220686169609433,NA
"8787153",1.75132867344355,0.531672569948798,0.28267572163596,NA
"8787155",1.2144928112141,0.458869247762543,0.210560986542162,NA
"8787156",1.21026587791412,0.576739255905214,0.3326281693021,NA
"8787160",1.4819755875511,0.454944628050201,0.206974614591736,NA
"8787161",0.848662522859562,0.462510962603443,0.213916390528363,NA
"8787164",1.37663093399121,0.526657062118215,0.277367661078989,NA
"8787176",-0.583139483429636,0.468223814275436,0.219233540254638,NA
"8787179",-0.27895127664719,0.459783974898314,0.211401303573293,NA
"8787182",0.515083131067096,0.458659892116492,0.210368896636312,NA
"8787187",-0.18190752985939,0.463756313190668,0.215069918024201,NA
"8787193",-0.422525980559621,0.463015517972161,0.214383369883028,NA
"8787196",0.316923690396037,0.483473926325105,0.233747037436213,NA
"8787197",-0.395348757375403,0.589233862850905,0.347196545130199,NA
"8787204",0.602819516950515,0.478531893493071,0.228992773090064,NA
"8787221",-0.0703001576595734,0.610935895443876,0.373242668341811,NA
"8787223",-0.0682175017232264,0.610372860853269,0.372555029266205,NA
"8787224",-0.380565490344382,0.626092999693438,0.391992444265127,NA
"8787229",0.355810590951324,0.504067961361243,0.25408450967088,NA
"8787235",2.38527915458203,0.441892383943751,0.195268878987491,NA
"8787281",0.928469704077244,0.465452526746401,0.216646054654609,NA
"8787303",1.39500600727955,0.482941314552483,0.233232313301681,NA
"8787305",0.20558358313393,0.489096286432435,0.239215177401998,NA
"8787309",0.0562714940660512,0.620320331278671,0.38479731339768,NA
"8787332",0.594961131355191,0.571948823320996,0.327125456498272,NA
"8787337",0.587918831772005,0.493622108454227,0.243662785954796,NA
"8787344",0.830849095153845,0.485615925025905,0.235822826638766,NA
"8787345",0.350286245369889,0.586488122563364,0.3439683179079,NA
"8787380",0.71700666598496,0.470463811508593,0.221336197939193,NA
"8787385",-0.110747769117661,0.629514850220948,0.396288946648703,NA
"8787393",-0.505946982066607,0.66031782144767,0.436019625321397,NA
"8787407",0.215010757104436,0.462572017739703,0.21397287159578,NA
"8787414",-1.02718218309468,0.469283118255787,0.220226645079875,NA
"8787415",-0.357564111952162,0.4781352330467,0.228613301080622,NA
"8787421",0.459259851527376,0.475513125150061,0.226112732189977,NA
"8787423",-0.301255861141939,0.63151850968529,0.398815628075129,NA
"8787424",0.520391595859305,0.475158621401668,0.225775715492334,NA
"8787425",0.457149954912673,0.500272369728296,0.250272443913564,NA
"8787438",-0.463027290197856,0.640565865279023,0.410324627760664,NA
"8787441",0.294243767931511,0.472699267186669,0.223444597198814,NA
"8787453",-0.243032711812341,0.475443052383095,0.226046096059354,NA
"8787467",-0.294644112037153,0.457535508406726,0.209338741453001,NA
"8787471",0.0528454396763057,0.459421286232062,0.211067918243122,NA
"8787472",0.292018723785201,0.481210460956724,0.231563507734183,NA
"8787473",1.11662713001854,0.464362471366516,0.215632504813619,NA
"8787481",0.406168101983904,0.476469349857301,0.227023041353439,NA
"8787495",-1.29439361362561,0.647622004858091,0.419414261176413,NA
"8787521",1.18226775928786,0.46839913211358,0.219397746964755,NA
"8787526",0.102257985412242,0.557476199977442,0.310779713541289,NA
"8787530",0.0911946537751868,0.446924582211231,0.199741582184683,NA
"8787532",-0.0760323296528099,0.564333742253965,0.318472572646365,NA
"8787534",0.360728965641901,0.458172965181648,0.209922466023344,NA
"8787535",0.371147938901604,0.449056010416178,0.201651300490894,NA
"8787536",0.0094839475369202,0.443761479013356,0.196924250256121,NA
"8787538",0.587476204919691,0.470049232557963,0.22094628102833,NA
"8787539",0.0228173424509029,0.506835468667421,0.256882192299324,NA
"8787540",0.000703554490911944,0.438627462314691,0.192394050696625,NA
"8787541",0.101225621736014,0.545339627480535,0.297395309300609,NA
"8787543",0.205603234529488,0.455951498175573,0.207891768688549,NA
"8787547",-0.248677139745156,0.456153387598601,0.20807591301768,NA
"8787552",-0.31374997311928,0.585785142384364,0.34314423303827,NA
"8787554",0.42258946338533,0.467730067297781,0.218771415854387,NA
"8787557",-0.353838554084548,0.647169467717799,0.41882831994614,NA
"8787568",-1.04049926904325,0.466834778889229,0.217934710780555,NA
"8787569",-0.00988039102137083,0.443970544646525,0.197109844513732,NA
"8787570",0.604181428726484,0.44655630511616,0.199412533638997,NA
"8787572",0.250113779177093,0.465576133294256,0.216761135893231,NA
"8787573",0.497556006055741,0.456913862096448,0.208770277375892,NA
"8787574",-0.0448893678887627,0.45920258777077,0.210867016615372,NA
"8787578",-0.410977641209864,0.459803751128759,0.211419489552078,NA
"8787580",0.353973823704326,0.466387212880709,0.217517032338636,NA
"8787582",-0.272155532569897,0.585326439862953,0.34260704120264,NA
"8787584",0.0712913017955703,0.536779018904537,0.288131715136117,NA
"8787590",-0.368603505322381,0.462322620899129,0.21374220579504,NA
"8787592",-0.0625158219125439,0.565204074124678,0.319455645407134,NA
"8787604",-0.13250952235929,0.639047665561369,0.408381918859436,NA
"8787618",0.877642567683196,0.473229310062047,0.223945979901801,NA
"8787628",-0.742409000797996,0.477211708935419,0.227731015145063,NA
"8787630",0.423831634525088,0.557821732833328,0.311165085621177,NA
"8787658",-0.221647052615736,0.633451692524661,0.401261046762358,NA
"8787668",0.431233820346542,0.627824128150713,0.394163135888202,NA
"8787670",0.787952808692959,0.46766738204404,0.218712780227926,NA
"8787676",0.289440265401455,0.486724554961961,0.236900792402919,NA
"8787690",0.663710444997367,0.467889687264327,0.21892075944831,NA
"8787692",-1.0778011243218,0.647957480646738,0.419848896726068,NA
"8787702",-0.883860282453461,0.463542858482178,0.214871981649829,NA
"8787707",-0.142933387854354,0.671518324939833,0.450936860729999,NA
"8787759",-2.41311320849381,0.49544769050139,0.245468414023161,NA
