"","GID","Predicted_value","Standard_error","Prediction_error_variance","Reliability"
"1","7806808",6.53859931209438,0.145318498277749,0.0211174659417002,NA
"2","8786051",6.16866046297547,0.153705453718655,0.0236253665028575,NA
"3","8786059",6.15180644091741,0.147428908126562,0.0217352829513904,NA
"4","8786066",6.06939546200598,0.248039943166177,0.0615238134058801,NA
"5","8786068",5.96475151020833,0.145312891273451,0.0211158363702498,NA
"6","8786077",6.10007214801736,0.25841519179887,0.0667784113524469,NA
"7","8786086",6.06427968761585,0.256497600142554,0.0657910188788896,NA
"8","8786087",5.92179298660015,0.147988647539513,0.0219006398005742,NA
"9","8786092",6.44404062032697,0.147987596435395,0.0219003286987252,NA
"10","8786093",6.40134889169083,0.14716560182093,0.0216577143593166,NA
"11","8786094",6.33508249137013,0.147955035114614,0.0218906924157667,NA
"12","8786096",6.26119935586943,0.147991981688283,0.021901626644025,NA
"13","8786102",6.32278841824931,0.240142724492537,0.0576685281266987,NA
"14","8786104",6.31188072798342,0.239984729142913,0.0575926702217971,NA
"15","8786115",6.03147257703351,0.147739991036462,0.0218271049514539,NA
"16","8786132",6.23947390586322,0.248061709350945,0.0615346116461128,NA
"17","8786136",6.36865974147494,0.142582856797294,0.0203298710524776,NA
"18","8786147",6.14530281718291,0.142596002005005,0.0203336197878114,NA
"19","8786149",6.26470450496454,0.142436795994036,0.0202882408530466,NA
"20","8786150",6.11192287734647,0.141995788120849,0.020162803844061,NA
"21","8786159",5.99278449953149,0.298305712962875,0.0889862983862889,NA
"22","8786160",6.04913998572528,0.293584288683627,0.0861917345618713,NA
"23","8786165",6.36445728388779,0.260375367791153,0.067795332152378,NA
"24","8786172",5.66112599740698,0.14508205412715,0.0210488024297533,NA
"25","8786179",5.8450654602742,0.289319284497805,0.083705648382322,NA
"26","8786193",6.25997763917941,0.274730593668666,0.0754768990975378,NA
"27","8786198",5.99007402289065,0.150853658660229,0.022756826331177,NA
"28","8786202",6.1509090203974,0.150657026054022,0.0226975394994423,NA
"29","8786213",6.13617682621858,0.155213882402897,0.0240913492905802,NA
"30","8786234",6.04230676800347,0.147875100419416,0.0218670453240524,NA
"31","8786238",5.97605616193747,0.154737166898276,0.0239435908197048,NA
"32","8786246",6.10304745334703,0.23627453110411,0.055825654048467,NA
"33","8786247",6.07085643671107,0.156623706725568,0.0245309855084568,NA
"34","8786251",5.88033145389864,0.272409901287809,0.0742071543196338,NA
"35","8786257",5.72991190321189,0.150039299202224,0.0225117913050944,NA
"36","8786258",5.85374468537745,0.150900507046821,0.0227709630269878,NA
"37","8786269",5.80560781119309,0.152597709966765,0.0232860610871009,NA
"38","8786275",6.19316743832077,0.28056636996795,0.0787174879569928,NA
"39","8786276",6.07881982950245,0.278145118047376,0.077364706693589,NA
"40","8786279",5.98684082178561,0.155450841373915,0.024164964083858,NA
"41","8786281",5.97449786063389,0.292830056471453,0.0857494419730743,NA
"42","8786285",5.7630299073987,0.153392288351545,0.0235291941257235,NA
"43","8786286",5.78015152707686,0.25838595690967,0.0667633027281258,NA
"44","8786301",5.57248892512657,0.151535002054728,0.0229628568477264,NA
"45","8786303",5.82037669920864,0.142309962795493,0.0202521255108546,NA
"46","8786304",6.00109599389893,0.143864136450098,0.0206968897565325,NA
"47","8786309",5.82637750545466,0.157088690033806,0.0246768565365372,NA
"48","8786313",5.63673197674951,0.147840882821274,0.0218569266333737,NA
"49","8786320",5.54762963631162,0.151661653609885,0.0230012571756847,NA
"50","8786324",5.77567064588767,0.293543346202178,0.0861676960995719,NA
"51","8786329",6.25376429099197,0.146763624648075,0.021539561519841,NA
"52","8786337",5.88091537374404,0.29099565075467,0.0846784687581339,NA
"53","8786340",5.83508111975149,0.252613045389519,0.0638133507009674,NA
"54","8786345",6.07163263826951,0.139689654177078,0.0195131994841116,NA
"55","8786347",6.07518473061307,0.139756598084649,0.0195319067081942,NA
"56","8786350",6.38566983594375,0.147583213646745,0.0217808049503008,NA
"57","8786352",6.26186667651971,0.151322720206776,0.0228985656507781,NA
"58","8786353",6.30083431522075,0.147233175933003,0.0216776080953186,NA
"59","8786357",6.04638663276892,0.146583379207285,0.0214866870598266,NA
"60","8786359",5.97360692227309,0.247527828268434,0.0612700257672872,NA
"61","8786362",5.90753801614224,0.149856023906203,0.0224568279009765,NA
"62","8786366",5.90744781648508,0.154028058208978,0.0237246427156282,NA
"63","8786367",5.9038539726486,0.247409287996898,0.0612113557871318,NA
"64","8786368",5.68996849706529,0.148143949596344,0.0219466298020042,NA
"65","8786372",5.80880916561588,0.149688602584121,0.0224066777435869,NA
"66","8786374",5.73118283426401,0.142866945736156,0.0204109641839778,NA
"67","8786375",5.74255323653548,0.143848643708505,0.0206924322967763,NA
"68","8786376",5.76550245709177,0.14666382094277,0.0215102763735329,NA
"69","8786377",5.97339903098408,0.253121087902137,0.0640702851407616,NA
"70","8786379",5.71081830748875,0.146679654303772,0.0215149209866741,NA
"71","8786382",5.89784127860477,0.145820079344247,0.0212634955399625,NA
"72","8786389",6.36808339327639,0.261345221662647,0.0683013248858979,NA
"73","8786391",5.82678114334809,0.15400821497038,0.0237185302783627,NA
"74","8786406",5.93484572175358,0.290766403729414,0.0845451015377363,NA
"75","8786424",5.96038635293691,0.156479821271281,0.024485934465092,NA
"76","8786441",6.20924904142212,0.250807481090138,0.0629043925707801,NA
"77","8786442",6.19952483441628,0.149598295231284,0.0223796499361065,NA
"78","8786444",6.50497980744447,0.265783959132476,0.0706411129321335,NA
"79","8786447",5.79507682902641,0.149186077850898,0.0222564858245343,NA
"80","8786455",5.75196009051218,0.150406273316339,0.0226220470529092,NA
"81","8786458",5.83866658903062,0.230598247668721,0.053175551827885,NA
"82","8786462",5.74003021801719,0.147349374984843,0.0217118383084238,NA
"83","8786479",5.95005762320041,0.150298156529909,0.0225895358562891,NA
"84","8786483",5.89253825080686,0.144431864361851,0.0208605634430402,NA
"85","8786484",6.04193705804952,0.145184713276045,0.0210786009690475,NA
"86","8786487",6.3461339882321,0.244968925450072,0.0600097744361629,NA
"87","8786488",5.95418402723068,0.146756192406437,0.021537380009635,NA
"88","8786491",6.52008102539532,0.147268900050092,0.0216881289219641,NA
"89","8786492",6.38044565062786,0.241497609117362,0.0583210952094021,NA
"90","8786493",6.37829295167638,0.260598261381304,0.0679114538349583,NA
"91","8786495",6.60784809514964,0.24590946884271,0.0604714668665037,NA
"92","8786504",5.91848921310064,0.149251203536563,0.0222759217571125,NA
"93","8786507",6.2622211912711,0.149084047583506,0.0222260532438812,NA
"94","8786508",6.27614100861541,0.264757543378412,0.070096556775772,NA
"95","8786524",6.15133565114197,0.139849012003057,0.0195577461582313,NA
"96","8786525",6.26624590964351,0.145331132960075,0.0211211382074589,NA
"97","8786526",6.23016802106036,0.236337765689858,0.055855539491274,NA
"98","8786527",5.99995084143174,0.145765331781257,0.0212475319493,NA
"99","8786532",5.72602465596905,0.15171072308795,0.0230161434998686,NA
"100","8786579",6.40830187663249,0.150688499893977,0.022707024000297,NA
"101","8786581",6.36726896838929,0.151262564505317,0.0228803634207251,NA
"102","8786585",6.4778334369803,0.149574085432604,0.022372407033,NA
"103","8786591",6.44705170992183,0.142977976656588,0.0204427018088119,NA
"104","8786598",5.67040244098542,0.149093156673852,0.0222287693669738,NA
"105","8786605",6.17271111632026,0.148355492230838,0.0220093520750543,NA
"106","8786612",6.07249187730851,0.143277591617247,0.0205284682596386,NA
"107","8786625",5.99032799984791,0.14975443437724,0.0224263906156471,NA
"108","8786634",5.9956394844492,0.150436007222312,0.0226309922689915,NA
"109","8786635",6.06684095879139,0.262265056127295,0.0687829596654534,NA
"110","8786636",5.54515961592426,0.145008220578883,0.0210273840354538,NA
"111","8786638",5.48963264777185,0.145191505206989,0.021080573184271,NA
"112","8786639",5.68879526207861,0.148266887686102,0.0219830699841232,NA
"113","8786660",6.45253004405801,0.150196016224149,0.0225588432896047,NA
"114","8786674",6.30312046849327,0.144516172666926,0.0208849241622969,NA
"115","8786676",6.52883613458316,0.14164357654849,0.0200629027774481,NA
"116","8786677",6.57243191472566,0.224135768435335,0.0502368426920979,NA
"117","8786679",6.51177084914186,0.141761099573509,0.0200962093522904,NA
"118","8786680",6.49074635034881,0.229202897578125,0.0525339682582085,NA
"119","8786681",6.50517081278903,0.143078048232451,0.0204713278860075,NA
"120","8786683",6.40512917604133,0.141411401948041,0.0199971846009104,NA
"121","8786686",6.29501731118788,0.149943764803209,0.02248313260336,NA
"122","8786688",6.42963787248684,0.150494165666302,0.0226484938995964,NA
"123","8786689",6.39789348697238,0.148988386490885,0.0221975393091574,NA
"124","8786694",6.52942788627544,0.142971767298018,0.0204409262443186,NA
"125","8786695",6.28398408508181,0.143272286859251,0.0205269481818794,NA
"126","8786697",6.17711268398257,0.148627399190557,0.0220901037901492,NA
"127","8786698",6.30950631976038,0.255900818219706,0.0654852287655149,NA
"128","8786699",6.62807751217732,0.145066746959642,0.0210443610734529,NA
"129","8786700",6.39136650671262,0.143160279703913,0.0204948656849027,NA
"130","8786701",6.43132048517786,0.142879291484719,0.0204144919351754,NA
"131","8786704",6.57245329087512,0.127938513352363,0.0163682631988129,NA
"132","8786706",6.4271449553585,0.128352099646386,0.0164742614836359,NA
"133","8786707",6.57453321483286,0.128293616140465,0.016459251942397,NA
"134","8786709",6.31842302330524,0.136746127283863,0.0186995033271346,NA
"135","8786711",6.42280853321703,0.201285086099288,0.0405156858859976,NA
"136","8786713",6.45390663675963,0.130292118721114,0.0169760362008368,NA
"137","8786715",6.46499737688888,0.187496338754601,0.03515487704638,NA
"138","8786726",6.0889976989569,0.151494081462044,0.0229504567180284,NA
"139","8786729",6.31130622931996,0.151934211336714,0.0230840045745094,NA
"140","8786739",6.45280257720219,0.135685529676301,0.0184105629635383,NA
"141","8786759",6.47847541538908,0.258573531053777,0.0668602709616184,NA
"142","8786763",6.34630663236685,0.153280905596723,0.0234950360205516,NA
"143","8786764",6.18845754783266,0.261981488037631,0.0686343000744116,NA
"144","8786770",5.85277943247033,0.155785902910438,0.0242692475456206,NA
"145","8786785",6.65948139450225,0.144882343416386,0.0209908934338236,NA
"146","8786787",6.48734691535286,0.137411102035339,0.0188818109625664,NA
"147","8786792",6.55729144421039,0.141267463662496,0.0199564962896346,NA
"148","8786793",6.45286603463142,0.14758646309759,0.0217817640896563,NA
"149","8786794",6.68112187682068,0.143695565193926,0.0206484154564018,NA
"150","8786796",6.78029122599597,0.140622671797952,0.0197747358235945,NA
"151","8786798",6.45373135253402,0.14662618271623,0.0214992374579332,NA
"152","8786799",6.46263776435899,0.146126021719938,0.0213528142236959,NA
"153","8786800",6.26133799289538,0.281380622411055,0.0791750546684329,NA
"154","8786803",6.12153826211893,0.154601484919667,0.0239016191393659,NA
"155","8786819",6.17352100482852,0.228568630298665,0.0522436187566077,NA
"156","8786820",6.13693339154219,0.147349483744858,0.0217118703598762,NA
"157","8786825",6.19905381975181,0.1475936289566,0.0217838793085784,NA
"158","8786839",6.00458040484757,0.156582419793591,0.0245180541884163,NA
"159","8786843",6.10551023932669,0.274087837465299,0.0751241426464043,NA
"160","8786861",6.00494117390055,0.289533915370461,0.0838298881497492,NA
"161","8786868",6.17697622512013,0.153645292310154,0.0236068758490726,NA
"162","8786870",5.78087334327996,0.154300459562421,0.0238086318211745,NA
"163","8786873",6.04002081231061,0.152882117950656,0.0233729419890783,NA
"164","8786911",6.37335061451338,0.150681607587779,0.0227049468652373,NA
"165","8786963",6.24788395828406,0.141780135291679,0.0201016067633269,NA
"166","8786966",6.58184750395928,0.232404135368163,0.0540116821362234,NA
"167","8786967",6.77459659664078,0.145078241034715,0.0210476960217268,NA
"168","8786968",6.12901117065235,0.142609374938905,0.0203374338204651,NA
"169","8786976",6.33305034641473,0.285148509510133,0.0813096724758503,NA
"170","8786978",6.20487406282822,0.146388036943198,0.0214294573600832,NA
"171","8786980",6.36235855607691,0.149049388607909,0.0222157202443914,NA
"172","8786998",6.33565817754177,0.139919871887949,0.01957757054914,NA
"173","8787000",6.48800242478397,0.138801447539529,0.0192658418390687,NA
"174","8787002",6.17720834188043,0.149108967898118,0.0222334843076419,NA
"175","8787004",6.00113212565425,0.263135173189554,0.0692401193694968,NA
"176","8787008",6.79046658708564,0.145674658298135,0.0212211060702784,NA
"177","8787017",6.19529014769566,0.145169648556024,0.0210742268618795,NA
"178","8787023",6.28236182703481,0.147763611790339,0.0218340849693259,NA
"179","8787027",6.0649581316264,0.290921996307271,0.084635607935408,NA
"180","8787038",6.30597512532742,0.14639736306768,0.0214321879131701,NA
"181","8787042",6.70434242105146,0.148163529380032,0.0219524314383477,NA
"182","8787043",6.73786497281186,0.152284962811345,0.0231907098984526,NA
"183","8787050",6.42952804497028,0.150590925507806,0.0226776268452975,NA
"184","8787052",6.50969317926701,0.147441598061141,0.0217390248388231,NA
"185","8787059",6.17679536270782,0.150761794879349,0.0227291187952428,NA
"186","8787084",6.05189173252715,0.151191359824123,0.0228588272854675,NA
"187","8787091",6.5877961518283,0.153210599494742,0.0234734877975381,NA
"188","8787099",6.487944530323,0.247393521991959,0.061203554723586,NA
"189","8787107",6.21813491083576,0.143408870736169,0.0205661042058232,NA
"190","8787111",6.07579087080452,0.14289695798975,0.0204195406027244,NA
"191","8787121",6.17249970178795,0.143692428364177,0.020647513969194,NA
"192","8787127",6.56757416869606,0.151837466172163,0.0230546161335828,NA
"193","8787131",6.48939509115958,0.154006387744944,0.0237179674662459,NA
"194","8787150",6.75692617011099,0.14748784015767,0.0217526629943745,NA
"195","8787153",6.74676522337954,0.222852625497361,0.0496632926910668,NA
"196","8787155",6.56818130510385,0.142741378443711,0.0203751011200107,NA
"197","8787156",6.56648396103667,0.243940401582325,0.0595069195241459,NA
"198","8787160",6.65708562489736,0.142171948983988,0.0202128630779058,NA
"199","8787161",6.44615248789968,0.146157219910169,0.0213619329318696,NA
"200","8787164",6.6220135347471,0.212262425926499,0.0450553374602023,NA
"201","8787176",5.96868814295584,0.15038888982967,0.0226168181842008,NA
"202","8787179",6.07019614226949,0.144158266930748,0.0207816059244769,NA
"203","8787182",6.33459128383329,0.144197341700027,0.0207928733533544,NA
"204","8787187",6.10251776909213,0.149562934936801,0.0223690715069099,NA
"205","8787193",6.02240380434793,0.15057937782098,0.0226741490249534,NA
"206","8787196",6.26903526030688,0.154379197762564,0.0238329367018128,NA
"207","8787197",6.03147681731316,0.257922467552844,0.066523999268548,NA
"208","8787204",6.36360663532296,0.153703604110429,0.0236247979165356,NA
"209","8787221",6.13955879187672,0.264785040557722,0.0701111177031543,NA
"210","8787223",6.14025846955389,0.264552845466369,0.0699882080443526,NA
"211","8787224",6.03606671899193,0.270036773647336,0.0729198591218627,NA
"212","8787229",6.28165980832324,0.15636752904218,0.024450804138757,NA
"213","8787235",6.95738875246828,0.144282672877428,0.020817489692655,NA
"214","8787281",6.47227266682354,0.144272662663973,0.0208146011921526,NA
"215","8787303",6.6278752430651,0.151571229079597,0.0229738374846998,NA
"216","8787305",6.23159088645908,0.152091687674808,0.0231318814597713,NA
"217","8787309",6.18187683564288,0.267303141794391,0.071450969613152,NA
"218","8787332",6.36148761956821,0.236935450102533,0.0561384075152897,NA
"219","8787337",6.35918178714641,0.153275861297033,0.0234934896563473,NA
"220","8787344",6.44013183480416,0.152208312121543,0.0231673702788891,NA
"221","8787345",6.28011227504369,0.250100678385837,0.062550349329056,NA
"222","8787380",6.40180547366186,0.151968143413027,0.0230943166124022,NA
"223","8787385",6.12615083279509,0.275045587020098,0.0756500749392302,NA
"224","8787393",5.99456023787656,0.284677109751376,0.081041056816397,NA
"225","8787407",6.23492741355921,0.146903423101013,0.0215806157187952,NA
"226","8787414",5.8207796354107,0.145200251917968,0.0210831131570414,NA
"227","8787415",6.04375236649925,0.146126753376106,0.0213530280522412,NA
"228","8787421",6.31624776815314,0.142738740647526,0.0203743480816418,NA
"229","8787423",6.06254253051019,0.267781603943124,0.0717069874103519,NA
"230","8787424",6.33647549587907,0.143056830615767,0.0204652567858282,NA
"231","8787425",6.31527754301063,0.153775374449679,0.0236468657871391,NA
"232","8787438",6.00869407114449,0.282265581066103,0.0796738582545849,NA
"233","8787441",6.26075261238828,0.152733542896186,0.023327535125621,NA
"234","8787453",6.08205187450302,0.153109270100957,0.0234424485908477,NA
"235","8787467",6.06531461617821,0.144287823983043,0.0208189761497617,NA
"236","8787471",6.18104786138155,0.146670209404682,0.0215121503268134,NA
"237","8787472",6.26073121644539,0.151388602350886,0.0229185089217547,NA
"238","8787473",6.53528324870663,0.149547961800863,0.0223645928787925,NA
"239","8787481",6.29862282233531,0.15299695660134,0.0234080687292724,NA
"240","8787495",5.73178274188025,0.282068945953732,0.0795628902714495,NA
"241","8787521",6.55682749706472,0.150450304340996,0.0226352940762983,NA
"242","8787526",6.19713008956281,0.244508575630337,0.0597844435567761,NA
"243","8787530",6.1937045136044,0.14097808901984,0.0198748215836858,NA
"244","8787532",6.13775730141599,0.239630664508009,0.0574228553725498,NA
"245","8787534",6.28338624545915,0.142942098589706,0.0204324435492292,NA
"246","8787535",6.28657528568556,0.141734200104139,0.0200885834791602,NA
"247","8787536",6.16621059722378,0.140783382172475,0.0198199606959211,NA
"248","8787538",6.35894645670272,0.146034567230106,0.0213260948260842,NA
"249","8787539",6.17071264538789,0.217697972767781,0.0473924073472015,NA
"250","8787540",6.16320539899956,0.143263294135517,0.0205243714465598,NA
"251","8787541",6.19676625444831,0.234559907603912,0.0550183502551557,NA
"252","8787543",6.23160607421381,0.144946400788799,0.0210094591016272,NA
"253","8787547",6.08037076965533,0.14578248141133,0.0212525318864448,NA
"254","8787552",6.05855761533165,0.253465912070157,0.0642449685815567,NA
"255","8787554",6.30393821087266,0.148024233167475,0.0219111736048189,NA
"256","8787557",6.04517844258548,0.285823486706406,0.081695065553007,NA
"257","8787568",5.81660227603627,0.151375467098158,0.0229145320391854,NA
"258","8787569",6.15988693807249,0.145569570762048,0.0211904999318469,NA
"259","8787570",6.36408249250866,0.145084321310273,0.0210494602900625,NA
"260","8787572",6.24675245417862,0.149983546139505,0.0224950641125809,NA
"261","8787573",6.32868993592366,0.14257214692891,0.0203268170799188,NA
"262","8787574",6.14844553119444,0.142727088211069,0.0203710217092103,NA
"263","8787578",6.02618526382432,0.146657533413606,0.0215084321069629,NA
"264","8787580",6.28082874447596,0.145091989372243,0.0210516853799951,NA
"265","8787582",6.07259532165459,0.248636661321362,0.0618201893530334,NA
"266","8787584",6.18698993875934,0.22483795774178,0.0505521072414946,NA
"267","8787590",6.0406852244457,0.144590206235325,0.0209063277391738,NA
"268","8787592",6.14246208648452,0.230290584234465,0.053033753187051,NA
"269","8787604",6.11891081943785,0.276594811516365,0.0765046897577736,NA
"270","8787618",6.45566161093928,0.150908458566737,0.0227733628669887,NA
"271","8787628",5.91571206057418,0.152142408328105,0.023147312411876,NA
"272","8787630",6.30443792742139,0.234313079060188,0.0549026190186658,NA
"273","8787658",6.08913680261296,0.270636817852982,0.0732442871775881,NA
"274","8787668",6.3067244099121,0.272632587286622,0.0743285276505975,NA
"275","8787670",6.42601241218789,0.150857351310981,0.0227579404445648,NA
"276","8787676",6.25968148921462,0.15550395205721,0.0241814791054111,NA
"277","8787690",6.38448691843834,0.150546485351848,0.0226642442517941,NA
"278","8787692",5.80385736055749,0.283692374314764,0.0804813632443482,NA
"279","8787702",5.86847850554414,0.150536087930613,0.0226611137694534,NA
"280","8787707",6.11559066338459,0.288187607894725,0.0830520973440836,NA
"281","8787759",5.35937454711782,0.157358582108384,0.0247617233631609,NA
