"","Components","Standard_error"
"genetic_variance_1_B5I",0.0854561460654819,NA
"genetic_variance_2_B5I",0.0184534111603295,NA
"total_genetic_variance_B5I",0.103909557225811,NA
"residual_variance_B5I",0.0482779571140484,NA
"heritability_B5I",0.682773206964694,NA
"genetic_variance_1_B2IR",0.0560658366320028,NA
"genetic_variance_2_B2IR",0.0322116778344069,NA
"total_genetic_variance_B2IR",0.0882775144664098,NA
"residual_variance_B2IR",0.150993255624676,NA
"heritability_B2IR",0.368943997767902,NA
"genetic_variance_1_F5I",0.110297482698485,NA
"genetic_variance_2_F5I",0.00980429198198835,NA
"total_genetic_variance_F5I",0.120101774680473,NA
"residual_variance_F5I",0.161800651948011,NA
"heritability_F5I",0.426040230007505,NA
