"NAME","Predicted_value","Standard_error","PEV","lower_bound","upper_bound","Uncertainty","Uncertainty_remarks","Reliability","Reliability_remarks","Reliability_percentage"
NA,87.9743679288505,3.04155502739679,9.25105698468269,82.013029618156,93.9357062395449,11.9226766213889,"moderate",-1.56303989209967,"Unreliable",0
NA,87.9743679288505,3.04155502739724,9.25105698468542,82.0130296181552,93.9357062395458,11.9226766213907,"high",-1.56303989210043,"Unreliable",0
NA,91.8238349835542,2.70795566883729,7.33302390438803,86.516339400902,97.1313305662064,10.6149911653043,"moderate",-1.03164166297822,"Unreliable",0
NA,91.8238349835542,2.70795566883629,7.33302390438257,86.516339400904,97.1313305662044,10.6149911653004,"moderate",-1.03164166297671,"Unreliable",0
NA,91.1682915920796,4.3415024422036,18.8486434556598,82.6591031665678,99.6774800175913,17.0183768510235,"high",-4.22208707273211,"Unreliable",0
NA,92.1189560409468,1.84537683882328,3.40541567726541,88.5020838989488,95.7358281829448,7.233744283996,"low",0.0565168667251228,"Unreliable",0
NA,92.3989389868015,3.11455012164031,9.70042246020967,86.2945329203416,98.5033450532613,12.2088121329197,"high",-1.68753827556169,"Unreliable",0
NA,89.5506007052155,2.85851104517688,8.17108539539822,83.9480220072589,95.1531794031722,11.2051573959133,"moderate",-1.26382972938492,"Unreliable",0
NA,89.0044911682551,2.42889364846839,5.89952435557007,84.243947094979,93.7650352415313,9.52108814655224,"moderate",-0.634485258579165,"Unreliable",0
NA,87.9873078954988,2.53036872062658,6.40276586232539,83.027876335464,92.9467394555336,9.91886312006957,"moderate",-0.773910197730429,"Unreliable",0
NA,87.2187046769737,3.12099303922282,9.74059755087728,81.1016707240968,93.3357386298506,12.2340679057538,"high",-1.69866893449291,"Unreliable",0
NA,92.1189560409467,1.84537683882525,3.40541567727269,88.5020838989449,95.7358281829486,7.23374428400373,"low",0.0565168667231071,"Unreliable",0
NA,92.1189560409467,1.84537683882476,3.40541567727087,88.5020838989458,95.7358281829476,7.2337442840018,"low",0.0565168667236109,"Unreliable",0
NA,92.1189560409467,1.84537683882427,3.40541567726905,88.5020838989468,95.7358281829467,7.23374428399987,"low",0.0565168667241148,"Unreliable",0
NA,92.1189560409467,1.84537683882476,3.40541567727087,88.5020838989458,95.7358281829476,7.2337442840018,"low",0.0565168667236109,"Unreliable",0
NA,92.1189560409467,1.84537683882624,3.40541567727632,88.5020838989429,95.7358281829505,7.2337442840076,"low",0.0565168667220989,"Unreliable",0
NA,89.2325237419225,3.62075089820978,13.1098370668869,82.1359823844402,96.3290650994047,14.1930827149644,"high",-2.6321293271669,"Unreliable",0
NA,90.5611387087418,3.96291538859366,15.7046983771525,82.7939672733186,98.3283101441649,15.5343428708462,"high",-3.35104534548658,"Unreliable",0
NA,93.0084549275634,4.2393150340512,17.9717919579325,84.6995501417039,101.317359713423,16.6178095717191,"high",-3.97915209007622,"Unreliable",0
NA,93.1694957398663,3.33463429116199,11.1197858557935,86.6337326275765,99.705258852156,13.0715262245795,"high",-2.08077820590593,"Unreliable",0
NA,93.6316823360818,4.03366320471041,16.2704388490347,85.7258477290849,101.537516943079,15.8116692139936,"high",-3.50778585637202,"Unreliable",0
NA,92.6488980756339,3.79266474867462,14.3843058958391,85.215411762797,100.082384388471,14.8669726256738,"high",-2.98522567661653,"Unreliable",0
NA,89.0044911682552,2.42889364846708,5.8995243555637,84.2439470949817,93.7650352415288,9.5210881465471,"moderate",-0.634485258577402,"Unreliable",0
NA,89.6975524757136,2.51236556587868,6.3119807366129,84.7734064505928,94.6216985008344,9.84829205024161,"moderate",-0.748757839551716,"Unreliable",0
NA,89.7043710539527,3.25000539494501,10.5625350671717,83.3344775302996,96.0742645776058,12.7397870473062,"high",-1.92638979347842,"Unreliable",0
NA,94.158116455585,2.62740221633821,6.90324240641894,89.0085027386614,99.3077301725087,10.2992274338472,"moderate",-0.912569093648573,"Unreliable",0
NA,89.2206896270281,2.16519751614858,4.68808028393596,84.9769804759613,93.4643987780949,8.48741830213359,"low",-0.298850153554206,"Unreliable",0
NA,93.0566698386711,2.73399535369626,7.47473059403274,87.6981374115266,98.4152022658157,10.717064854289,"moderate",-1.07090203064627,"Unreliable",0
NA,89.2044495603114,2.24083115088654,5.02132424678348,84.8125012091383,93.5963979114844,8.78389670234611,"low",-0.391176638191989,"Unreliable",0
NA,91.524594099423,2.2061094743145,4.86691901266022,87.200698983814,95.848489215032,8.64779023121804,"low",-0.348398091344623,"Unreliable",0
NA,89.1619687998714,2.4357193981386,5.93272898646865,84.3880465030742,93.9358910966686,9.54784459359445,"moderate",-0.643684725595358,"Unreliable",0
NA,92.5523463013809,2.03192967892119,4.12873822008078,88.5698373115773,96.5348552911845,7.96501797960715,"low",-0.143882345511958,"Unreliable",0
NA,92.1189560409467,1.84537683882476,3.40541567727087,88.5020838989458,95.7358281829476,7.2337442840018,"low",0.0565168667236109,"Unreliable",0
