"GID","Predicted_value","Standard_error","PEV","lower_bound","upper_bound","Uncertainty","Uncertainty_remarks","Reliability","Reliability_remarks","Reliability_percentage"
"8786066",6.25260556835268,0.149660317699548,0.0223982106939295,-0.181893308922955,0.146474035023366,0.328367343946321,"moderate",0.769323986334022,"Acceptable",60.4938271604938
"8786077",5.92353691020067,0.431140623613496,0.185882237329834,-1.06330918053644,-0.0885407308798243,0.974768449656619,"high",-0.914374951842936,"Unreliable",60.4938271604938
"8786086",6.22548255726003,0.13973706884348,0.0195264484089676,-0.211525046066294,0.090915054680167,0.302440100746461,"low",0.79889986117258,"Acceptable",60.4938271604938
"8786102",6.23847826610238,0.10789374856216,0.0116410609787945,-0.160309293161155,0.0687409556552749,0.22905024881643,"low",0.88011035443297,"Acceptable",60.4938271604938
"8786104",6.25052027140795,0.116081062490825,0.0134748130689988,-0.16654594053663,0.0943664825967305,0.260912423133361,"low",0.861224800225079,"Acceptable",60.4938271604938
"8786132",6.19240902776725,0.112092063915352,0.0125646307928034,-0.226764949800293,0.00221009926967745,0.22897504906997,"low",0.870598639146912,"Acceptable",60.4938271604938
"8786159",6.1140382727313,0.138145348935134,0.0190841374324098,-0.423467830506582,-0.105759137974043,0.317708692532539,"low",0.803455159551871,"Acceptable",60.4938271604938
"8786160",6.33638463604428,0.715503055875665,0.511944622967415,-0.890114015824125,0.465505352023725,1.35561936784785,"high",-4.27244548493606,"Unreliable",60.4938271604938
"8786165",5.69325006406652,0.464303318741993,0.215577571794829,-1.5112833073403,-0.447946399922283,1.06333690741802,"high",-1.22020301429256,"Unreliable",60.4938271604938
"8786179",5.71618318759308,0.442721167646319,0.19600203228212,-1.44694765458924,-0.429340466020604,1.01760718856863,"high",-1.01859729310983,"Unreliable",60.4938271604938
"8786193",6.28623252296426,0.450779851575744,0.20320247458665,-0.398756812764889,0.584150080090044,0.982906892854933,"high",-1.09275363310224,"Unreliable",60.4938271604938
"8786246",6.32188165954415,0.371171454620309,0.137768248724956,-0.349911095828541,0.472261608773777,0.822172704602318,"high",-0.418855767538113,"Unreliable",60.4938271604938
"8786251",5.83074158305065,0.449439536804555,0.201995897243093,-1.23260515230342,-0.257801878932458,0.974803273370959,"high",-1.08032726317498,"Unreliable",60.4938271604938
"8786275",6.52361217621909,0.15674327061803,0.0245684528840369,0.169532689689661,0.49581813125251,0.326285441562849,"low",0.746972968034182,"Acceptable",60.4938271604938
"8786276",5.79908974938307,0.542436971490126,0.294237868039379,-1.50134033002919,-0.377246096774672,1.12409423325452,"high",-2.03031431378112,"Unreliable",60.4938271604938
"8786281",6.52361217621909,0.15674327061803,0.0245684528840369,0.169532689689661,0.49581813125251,0.326285441562849,"low",0.746972968034182,"Acceptable",60.4938271604938
"8786286",6.10112384848385,0.66040055663711,0.436128895206604,-1.06360099838833,0.345774811907257,1.40937581029559,"high",-3.49162999516174,"Unreliable",60.4938271604938
"8786324",6.1252780436956,0.463781888487215,0.215093640088768,-0.656424598881742,0.303273004750434,0.959697603632176,"high",-1.21521906988887,"Unreliable",60.4938271604938
"8786337",6.35722995407546,0.143442194026399,0.0205756630271071,-0.0491125937868402,0.274032070907898,0.323144664694738,"low",0.788094147765389,"Acceptable",60.4938271604938
"8786340",6.2605257715793,0.28259478761962,0.0798598139897779,-0.332237525233528,0.293335158127308,0.625572683360836,"moderate",0.177535036391939,"Unreliable",60.4938271604938
"8786359",6.1721717153644,0.175550587869958,0.0308180089014878,-0.391693204637952,-0.00742718892933999,0.384266015708612,"moderate",0.6826096718322,"Acceptable",60.4938271604938
"8786367",6.34663287442978,0.136656681321406,0.0186750485497803,-0.0599783475712231,0.249531260543451,0.309509608114674,"low",0.807668308270292,"Acceptable",60.4938271604938
"8786377",6.03834944114597,0.345062027410082,0.119067802760356,-0.687925350729246,0.0268422890551819,0.714767639784428,"high",-0.226262511414354,"Unreliable",60.4938271604938
"8786389",6.38386187312903,0.114868350110989,0.0131947378572207,0.006070585801394,0.253077892571601,0.247007306770207,"low",0.864109255339037,"Acceptable",60.4938271604938
"8786406",6.43819459944001,0.219669607572199,0.0482547364909239,-0.0566403719439391,0.396502500095281,0.45314287203922,"moderate",0.503031273063015,"Acceptable",60.4938271604938
"8786441",6.0182383752072,0.316832847666957,0.100383053360753,-0.867257343488334,-0.200432008093628,0.666825335394705,"high",-0.0338309120001909,"Unreliable",60.4938271604938
"8786444",6.2026456246107,0.172616157984219,0.0297963379972328,-0.356870479562386,0.0367394355675802,0.393609915129966,"moderate",0.69313171641391,"Acceptable",60.4938271604938
"8786458",6.40214847490652,0.476955421168588,0.227486473782105,-0.290170666530982,0.730657452760626,1.02082811929161,"high",-1.34285111663889,"Unreliable",60.4938271604938
"8786487",6.41059325368227,0.164589811482119,0.0270898060437195,0.0171771826055456,0.356107849001406,0.33893066639586,"moderate",0.721005907367263,"Acceptable",60.4938271604938
"8786492",6.37165550187159,0.278174656181977,0.0773811393419611,-0.153620370987004,0.481219551900776,0.634839922887781,"moderate",0.203062557083056,"Unreliable",60.4938271604938
"8786493",6.41059325368227,0.164589811482119,0.0270898060437195,0.0171771826055456,0.356107849001406,0.33893066639586,"moderate",0.721005907367263,"Acceptable",60.4938271604938
"8786495",6.237993919142,0.456435450557004,0.208333320525176,-0.4941636269605,0.447198514505969,0.941362141466469,"high",-1.14559549194564,"Unreliable",60.4938271604938
"8786508",5.94537659343686,0.4153337449234,0.172502119672096,-0.995889287402846,-0.11744221935943,0.878447068043416,"high",-0.776575006756018,"Unreliable",60.4938271604938
"8786526",6.29640423684936,0.0912355409313522,0.00832392392903644,-0.0772628514051968,0.124866183603046,0.202129035008243,"low",0.914273081173874,"Reliable",60.4938271604938
"8786635",6.21027167678436,0.17082325685422,0.029180585082283,-0.335760544682146,0.0548920383495892,0.390652583031736,"moderate",0.699473268860433,"Acceptable",60.4938271604938
"8786677",6.40661502841023,0.155030562360402,0.0240344752657824,0.0394054039290608,0.388143728063158,0.348738324134098,"moderate",0.752472328230807,"Acceptable",60.4938271604938
"8786680",6.40661502841023,0.155030562360402,0.0240344752657824,0.0394054039290608,0.388143728063158,0.348738324134098,"moderate",0.752472328230807,"Acceptable",60.4938271604938
"8786698",6.40661502841023,0.155030562360402,0.0240344752657824,0.0394054039290608,0.388143728063158,0.348738324134098,"moderate",0.752472328230807,"Acceptable",60.4938271604938
"8786711",6.16873471703304,0.175458486883413,0.0307856806194167,-0.427254061193325,-0.0421022735175503,0.385151787675774,"moderate",0.682942616250785,"Acceptable",60.4938271604938
"8786715",6.16473381293291,0.201137873325433,0.0404564440858778,-0.458752357636852,-0.0113244131294434,0.447427944507409,"moderate",0.583344786940498,"Acceptable",60.4938271604938
"8786759",6.20219745697247,0.150264933978038,0.0225795503834241,-0.301663809054376,0.0450944055175955,0.346758214571972,"moderate",0.767456394441811,"Acceptable",60.4938271604938
"8786764",6.23861845253966,0.123255481651633,0.015191913757176,-0.168866529939929,0.0869182501256477,0.255784780065576,"low",0.843540622358174,"Acceptable",60.4938271604938
"8786800",6.11542170123873,0.123441242616629,0.0152377403787375,-0.369533534703747,-0.110454684641857,0.25907885006189,"low",0.843068660444518,"Acceptable",60.4938271604938
"8786819",6.38534256766902,0.299650179655756,0.0897902301677269,-0.236966392107874,0.433696992964067,0.67066338507194,"high",0.0752630804184974,"Unreliable",60.4938271604938
"8786843",6.25260556835268,0.149660317699548,0.0223982106939295,-0.181893308922955,0.146474035023366,0.328367343946321,"moderate",0.769323986334022,"Acceptable",60.4938271604938
"8786861",6.2026456246107,0.172616157984219,0.0297963379972328,-0.356870479562386,0.0367394355675802,0.393609915129966,"moderate",0.69313171641391,"Acceptable",60.4938271604938
"8786966",6.23131379316038,0.128969365146723,0.0166330971463487,-0.232840286086782,0.0402779683088502,0.273118254395632,"low",0.828698077847864,"Acceptable",60.4938271604938
"8786976",6.27346316170711,0.198068750019062,0.0392312297341136,-0.2697014566463,0.185530199187402,0.455231655833702,"moderate",0.595963096787361,"Acceptable",60.4938271604938
"8787004",6.18366734018028,0.185149483201714,0.0342803311298618,-0.378998263860399,0.047160516503972,0.426158780364371,"moderate",0.646951703408638,"Acceptable",60.4938271604938
"8787027",6.42443306198179,0.586900166728355,0.344451805705771,-0.386264785651866,0.90823553159036,1.29450031724223,"high",-2.54746057736611,"Unreliable",60.4938271604938
"8787099",6.2070114678257,0.166916040754152,0.0278609646610416,-0.345665886133443,0.0257611686485717,0.371427054782014,"moderate",0.713063853505067,"Acceptable",60.4938271604938
"8787153",6.41059325368227,0.164589811482119,0.0270898060437195,0.0171771826055456,0.356107849001406,0.33893066639586,"moderate",0.721005907367263,"Acceptable",60.4938271604938
"8787156",6.23339909010512,0.156929657929764,0.0246269175379526,-0.274888521399313,0.0854072466802977,0.360295768079611,"moderate",0.746370848807342,"Acceptable",60.4938271604938
"8787164",6.36151833537975,0.138490547547467,0.0191796317599971,-0.0343540965619871,0.275978699943846,0.310332796505833,"low",0.802471676937274,"Acceptable",60.4938271604938
"8787197",6.36528291835931,0.10652536581625,0.0113476535622859,-0.000923808120457288,0.221367769163326,0.222291577283784,"low",0.883132116043533,"Acceptable",60.4938271604938
"8787221",6.23938072813748,0.11586999951289,0.0134258567871172,-0.196880075311738,0.0677479068573049,0.264627982169043,"low",0.861728994069072,"Acceptable",60.4938271604938
"8787223",6.23938072813748,0.11586999951289,0.0134258567871172,-0.196880075311738,0.0677479068573049,0.264627982169043,"low",0.861728994069072,"Acceptable",60.4938271604938
"8787224",6.24672560557202,0.451741247511073,0.204070154702861,-0.47369664371496,0.458720187258002,0.932416830972962,"high",-1.10168974827144,"Unreliable",60.4938271604938
"8787309",6.44807066144254,0.651298038474186,0.424189134920322,-0.610553134662175,0.783949739533713,1.39450287419589,"high",-3.36866408754514,"Unreliable",60.4938271604938
"8787332",6.71259137037565,0.536316036184962,0.28763489066915,0.105585380941922,1.33201885446747,1.22643347352554,"high",-1.96231118090122,"Unreliable",60.4938271604938
"8787345",6.71259137037565,0.536316036184962,0.28763489066915,0.105585380941922,1.33201885446747,1.22643347352554,"high",-1.96231118090122,"Unreliable",60.4938271604938
"8787385",6.36025477918393,0.117071804378962,0.0137058073805459,-0.00777237209545003,0.237242024841517,0.245014396936967,"low",0.858845822381922,"Acceptable",60.4938271604938
"8787393",6.44983481582303,0.260310071250994,0.0677613331946975,-0.0161886461456766,0.576979084536133,0.59316773068181,"moderate",0.30213558414819,"Unreliable",60.4938271604938
"8787423",6.21190598668624,0.123934108711329,0.0153596633020714,-0.208820309621296,0.0493640488634999,0.258184358484795,"low",0.841812993448905,"Acceptable",60.4938271604938
"8787438",6.35442461314848,0.160342804778502,0.0257098150442369,-0.102003295058034,0.250216444865935,0.352219739923969,"moderate",0.73521824008462,"Acceptable",60.4938271604938
"8787495",6.52502831135191,0.153816984294312,0.0236596646573968,0.172067708339793,0.495332210513313,0.32326450217352,"low",0.756332449836215,"Acceptable",60.4938271604938
"8787526",6.23757580406729,0.112611143148537,0.0126812695612203,-0.181777007773087,0.0697340044532449,0.251511012226332,"low",0.869397392917694,"Acceptable",60.4938271604938
"8787532",6.32301469754945,0.558782965330953,0.312238402344052,-0.629226438884837,0.560935596990377,1.19016203587521,"high",-2.21569927841069,"Unreliable",60.4938271604938
"8787539",6.24610431827604,0.106802626358694,0.0114068009971148,-0.141330176621389,0.079208324271344,0.220538500892733,"low",0.882522964952344,"Acceptable",60.4938271604938
"8787541",6.41835393910499,0.102573687838609,0.0105213614368125,0.0776771651036761,0.309793580444943,0.232116415341267,"low",0.891641982132054,"Acceptable",60.4938271604938
"8787552",6.41036666897089,0.130516396527683,0.0170345297625714,0.0410263122350957,0.343828171018864,0.302801858783768,"low",0.824563779937591,"Acceptable",60.4938271604938
"8787557",6.16885915182279,0.597758707112233,0.357315471928488,-0.778496299045987,0.445968446786488,1.22446474583247,"high",-2.67994166194625,"Unreliable",60.4938271604938
"8787582",6.61590246109458,0.50827861570056,0.258347151178477,-0.0215646234984345,1.12059536511863,1.14215998861706,"high",-1.66068088161901,"Unreliable",60.4938271604938
"8787584",6.62904856164652,0.542116941871852,0.293890778664489,-0.0340877243153926,1.18567300147321,1.2197607257886,"high",-2.02673968925064,"Unreliable",60.4938271604938
"8787592",6.41432188679334,0.122782980418508,0.0150756602804516,0.0455332914745074,0.322596674920576,0.277063383446068,"low",0.84473790052258,"Acceptable",60.4938271604938
"8787604",6.60247628223038,0.539853063099629,0.291441329738052,-0.0777685018083423,1.12800638755714,1.20577488936548,"high",-2.00151316014302,"Unreliable",60.4938271604938
"8787630",6.14391416867842,0.310326490924165,0.0963025309693057,-0.508478529380531,0.137677320072709,0.64615584945324,"high",0.00819381273324049,"Unreliable",60.4938271604938
"8787658",6.46585563831383,0.242399168177247,0.0587573567330211,-0.0113551661835426,0.54638899025619,0.557744156439733,"moderate",0.39486626811683,"Unreliable",60.4938271604938
"8787668",6.19905616733132,0.170370128887031,0.0290259808169834,-0.376380230637598,-0.021302663282304,0.355077567355293,"moderate",0.701065516388702,"Acceptable",60.4938271604938
"8787692",6.2026456246107,0.172616157984219,0.0297963379972328,-0.356870479562386,0.0367394355675802,0.393609915129966,"moderate",0.69313171641391,"Acceptable",60.4938271604938
"8787707",6.2986659852316,0.464126080307088,0.215413018421221,-0.405403779485736,0.580088935755718,0.985492715241454,"high",-1.21850830230071,"Unreliable",60.4938271604938
