"X_variables","Coeff"
"M9",0.132159476781575
"M12",0.0365732998085713
"M17",-0.193451994618248
"M19",0.0884367657335753
"M21",-0.0638266639452202
"M22",0.00970872762928221
"M25",-0.0806511960164216
"M30",-0.0810430348033988
"M38",0.03158374872898
"M41",-0.247061142810947
"M43",-0.276957103415684
"M57",-0.114456047099915
"M84",-0.0902122257863482
"M100",0.069548546039011
"M115",-0.118739506577534
"M117",0.0166623951351049
"M148",0.172592547118735
"M149",0.285204591250167
"M152",-0.154132584580851
"M168",-0.0903574201810847
"M170",-0.096030214800424
"M180",0.124914700911677
"M187",-0.0573741109981523
"M188",-0.11213667575187
"M190",0.0397865100024902
"M201",-0.0225504844915713
"M202",0.0893587582007466
"M215",0.1116829625659
"M236",-0.411704388033669
"M246",0.120976698792654
"M250",-0.0636743271823162
"M252",0.101128733364868
"M261",0.044216046039517
"M278",-0.235463312955912
"M282",0.24095693294246
"M297",-0.26747226281939
"M303",-0.324522380315308
"M305",-0.115640569698727
"M306",-0.0835459800452256
"M312",0.158156460963542
"M340",-0.0641222190154008
"M348",-0.299882788050365
"M354",-0.0664162563359152
"M357",-0.274211146321267
"M370",0.142638823600949
"M378",0.160176981947948
"M386",0.0113456120117747
"M397",-0.166729648211373
"M417",-0.018855146576326
"M422",0.111758909530364
"M427",-0.164499370366608
"M437",-0.0835002935738322
"M448",0.116660177661177
"M454",0.135701031777078
"M467",-0.275559474763446
"M505",-0.0951396289126547
"M642",-0.0592197068052343
"M643",-0.241988250065203
"M707",-0.282988578937277
"M738",0.126030403824668
"M761",0.114245496429475
"M800",-0.237392729202003
"M848",0.0185447372056711
"M858",0.114783678489831
"M860",-0.195945040691756
"M938",0.341553681404262
"M954",0.164902893996283
"M960",0.24813092122457
"M967",0.136680109581999
"M969",0.158765950889105
"M971",0.0905283856540046
"M983",-0.0780270790441198
"M992",0.0654402317458601
"M1002",-0.124414877195817
"M1004",0.147488177893502
"M1006",0.201970416855062
"M1008",0.285636424236925
"M1023",-0.124493335277332
"M1025",0.155066636777836
"M1037",0.119823883491502
"M1044",-0.141327996902461
"M1054",0.167352186524588
"M1073",0.132746449417617
"M1087",-0.0709050012727336
"M1095",-0.0112506311554176
"M1096",-0.017087764449029
"M1100",-0.0525679968696481
"M1104",0.253496603113587
"M1111",0.0632403283455221
"M1142",-0.0667199469519367
"M1172",-0.0520436198329579
"M1220",-0.464137709985335
"M1233",0.245844165454198
"M1236",0.123978949416611
"M1238",0.239449712159957
"M1239",-0.342122323079496
"M1240",-0.0481971199995322
"M1247",-0.182875241708679
"M1266",-0.0268335475184004
"M1281",0.106718223509377
"M1283",-0.216704244235398
"M1347",0.0677784733275659
"M1353",0.11294315979606
"M1370",0.148264720646746
"M1372",-0.0832186929627136
"M1376",0.0790055225798126
"M1393",-0.230512314922661
"M1403",-0.551310078427727
"M1410",0.0311892177382119
"M1412",-0.0775347669514198
"M1414",-0.125833811098105
"M1419",0.19074255866403
"M1426",0.0441733693307495
"M1452",0.100950656808805
"M1456",0.247754508840884
"M1496",-0.0564628825674006
"M1501",0.0596463357787307
"M1502",0.136328737505726
"M1524",0.182335501858561
"M1571",-0.0385254178477415
"M1572",-0.102363412991454
"M1574",-0.0391303396109109
"M1575",0.00620584104055848
"M1579",0.0478651998588355
"M1583",-0.19509936815441
"M1608",0.0474472184760069
"M1609",-0.0783059823740151
"M1620",0.00171151278666342
"M1644",-0.074737285222948
"M1662",-0.0731327995403153
"M1670",-0.050704300580704
"M1671",-0.113302012927782
"M1674",-0.081798276206598
"M1698",0.0534702040056056
"M1707",0.0720240850568615
"M1744",0.0919166293752411
"M1766",-0.0463604711653667
"M1787",-0.0262225966962934
"M1789",-0.0511915421164508
"M1795",0.0886221430217175
"M1800",-0.000297744268048221
"M1803",0.158121508222903
"M1810",-0.184991331426986
"M1811",-0.0502062554145636
"M1835",0.322455812056966
"M1839",0.161588020041297
"M1844",0.0881032216441825
"M1852",0.0437745222301472
"M1854",0.0202233041148153
"M1859",0.0414530597460611
"M1860",0.126327114116693
"M1870",0.130611825446634
"M1873",0.18513184880559
"M1888",-0.0357462848356494
"M1894",0.178101511398445
"M1904",-0.0655570672162824
"M1905",0.0258609263353061
"M1906",-0.0101014770041274
"M1911",-0.116609043814506
"M1920",0.105408818145774
"M1933",-0.019348128103912
"M1939",-0.173422985917964
"M1941",0.0372921074260393
"M1945",0.0177715367205124
"M1950",-0.0565767921789029
"M1953",-0.00561430359509212
"M1955",-0.0925199800245938
"M1961",0.0505685783287349
"M1963",0.067146794860401
"M1972",0.040183944623773
"M1976",0.103073485689418
"M2005",-0.0374427389692202
"M2008",-0.0551742466164357
"M2017",-0.0378246238857416
"M2033",-0.225159349074125
"M2035",0.123355260121596
"M2046",0.0274213228408084
"M2057",-0.0615031815569249
"M2078",0.154571513957129
"M2080",0.034283874993081
"M2086",-0.146885157520544
"M2088",-0.00880183627548209
"M2089",-0.0852995978273736
"M2119",0.00546983325502863
"M2142",0.0432195393225078
"M2166",0.537799692469609
"M2218",-0.0197400894560812
"M2231",0.027182008759369
"M2272",-0.258948136747566
"M2282",0.12788893316144
"M2285",-0.133282892151788
"M2287",-0.0570790746369388
"M2299",-0.0172198181826418
"M2304",0.0587866069104508
"M2305",-0.0915350400677047
"M2329",-0.344191203953666
"M2345",-0.0325053081014988
"M2351",0.189985993708768
"M2361",-0.189376134063313
"M2390",0.295804276273654
"M2432",-0.169939220368897
"M2433",-0.478339206588841
"M2434",-0.0870935319023676
"M2435",-0.254654827081931
"M2442",-0.477801976474644
"M2446",0.14610291214143
"M2449",0.233023672394324
"M2458",0.338734055487394
"M2461",-0.10499020476116
"M2471",-0.0794228841864119
"M2476",-0.0355550162668233
"M2477",0.00907733922475336
"M2481",-0.129201509966848
"M2490",0.0103726506360278
"M2523",-0.311295072450442
"M2527",0.0856074221776116
"M2532",-0.207119962198142
"M2537",-0.0976651218473327
"M2541",-0.0648718129445234
"M2547",0.167800469581466
"M2549",-0.272471077920013
"M2591",-0.0562248720435359
"M2602",-0.144522509714212
"M2604",-0.0210191013920763
"M2612",-0.101694657728438
"M2616",-0.0787823767017852
"M2618",-0.0388692808320994
"M2621",-0.0557172550813885
"M2631",-0.015930174999361
"M2632",-0.152863670574436
"M2653",-0.038611294746912
"M2658",0.0361892318556124
"M2684",0.00276486423606541
"M2694",0.0152328589725668
"M2700",-0.0453620410857246
"M2703",-0.0773262823252948
"M2707",0.072794267936531
"M2710",0.131635513952445
"M2715",0.00027849461747797
"M2716",0.161561959313933
"M2719",-0.0440301865280784
"M2722",-0.353607059658086
"M2723",-0.0159875325565688
"M2737",0.0729923160009758
"M2778",0.0568268997102596
"M2781",-0.196368500443075
"M2785",-0.187064575522131
"M2786",-0.0220717364708954
"M2794",-0.535863062050285
"M2796",-0.217937155918958
"M2811",0.351124664876674
"M2815",-0.0723573744867498
"M2818",0.0823143737925609
"M2827",-0.0531114961891448
"M2830",-0.236258511230557
"M2832",0.0402258812688151
"M2834",-0.297270391337056
"M2836",-0.174615361802353
"M2837",0.0415033776181959
"M2838",0.248138952347598
"M2839",-0.144154253622344
"M2841",0.0732472996520071
"M2842",-0.202393377494444
"M2849",-0.1920088683402
"M2850",-0.106725897186659
"M2853",-0.27903362450712
"M2854",-0.107115246764522
"M2856",0.0625737839157526
"M2858",-0.0836380609600992
"M2879",9.43375928870035e-05
"M2880",-0.211802220502018
"M2881",-0.182070145305813
"M2884",0.00686553033185242
"M2896",-0.244939500447521
"M2908",-0.0325957134363748
"M2909",-0.000739811054044177
"M2914",-0.0750882800204956
"M2919",-0.0553529772894235
"M2920",0.035971514901656
"M2925",-0.127105227388404
"M2926",-0.00523158408621099
"M2929",0.170885022529227
"M2930",0.171903435354462
"M2931",0.564868106113696
"M2936",0.12682887883522
"M2946",-0.268885845718321
"M2951",-0.109959979968044
"M2955",0.00578589838941829
"M2971",-0.176521635026625
"M2985",-0.125418092788609
"M2989",0.043872783982984
"M2997",-0.0769735810359534
"M3001",-0.0761677439965913
"M3005",-0.247956996479992
"M3019",0.396703794351529
"M3021",-0.105594209252497
"M3024",0.201341658237348
"M3028",0.218398299150357
"M3074",-0.0545714980380019
"M3091",0.0011146063329579
"M3095",-0.0305916082341596
"M3117",-0.020166385125035
"M3118",0.0368695097710614
"M3124",0.144917707283826
"M3127",-0.013537712720934
"M3129",0.0139979312190047
"M3132",-0.045347411645995
"M3141",-0.2272602729326
"M3144",-0.318204392056183
"M3152",-0.0157524888660662
"M3154",-0.329233041342054
"M3157",-0.093045159129799
"M3159",-0.0896326123206619
"M3168",0.162636631485952
"M3170",-0.0345025074206952
"M3180",-0.0646361452379933
"M3182",-0.203201569060161
"M3186",0.00919309076422735
"M3187",-0.0326477378521395
"M3190",-0.0449167643432597
"M3205",-0.330398481257155
"M3206",-0.0954600012805862
"M3217",-0.00807651801012941
"M3222",0.209983518567788
"M3229",0.162711749172187
"M3230",0.0581761099365477
"M3240",-0.00910344314876417
"M3249",0.333586073118031
"M3263",-0.321796505838474
"M3265",-0.126403596336592
"M3268",-0.303355934017742
"M3272",-0.266699342332011
"M3274",-0.0882388225586038
"M3275",-0.291607712283226
"M3276",-0.0995057867019787
"M3281",-0.169401345323325
"M3283",0.0905711741794955
"M3296",-0.14516734722126
"M3306",0.110116375503712
"M3310",-0.0673407318815752
"M3311",-0.0231780468005971
"M3314",-0.0121320620253835
"M3323",-0.040723114446581
"M3324",0.105562114727445
"M3333",-0.0703846391987057
"M3344",0.151689136845419
"M3349",-0.168615612849246
"M3352",-0.0478272977357541
"M3359",-0.160852249346748
"M3361",-0.0755598349180558
"M3375",-0.0493838708432968
"M3376",-0.102182865272871
"M3378",0.132029896332777
"M3380",-0.0212635578466976
"M3395",0.0970644861990531
"M3406",0.0780689770052973
"M3412",0.0206761247390676
"M3414",-0.134640169004013
"M3424",-0.0717267242685616
"M3427",-0.0597982873366294
"M3428",-0.00780624672459362
"M3431",-0.041934652800518
"M3442",0.041288492798282
"M3462",-0.928019070173939
"M3463",0.064186519694323
"M3465",0.0767675482610331
"M3475",0.105783220503613
"M3527",-0.173702489702941
"M3531",0.0687101640662101
"M3540",-0.408237559549057
"M3542",-0.127912416442815
"M3549",-0.203527895371714
"M3568",-0.237153563072523
"M3576",-0.271531703163977
"M3589",-0.583094217117091
"M3605",0.248941729311182
"M3606",-0.187639397356709
"M3607",-0.0724088378045983
"M3609",0.120121613686785
"M3639",-0.277312152698525
"M3645",-0.159533144095773
"M3662",-0.0854543319110231
"M3665",-0.186599867769141
"M3669",-0.118752027968047
"M3670",-0.0938206056966708
"M3678",0.016700911581723
"M3685",-0.0997201930802163
"M3686",-0.0134538301256403
"M3687",0.0396722753748399
"M3691",-0.00913150533153498
"M3704",-0.130060781151664
"M3711",0.0392460553503851
"M3747",-0.0429748804747951
"M3764",-0.161062827878926
"M3785",0.519411778263718
"M3816",-0.0741856039187007
"M3824",0.18427483697475
"M3827",-0.194725498940998
"M3840",-0.0293247019641084
"M3841",-0.0606994666492079
"M3852",-0.169604227378749
"M3854",0.240198435107458
"M3870",0.0184338837941975
"M3872",-0.0409416913614399
"M3875",0.390361814867219
"M3891",0.0164279509342773
"M3917",-0.10387708135741
"M3925",-0.00308226415592434
"M3933",-0.0410258716070825
"M3938",0.0215746298470789
"M3940",0.0444591972605225
"M3948",-0.0885815367332537
"M3951",-0.0343736983371231
"M3955",0.00950167053672017
"M3965",-0.109485000937319
"M3974",-0.0322729228099897
"M3990",-0.15328312302336
"M4006",-0.0432149271695188
"M4011",0.0855850580368806
"M4013",-0.118437847883594
"M4015",-0.0577271205891579
"M4031",0.070590327520517
"M4035",0.146217582608384
"M4036",0.0253235406403504
"M4054",0.106411603281335
"M4058",-0.113162411397975
"M4060",0.0280657076769765
"M4062",-0.0389173103161775
"M4063",-0.0603256052428365
"M4065",0.0529497647077477
"M4070",0.0799482919204068
"M4086",0.15716515828297
"M4090",0.135904011491038
"M4094",-0.203092325783421
"M4105",-0.0062967770383968
"M4113",-0.128030017888085
"M4118",-0.159025425276716
"M4120",0.098905701283446
"M4123",-0.0885927167800287
"M4128",-0.0195227001253556
"M4129",-0.00669973521009439
"M4135",0.0873673586447091
"M4144",-0.046984377124877
"M4150",-0.0485860371469382
"M4151",-0.182622034671741
"M4155",0.155088536022849
"M4162",-0.00725058586175684
"M4172",-0.0832782551523003
"M4173",-0.0303742725925138
"M4177",-0.142196226613368
"M4229",0.108141268731071
"M4262",-0.0541070510778492
"M4280",-0.0670879884591525
"M4284",0.094193561811597
"M4293",-0.0806988920951469
"M4297",0.0369245733990233
"M4305",-0.0491082324299735
"M4308",0.0198514500088284
"M4309",-0.352536740128745
"M4314",-0.137305554239706
"M4317",-0.0417798942230352
"M4318",-0.605575271476456
"M4329",-0.021523874384229
"M4334",0.388613917123477
"M4362",0.0109103395620502
"M4366",0.0730026774864076
"M4368",-0.160997177310708
"M4371",0.0868211891221202
"M4373",-0.195951318702959
"M4430",-0.0537379276054492
"M4446",0.0867189716160396
"M4472",0.053151805496342
"M4475",-0.149876382737615
"M4480",0.0760120991464504
"M4483",-0.143568567082356
"M4486",-0.157865873938747
"M4526",-0.142770256318793
"M4546",-0.0403861077611653
"M4548",-0.0387133269229417
"M4557",0.0472950277694163
"M4561",-0.159802888145389
"M4570",0.048388938582063
"M4573",-0.255002907653304
"M4585",-0.0484475299942107
"M4586",0.284648959814621
"M4591",0.128288888534152
"M4592",0.0556350263285885
"M4595",-0.346866424780246
"M4596",0.131017925582514
"M4603",-0.11028850495716
"M4607",0.176778309699674
"M4611",-0.106096223264617
"M4618",0.00307833700315481
"M4650",-0.261682178114737
"M4652",-0.0558308074308792
"M4659",0.0274101554430923
"M4660",0.165826696788627
"M4668",0.259763840598113
"M4672",-0.0315067536205939
"M4687",-0.00141518611188417
"M4703",-0.593516645094334
"M4705",0.0053497839974514
"M4707",0.132241875211079
"M4718",0.0917084870814808
"M4722",-0.00735598605361141
"M4725",-0.754433020645285
"M4747",0.054444749463866
"M4760",-0.0361722761571171
"M4762",-0.127592332904272
"M4765",0.0237014466274217
"M4773",-0.0136348388718003
"M4785",0.0434908032956074
"M4792",0.0738860753850744
"M4822",-0.0966392636413142
"M4912",-0.0624828285959516
"M4914",0.13464994401172
"M4919",0.0119355638901457
"M4920",0.086784745067697
"M4921",-0.122715030553152
"M4935",0.164360853665865
"M4948",0.169498319539242
"M4950",-0.0699205489012954
"M4951",0.0773677012401689
"M4966",-0.0818927296812492
"M4969",0.037803343253639
"M4973",0.0436680962196352
"M4985",0.017182736927259
"M5005",-0.0239468799228558
"M5006",0.164696409438109
"M5008",0.137103192249318
"M5009",-0.116626791259977
"M5013",0.04899658447615
"M5026",0.0868433868483175
"M5040",0.0727384556327147
"M5045",-0.000324263770405189
"M5046",-0.186055230615765
"M5049",0.106676286851571
"M5064",0.0384482775478704
"M5137",0.0149086309472448
"M5143",-0.202057259469275
"M5146",0.0187862352172662
"M5148",0.0334619602807839
"M5149",-0.10131091578332
"M5150",0.113358220799451
"M5160",0.102295845129311
"M5162",-0.0312032829057377
"M5163",-0.052761140340554
"M5174",-0.151778067353833
"M5178",-0.108387845279544
"M5221",0.0881163484029509
"M5238",-0.106930463179359
"M5256",-0.197264107181954
"M5260",-0.221741591192888
"M5263",0.227381156534317
"M5273",-0.307373957623248
"M5281",-1.04241221524421
"M5289",-0.949165092941423
"M5298",0.0597483380817442
"M5302",-0.23958247548264
"M5303",-0.0367343153005639
"M5307",-0.110938064671688
"M5308",-0.00592125527944314
"M5310",0.126393349947395
"M5313",0.0151609080606373
"M5320",-0.109764812240623
"M5322",0.10494144536137
"M5329",0.0225469405111336
"M5334",0.0692506590133767
"M5341",0.202426033178864
"M5351",0.0525322129105389
"M5357",-0.126025615682707
"M5359",-0.201601863701412
"M5367",0.111576951026455
"M5368",-0.0548173444666382
"M5369",0.0319345979894595
"M5376",0.183087497817374
"M5377",0.0138860306136188
"M5382",-0.0741405227879626
"M5383",0.0141614370047469
"M5385",-0.0174147137283221
"M5392",0.0403957319340212
"M5403",0.0317104437882478
"M5405",0.0506315611586843
"M5406",0.300763511026477
"M5410",-0.0429004613648417
"M5420",0.00208387750197925
"M5421",0.198176290102819
"M5422",-0.0331375673054399
"M5433",0.0385036445082159
"M5436",-0.0797503755395301
"M5437",0.000548231120199452
"M5441",0.00225992624421356
"M5460",0.064346341444432
"M5500",-0.135834027977047
"M5554",-0.0284010757143433
"M5555",0.103034273222105
"M5565",-0.0623727789204162
"M5569",-0.0776968278256822
"M5570",0.106726098512695
"M5571",-0.165575534906785
"M5575",0.150285557717959
"M5582",-0.036614337981008
"M5587",0.0462863611056988
"M5588",-0.062288899796842
"M5589",-0.0311651789025344
"M5592",0.0502237109438595
"M5597",0.0651565508452946
"M5612",0.0115590338369422
"M5613",0.11687255213268
"M5614",0.0591802566199102
"M5618",0.0683493925462132
"M5621",0.103236141198523
"M5622",0.0765938746214609
"M5624",-0.40486479281475
"M5627",0.0817208254306965
"M5628",-0.106958787317737
"M5634",0.956400328578268
"M5638",0.163119287988148
"M5649",-0.0476790927192331
"M5651",-0.0626779058311655
"M5659",0.00169561353804695
"M5672",-0.0941460756658751
"M5676",0.00337085243288877
"M5677",-0.10894735624454
"M5685",-0.307735304994832
"M5693",0.0385849851238668
"M5698",-0.0588807817626729
"M5703",0.172921228068598
"M5704",0.350493412905304
"M5705",-0.0520978311348146
"M5708",0.123158190766116
"M5719",0.185114289439986
"M5720",-0.161704224318135
"M5721",0.303560220818019
"M5724",-0.128881775717971
"M5727",-0.198202768281197
"M5732",-0.295537374541809
"M5741",-0.373290727327689
"M5745",0.161484078170578
"M5747",-0.104696056607496
"M5749",0.077413527547979
"M5751",0.106339723617069
"M5752",-0.0179421926197954
"M5753",-0.0139034620950617
"M5759",-0.263315006672572
"M5761",-0.349697519658314
"M5762",0.253466480970957
"M5763",0.486946325149811
"M5764",-0.188202184292693
"M5765",-0.128867210011975
"M5766",-0.122849560356456
"M5768",-0.353730292658817
"M5769",0.0759612157063172
"M5771",0.725019886759138
"M5776",-0.203917758272237
"M5779",-0.372348508418789
"M5782",0.193613797946299
"M5783",0.214251384691796
"M5785",-0.306551076874602
"M5786",0.0447085320444077
"M5787",-0.127174512262715
"M5788",-0.154687086883665
"M5789",0.837686784546392
"M5790",-0.330370325918505
"M5818",-0.140734480855086
"M5823",-0.0447101353800543
"M5872",-0.0796698315473558
"M5898",-0.217951094483502
"M5904",-0.0649510793109957
"M5907",-0.00869183101430194
"M5910",-0.0945251864224911
"M5911",-0.391118849751484
"M5914",0.0459798625413687
"M5925",-0.38084363709631
"M5926",-0.310367435208443
"M5928",-0.0825884712958276
"M5939",-0.079648775209604
"M5941",0.0412039631194769
"M5950",0.156839179929247
"M5979",0.127680840104862
"M5981",-0.0608976338834586
"M6003",-0.0776052959053373
"M6006",-0.390109500681161
"M6009",-0.00883630386669406
"M6016",-0.0769590066242498
"M6019",0.11814822558165
"M6025",-0.28793830005317
"M6099",-0.0882462126749314
"M6129",-0.149510551567452
"M6139",0.0178817345842654
"M6157",0.279667299189046
"M6196",-0.0315626877797862
"M6198",-0.0431713332809087
"M6208",0.180027447293877
"M6213",-0.547009261120658
"M6222",0.0916317030002193
"M6236",-0.0929629930998993
"M6254",0.0726130047294914
"M6266",0.0472223875798102
"M6272",0.0684599764748412
"M6282",0.0325880315070911
"M6288",-0.101713783310018
"M6294",0.0875490615109167
"M6306",0.00200504775009695
"M6310",0.136992343356351
"M6315",0.0828933423949292
"M6353",-0.58110169433298
"M6367",0.0510024906540502
"M6406",-0.103847126758523
"M6420",-0.0598707290053893
"M6424",-0.207806352219681
"M6431",0.0139484265992805
"M6438",0.253350514407336
"M6451",0.19663852310071
"M6453",-0.0609723815339468
"M6456",-0.0935828810419917
"M6463",0.148646529735536
"M6469",-0.278587689146141
"M6470",-0.0947821049506596
"M6473",-0.0029299436478412
"M6475",-0.140324600353824
"M6480",-0.100384001431902
"M6485",-0.0330974898555362
"M6490",-0.106624203179803
"M6511",-0.0063280985072457
"M6513",-0.0379134490269832
"M6530",0.0407848905102219
"M6534",-0.0112592221527375
"M6540",0.103870351800497
"M6544",-0.0924266256937778
"M6545",-0.130090826413066
"M6549",-0.284383423288135
"M6551",0.0254510013887915
"M6559",0.228302149574208
"M6561",0.170910812154461
"M6569",-0.155232587646433
"M6570",0.0323521560392032
"M6572",-0.148040544579518
"M6576",0.174590419696444
"M6577",0.032260586896115
"M6590",0.0450538681985356
"M6598",0.15303382103166
"M6599",-0.172503981339789
"M6600",0.0244144689970036
"M6601",0.0645277706414353
"M6602",-0.0838816964349182
"M6605",-0.0289932499070519
"M6606",0.143480765521805
"M6608",0.112019329779635
"M6609",-0.0648686249529811
"M6615",-0.108655144542595
"M6619",-0.0273495050364974
"M6621",0.0532776714628643
"M6626",-0.258297703782625
"M6627",-0.125732683374659
"M6628",0.052915204787384
"M6631",0.0372647801967909
"M6641",0.0039049130402924
"M6646",0.0273261528056908
"M6648",-0.146745696410027
"M6656",0.0104509955361971
"M6662",-0.150076239179363
"M6683",-0.078273387987663
"M6684",-0.224974717756467
"M6687",0.210979237705569
"M6688",-0.372671379747071
"M6694",-0.214637978468285
"M6695",-0.281971527247473
"M6698",0.0831473315033164
"M6704",-0.0711994461649203
"M6706",-0.110468741258145
"M6710",0.00632441954049023
"M6713",0.00910212784910598
"M6714",0.00215827453430009
"M6732",0.0659063265394776
"M6733",-0.169640760048963
"M6735",0.0535833038692104
"M6754",0.0238941006410966
"M6756",-0.0398674556173386
"M6758",0.113314447199383
"M6769",-0.0765821359858181
"M6776",-0.113140261523756
"M6781",0.0275916410632715
"M6785",-0.129964970735996
"M6788",-0.0564790664838703
"M6789",0.0291889959497587
"M6791",-0.00784200528054537
"M6797",-0.00270708770102542
"M6806",-0.0957656645918439
"M6807",0.0356477085180841
"M6816",-0.0285493572086107
"M6837",0.173980930569262
"M6838",0.0562545121889884
"M6841",-0.346244660471532
"M6852",0.0551798882128454
"M6854",-0.208579096634091
"M6855",-0.101159163464477
"M6856",0.227622113207082
"M6857",0.0784140091869612
"M6859",-0.20340862578642
"M6869",0.118601657592409
"M6870",-0.0359964119861573
"M6879",-0.0168739583726748
"M6888",-0.0899071110185542
"M6889",-0.133419184595633
"M6893",-0.034220862626271
"M6895",0.0111086688155195
"M6906",-0.147141366129257
"M6907",-0.36396740921422
"M6913",0.243121100929619
"M6915",-0.294512690192262
"M6918",-0.0371029495734133
"M6919",-0.353528835059799
"M6921",0.0120059221667411
"M6929",-0.271054606343849
"M6930",-0.0308348859375074
"M6940",-0.0415228593598384
"M6942",0.0184359947213909
"M6945",0.00953957488548155
"M6946",-0.110966934411609
"M6947",0.0691003271196514
"M6950",-0.162234604261874
"M6953",-0.0373119325462266
"M6955",-0.0661419853624167
"M6960",0.210770945926282
"M6961",-0.13724373785685
"M6962",-0.244830972333843
"M6974",-0.093714418621422
"M6978",-0.0727038544902946
"M6982",-0.249293096251711
"M7000",-0.0897843590105116
"M7003",-0.158141333365406
"M7008",-0.0798599881507859
"M7025",-0.200028879120657
"M7027",-0.543800837513764
"M7039",-0.00209367103020331
"M7040",-0.0258881773168801
"M7050",-0.00206812046058102
"M7051",0.256930457136441
"M7052",0.00253795814743125
"M7060",-0.0102259471189848
"M7062",-0.497547665117978
"M7063",0.0473274205527464
"M7069",0.255290010027919
"M7082",-0.247168431504499
"M7095",-0.0382634402963467
"M7099",-0.280266643745491
"M7102",0.209041663635894
"M7104",0.102857474734214
"M7127",-0.113846698133966
"M7129",-0.0770212149556585
"M7133",-0.0276854259561159
"M7144",0.0133886863755945
"M7145",-0.0299309904446868
"M7147",-0.0115855893275213
"M7150",0.113277263967295
"M7162",-0.181795442780377
"M7165",0.0986115271351298
"M7232",0.0719340245738689
"M7236",0.0980191761874802
"M7245",0.0385590037977362
"M7256",0.0327285534827408
"M7263",-0.130069562277315
"M7268",-0.0740332120580763
"M7270",0.0682032931283178
"M7274",0.0557454269739517
"M7284",-0.151952002432376
"M7285",-0.0123404222771593
"M7291",0.10405145408952
"M7294",0.0787883396259206
"M7295",-0.187614197209324
"M7296",-0.11584930700767
"M7298",0.338408320724551
"M7303",0.0551599020085558
"M7304",0.288542135689498
"M7308",-0.00576808177584956
"M7313",-0.0309273829686868
"M7314",0.146090283323289
"M7317",0.0353156235103191
"M7336",0.0194357371365846
"M7338",0.0389682510298803
"M7339",0.138858058925707
"M7340",0.184599039980943
"M7341",-0.0730142906634668
"M7342",0.0959516411935018
"M7343",0.169781288558814
"M7347",-0.237771575489369
"M7348",0.141777633794448
"M7361",-0.0957123173595175
"M7367",0.078310422853902
"M7369",0.0541951619027551
"M7378",-0.144023920130995
"M7379",-0.129627196270287
"M7380",-0.0229632782005181
"M7390",-0.017248851100511
"M7391",0.130968239379165
"M7396",-0.024242618835084
"M7398",0.108767705528698
"M7449",0.0708457452714844
"M7452",-0.00371439414222066
"M7455",-0.0943144550042433
"M7482",-0.0781392622957414
"M7492",0.0479705575177257
"M7501",0.0236044895345715
"M7503",-0.088228512317402
"M7518",-0.0381414463905502
"M7520",-0.145992035614031
"M7532",-0.0552822765787876
"M7535",-0.0665443209872051
"M7537",-0.0456860323033017
"M7539",0.0365000848949902
"M7541",-0.0117610905687467
"M7544",-0.0469130057571694
"M7547",0.238913056230328
"M7559",0.0545385548164853
"M7562",-0.0231640379982649
"M7565",-0.215565893880828
"M7566",0.0170063090118383
"M7569",0.188030768479296
"M7574",0.0265461280371712
"M7586",-0.270702407910885
"M7593",-0.0728062853351549
"M7594",0.056655374212785
"M7595",0.187971139299368
"M7596",0.0141645323494139
"M7599",-0.0773710011930353
"M7600",0.0999942489022398
"M7604",-0.208855094151279
"M7605",-0.43328715300306
"M7606",-0.102267885889133
"M7607",0.0127451229074917
"M7616",-0.00645825404668824
"M7619",-0.0515542064648776
"M7626",-0.136728623722966
"M7632",-0.0242908814983169
"M7633",0.0369696757064974
"M7634",0.126724260850039
"M7641",-0.00842682756840134
"M7645",0.0709503490852169
"M7649",-0.109071048753313
"M7651",-0.148540729841086
"M7655",-0.0259889046548654
"M7657",0.112953935345199
"M7661",-0.0849069801797211
"M7666",0.0624420049516491
"M7668",-0.116283464127684
"M7669",-0.0404020943487428
"M7678",-0.0607317067195483
"M7680",0.0583235733264374
"M7697",-0.0734675431495077
"M7704",-0.0292115096743818
"M7710",-0.0571297855615951
"M7725",-0.11356420767873
"M7747",-0.0964513276876996
"M7751",-0.0781521823267408
"M7768",-0.0885842611204354
"M7772",0.379577650740136
"M7776",-0.133012968464074
"M7779",0.0297508341382128
"M7785",-0.2227556875008
"M7791",-0.275325350210836
"M7792",0.366478417580671
"M7794",-0.260188204133734
"M7799",-0.589382488696487
"M7805",-0.205110373388209
"M7816",0.00159915818866288
"M7817",0.270516017880215
"M7819",0.163440175762799
"M7823",0.0350033760242218
"M7868",-0.0224424950360683
"M7873",-0.0623290585405279
"M7875",0.0850258143567132
"M7876",-0.184271572341338
"M7882",0.0767152470035945
"M7910",0.125831321141645
"M7911",0.100478503040732
"M7912",0.0227654153960797
"M7913",-0.0588108648751661
"M7916",-0.103844438655305
"M7923",-0.176246362470917
"M7926",-0.117991409427395
"M7929",-0.179192251834332
"M7935",-0.289263855534705
"M7936",-0.0523078482819767
"M7939",-0.0668924675474925
"M7942",-0.0281996905957312
"M7944",-0.136212773134945
"M7951",-0.193770699242769
"M7953",-0.218771515744908
"M7963",-0.120824740069355
"M7971",0.0308685425696347
"M7973",-0.054237066164598
"M7984",0.0167473602192123
"M7985",0.133246395710779
"M7988",0.00622631390506132
"M7990",-0.0636787270833029
"M7991",0.157537112979178
"M7994",-0.116847528321151
"M7998",0.0296494042707198
"M8003",0.0781806700940368
"M8005",0.0115696241596182
"M8020",-0.161882240285463
"M8056",0.0398878635128968
"M8075",-0.400103279962598
"M8087",0.0329089335053119
"M8088",0.105398218157442
"M8090",0.0106960804091179
"M8094",-0.351555730067036
"M8113",0.145458458242761
"M8116",-0.0900779587283662
"M8120",-0.0950126822356358
"M8141",-0.00182948657963238
"M8157",0.00798451057138691
"M8158",-0.264102997454995
"M8165",-0.0460594793141701
"M8190",-0.1184273567372
"M8196",-0.200292013046571
"M8198",-0.122086566576637
"M8227",-0.0096546129581858
"M8235",0.0480255370858685
"M8236",-0.131388874815126
"M8248",-0.0123481260742133
"M8256",-0.271242432674475
"M8275",0.0289759564430605
"M8284",-0.0653019478790102
"M8286",-0.0361837005064958
"M8309",-0.124449256753336
"M8314",0.0793780368971691
"M8323",-0.259557644189688
"M8329",0.0763944963993556
"M8331",-0.152246239794721
"M8333",0.0400969561246209
"M8335",-0.133388094720217
"M8344",-0.194689381253185
"M8347",0.0204771622543579
"M8368",-0.189410431673491
"M8373",0.0347898809702273
"M8378",0.0494915143557637
"M8381",0.0914633223906709
"M8382",0.36302892723804
"M8384",-0.0889458308694345
"M8390",-0.29323022342752
"M8391",0.125063836552513
"M8398",-0.14791436019805
"M8407",-0.0384784295953298
"M8422",-0.035944973460289
"M8448",0.0168194720573464
"M8449",-0.103932346139847
"M8459",-0.374562023956348
"M8461",0.061864904967857
"M8479",0.00203222735621428
"M8488",-0.168773725739875
"M8490",-0.0877892801898814
"M8497",-0.433619529716725
"M8518",-0.184287434697879
"M8519",-0.00415701771880663
"M8521",0.0350941838641936
"M8539",-0.17002587680815
"M8541",-0.180008408155023
"M8553",0.160386948062455
"M8554",-0.0544181059698867
"M8567",-0.0685776742720052
"M8571",-0.0105760157672971
"M8575",-0.0778586959777952
"M8577",0.140390966703069
"M8610",0.174342256601751
"M8620",-0.0734955827490688
"M8623",0.0304004477683335
"M8648",0.0514391102633033
"M8652",-0.0813430872614615
"M8658",-0.0283524113949174
"M8670",0.0857191414351649
"M8672",0.0582094883162925
"M8710",0.0240528187901376
"M8712",-0.0917276031137847
"M8713",-0.0553225284913717
"M8723",-0.0460224964634915
"M8735",0.103783942069846
"M8738",0.00797170554725425
"M8739",-0.220377881006794
"M8752",-0.0297715818370029
"M8756",-0.014205435799803
"M8774",-0.00712147040229491
"M8775",-0.174005165573445
"M8795",-0.193333532581953
"M8808",0.0504375162976574
"M8828",-0.426673206085575
"M8833",0.182772978976816
"M8848",0.203879258313798
"M8867",0.0617186119803226
"M8882",-0.445529049054265
"M8903",0.38833241920903
"M8904",-0.217142226761109
"M8913",-0.229746796042556
"M8920",-0.40396038465624
"M8929",-0.0804445131852095
"M8937",-0.153298720750652
"M8949",0.092968334553916
"M8964",0.176450249067418
"M8985",-0.519158004084779
"M8990",0.318594137910302
"M8993",0.441322215775817
"M9005",0.15967649105698
"M9029",0.199404251855347
"M9047",0.155000077707597
"M9050",0.25572431706083
"M9054",-0.171017313240857
"M9061",0.244940233159623
"M9066",-0.126068573543024
"M9077",-0.112644378756092
"M9114",0.212521930244777
"M9138",-0.0660682130713789
"M9144",0.0897663081078779
"M9155",0.130200385256797
"M9161",-0.0300006076689016
"M9170",0.263254929053494
"M9185",0.11946226616961
"M9197",-0.432328987419756
"M9210",-0.0129381593133304
"M9222",0.0157075778128962
"M9225",0.38302568435877
"M9236",-0.0785766474205116
"M9241",0.102333306570412
"M9248",-0.101208517144928
"M9249",0.190270603083835
"M9264",0.574632675101073
"M9282",0.127615798656499
"M9314",-0.0672629748920684
"M9400",0.012653697204176
"M9454",-0.086787214593131
"M9474",0.0917254819713109
"M9490",0.117744907838404
"M9524",-0.0259365362325684
"M9532",-0.496157595796796
"M9540",-0.294081056696415
"M9555",0.069336711553578
"M9597",0.350633238082705
"M9619",0.248400065618683
"M9628",0.162952122750674
"M9633",0.424498481107777
"M9645",-0.134340739443881
"M9652",-0.153409139213921
"M9667",0.00978050070473867
"M9678",0.0410443178652858
"M9680",-0.0341348260927159
"M9684",0.103885035012034
"M9706",-0.0447153850449725
"M9709",0.181681495325124
"M9713",-0.19969977369078
"M9715",0.0291711576801985
"M9732",0.0858187817827373
"M9787",0.062935770844314
"M9788",-0.156919770232601
"M9808",0.0554403305314737
"M9812",0.117968483233973
"M9821",0.0182731822574321
"M9841",0.174525658678858
"M9847",-0.0290982363639608
"M9849",-0.0494187857488313
"M9852",-0.065518750833508
"M9856",0.0418802284721368
"M9861",-0.0489598548069982
"M9863",0.00538308172310347
"M9886",-0.0257340848807046
"M9904",-0.412463191521111
"M9914",-0.130481418050837
"M9927",-0.222510529124711
"M9948",0.017188458259254
"M9968",0.0343635241826999
"M9971",-0.0252001537090115
"M9973",-0.147991582610603
"M9987",0.0333236071577193
"M10020",-0.144317419447899
"M10032",0.0416979573268971
"M10033",0.0976072824175131
"M10045",0.0224971357419659
"M10057",0.22835466886141
"M10058",-0.0614575311484704
"M10079",0.0656257411204363
"M10090",0.225911556649939
"M10095",-0.267203011263917
"M10114",0.411972614983324
"M10127",0.101813554174869
"M10129",0.111982595763426
"M10275",-0.159244282844192
"M10278",-0.13413748168274
"M10279",0.0219593697072003
"M10290",0.0601366466071586
"M10294",0.220440620375765
"M10299",0.548161549302598
"M10302",0.130359217432274
"M10318",-0.299387860493324
"M10332",0.145523969461404
"M10355",0.186819536471637
"M10367",-1.7370097614868
"M10391",0.0291373466985622
"M10416",-0.0467979120156344
"M10435",-0.291170009391473
"M10453",-0.188102957974355
"M10476",0.132431380016058
"M10482",-0.243198992545748
"M10497",0.14492259163256
"M10507",0.249522247521442
"M10525",0.0897471564459432
"M10533",-0.321624554028635
"M10537",-0.5457881792888
"M10539",-0.074081681499232
"M10540",0.236931287291389
"M10554",-0.403589909225438
"M10571",0.0227380607599428
"M10582",0.124986770617399
"M10635",-0.196257822757801
"M10638",0.162862628463745
"M10639",0.12244385861388
"M10646",0.272945210721416
"M10653",0.0968570987769174
"M10660",0.36557784306688
"M10669",-0.0163452588332926
"M10672",-0.0801405572768585
"M10680",0.0954598576527431
"M10682",-0.0291636319388166
"M10704",0.0665373681936734
"M10707",0.0158056412029239
"M10711",0.150176529026518
"M10712",-0.150757266452789
"M10719",-0.252149321540049
"M10739",-0.133008054573473
"M10751",0.0888751320205619
"M10756",-0.101953255704948
"M10764",-0.0521158407740429
"M10768",0.120213241163129
"M10769",-0.252841583363225
"M10793",0.0231338970697639
"M10795",-0.00811575463637309
"M10796",0.0152687572744053
"M10802",-0.119703971491495
"M10803",-0.129228283829804
"M10891",-0.115415416550811
"M10892",-0.162143466864866
"M10917",-0.0770888938420043
"M10918",-0.170879588678502
"M10922",0.0861008089772785
"M10943",-0.274262528063335
"M10944",0.0635203287727974
"M10952",-0.0172090783679309
"M10957",-0.240397097609708
"M10975",0.0493498808764428
"M10977",-0.214318317525821
"M10986",0.0670662995379326
"M10988",0.274186228287828
"M11012",0.111572629478409
"M11046",-0.162524654926204
"M11047",0.0213697530634988
"M11048",0.0032280815715559
"M11049",0.439231160321946
"M11059",-0.0448989000753522
"M11067",0.0348101297442082
"M11068",-0.314475050127017
"M11072",0.061624862903807
"M11073",0.0300366277556871
"M11080",0.0777329669519172
"M11086",-0.171299726196053
"M11088",-0.128360575820916
"M11146",-0.086873911433532
"M11171",0.179341644281578
"M11175",-0.025919415599676
"M11208",0.0880406516753214
"M11215",-0.0851958807739519
"M11233",0.123112322497421
"M11278",0.00391718802506067
"M11279",0.0907106454076968
"M11297",0.0137841786434129
"M11312",0.105285216142613
"M11317",0.0296699465210678
"M11318",0.0188699040659886
"M11320",-0.240433732311611
"M11324",0.0828167570867265
"M11327",0.00219670016421307
"M11328",-0.198119188491216
"M11330",-0.0376395042494776
"M11331",0.176914146803317
"M11332",0.0572741141850397
"M11333",0.0191914737621764
"M11340",0.0710057016690046
"M11347",0.0668519966483968
"M11364",0.0555450739130049
"M11365",-0.132577202115842
"M11366",-0.146156831985418
"M11370",0.0564538997743822
"M11371",0.149151337517934
"M11372",0.00174333015082168
"M11396",0.0246380228475163
"M11426",-0.0189157512148597
"M11431",0.0354172602977845
"M11436",-0.0713199833574257
"M11437",0.0777437565219001
"M11441",-0.0912596213924562
"M11453",-0.127223522671254
"M11457",-0.153125917857466
"M11459",-0.0260244418483648
"M11461",-0.0509853855335211
"M11464",0.039836245777353
"M11472",0.1067203663438
"M11479",-0.0446169226498126
"M11481",0.105649511851144
"M11485",0.0318641725547107
"M11497",-0.105570564061966
"M11507",0.133229054157611
"M11509",-0.0776855508651608
"M11516",-0.0491507095700982
"M11518",-0.188368441038263
"M11519",0.0892937442681892
"M11524",0.0063760753279194
"M11528",0.0347022870324831
"M11534",-0.0942200239172979
"M11536",0.186424338011522
"M11538",0.0298736225672788
"M11547",0.126226818601671
"M11548",-0.130311333008922
"M11551",0.0386467249845859
"M11553",0.35261410571367
"M11555",-0.117607561964575
"M11556",0.0808234671939007
"M11561",0.0482908538424497
"M11562",0.15382165217048
"M11574",0.0109472037979421
"M11589",-0.113936280923633
"M11606",-0.0124037350022154
"M11622",-0.336197522666483
"M11630",-0.195651573693672
"M11642",-0.0344116114712427
"M11643",0.0478325783485648
"M11656",0.204429695882357
"M11660",-0.0629339757133217
"M11665",0.141439352562506
"M11667",0.158855490266609
"M11668",-0.170410512227771
"M11671",-0.0977113738088611
"M11672",-0.175104529146507
"M11702",-0.087315488590126
"M11703",0.361824213388398
"M11738",-0.2558988178266
"M11747",-0.191568181573436
"M11749",0.0190532964248325
"M11752",-0.0653430288565302
"M11769",-0.164936524981694
"M11773",0.357754595184794
"M11795",0.00354812900877664
"M11797",0.203589481318566
"M11798",0.0398020607829927
"M11806",-0.446458832558312
"M11835",-0.0916951752791154
"M11847",-0.124995815345839
"M11959",-0.119436662595783
"M11970",0.038916114855015
"M11977",0.143680175928291
"M11978",-0.100353397091736
"M11980",0.0205601554498504
"M11981",0.0461652298023581
"M11990",0.0941199659911609
"M11997",-0.0779687361616172
"M12043",-0.302070867350533
"M12045",-0.0960588211832945
"M12064",0.00990653178419855
"M12066",0.137788841395369
"M12068",0.0878740905179427
"M12069",-0.0559013221173072
"M12079",-0.00105780707645491
"M12081",0.0530552393518183
"M12087",0.042887650788536
"M12094",0.14085859676972
"M12109",0.0595520236768853
"M12110",0.104863653739022
"M12117",0.156681190211023
"M12124",-0.0502202898345586
"M12125",-0.0697701880231962
"M12126",0.0471845979280871
"M12128",-0.04715640623929
"M12138",0.0569818785834479
"M12147",0.111660441116292
"M12161",-0.0694865909274367
"M12180",0.284035181714232
"M12181",-0.177785613496887
"M12190",-0.0453922033863107
"M12204",0.0280152530339375
"M12213",0.0547042839724676
"M12214",0.228862178715372
"M12227",0.311431331562747
"M12233",0.0372424339299739
"M12239",0.136264274337127
"M12241",0.131646485684774
"M12243",-0.0376031427648805
"M12246",-0.157112356510439
"M12248",0.0193525307238211
"M12252",0.0633264094059386
"M12255",0.0943518288655097
"M12257",0.172730687351809
"M12263",0.161712125697491
"M12265",0.179106563240543
"M12268",0.0932846670473298
"M12270",0.187472036773652
"M12331",0.129878339274123
"M12335",-0.0345133513784136
"M12352",-0.121720089161035
"M12377",0.00940439755463894
"M12410",0.310374915697169
"M12413",0.0489500614543443
"M12429",0.102766226811331
"M12431",0.0928639340436258
"M12432",-0.270540964285946
"M12437",-0.125467469458583
"M12439",-0.0778623058496798
"M12440",-0.170778146912978
"M12444",-0.188303323214576
"M12446",0.0893628638710208
"M12450",0.0623282585787796
"M12451",-0.0769245492604878
"M12459",-0.149069122763781
"M12461",-0.333052460129246
"M12463",-0.304678386737499
"M12464",0.187440105695448
"M12500",-0.306304258474797
"M12504",-0.0919545239296345
"M12516",-0.0591914609776807
"M12517",0.106114753914786
"M12526",-0.112080638257049
"M12528",0.0494887955329684
"M12536",-0.0270439543620938
"M12547",0.145874158711575
"M12552",0.101708857254447
"M12561",0.0510971147229009
"M12562",0.0375076288825113
"M12564",-0.0516686510627811
"M12582",-0.305135345931735
"M12583",0.0923130643624883
"M12610",0.33889944077451
"M12747",0.20104691288793
"M12800",0.082661713711537
"M12824",0.127115909176219
"M12826",0.0761701844369929
"M12829",0.0338239666928254
"M12835",0.057972582511553
"M12981",0.109994289713114
"M13014",-0.0995264946445088
"M13105",0.119485948777033
"M13234",-0.0652745580885144
"M13246",-1.30231757155553
"M13252",0.0663513266440838
"M13258",0.0653287665550783
"M13259",0.0718455834302888
"M13269",0.190958277286743
"M13272",0.0965493189365279
"M13279",0.0743216479825376
"M13280",-0.00712512444996959
"M13287",-0.0359350487643545
"M13293",-0.0352904105051637
"M13305",0.00387141823887395
"M13368",-0.0354250051530887
"M13486",-0.414864511874982
"M13491",0.360733405760378
"M13500",0.451511757781649
"M13506",0.549003612116541
"M13510",0.209307739468052
"M13571",-0.0905463178093866
"M13629",0.289167320680588
"M13631",-0.00251016055173685
"M13635",0.0954923304399512
"M13638",0.032167081883229
"M13642",0.0885147006492614
"M13643",-0.252946268555295
"M13647",-0.0318982579912954
"M13682",0.140119508393532
"M13684",-0.0203637427957513
"M13689",0.0255822038927021
"M13709",0.0799220949671682
"M13720",-0.0633735022031877
"M13721",0.0844795174429396
"M13730",0.0408398380516976
"M13733",0.0587995255341003
"M13738",0.0877222770012859
"M13739",0.0986206090777776
"M13740",0.247113992525126
"M13744",0.230393675723143
"M13753",0.128797814771741
"M13756",-0.0964043209061186
"M13782",-0.216760025702205
"M13856",-0.0389578486943142
"M13865",0.0721849583856327
"M13885",0.0236707739507453
"M13890",-0.129861772986654
"M13899",-0.056776481528152
"M14016",0.0425358674575286
"M14017",-0.047958484160836
"M14039",0.0457029832642287
"M14064",-0.287566602547742
"M14073",-0.365415618861875
"M14091",0.284712060266421
"M14093",0.0561817492415199
"M14094",-0.00960180636217145
"M14100",-0.0190813041283518
"M14105",0.169954425570327
"M14111",0.184593259643485
"M14113",0.169497691780355
"M14126",-0.387759956762442
"M14130",-0.00702730196943153
"M14133",0.0624382348160981
"M14139",-0.0948418089248573
"M14140",-0.334689610160348
"M14148",-0.225156534574513
"M14218",-0.0689754495205433
"M14229",-0.0341751562895492
"M14312",-0.116939913750236
"M14337",-0.0451238217542723
"M14348",-0.0654533025966421
"M14362",-0.176784370742749
"M14364",0.187458371182947
"M14374",-0.279165799162852
"M14376",-0.187863682028854
"M14413",-0.134642035785891
"M14424",0.0157650502624374
"M14461",0.00182836533051042
"M14465",0.0342901462400331
"M14474",0.0765397872760205
"M14482",-0.236134458192023
"M14494",-0.135046656428037
"M14495",-0.00372351551408812
"M14498",-0.0227757561714023
"M14499",0.0695615008992308
"M14527",0.117935842971297
"M14530",-0.176575280256561
"M14618",0.0811980520519836
"M14706",-0.0472180971986772
"M14707",0.0479536192081669
"M14729",0.0206702415251788
"M14736",0.0264818945761748
"M14750",0.00865022548403578
"M14815",0.139175658574975
"M14833",0.244360800395602
"M14834",-0.225709545826542
"M14847",-0.0035880694957854
"M14849",-0.11013541060245
"M14853",-0.220049242024817
"M14857",0.123100660272205
"M14872",-0.0495538750087849
"M14878",0.207506319160346
"M14884",-0.12293546914617
"M14891",-0.389295586277004
"M14898",-0.124350785484159
"M14905",0.0518524414443935
"M14908",-0.00344648761154584
"M14909",-0.100876577468775
"M14911",0.0554410590299644
"M14919",-0.101883947767653
"M14935",0.00128907220818968
"M14954",-0.0677206803938849
"M14955",-0.37336269947256
"M14963",0.0737733209919937
"M14972",0.0411582936915443
"M14979",-0.0497733232778157
"M15010",-0.129135169345895
"M15030",-0.0367289074910012
"M15032",-0.122015595246777
"M15042",0.159236931762054
"M15043",-0.14033963472664
"M15054",0.224436979288444
"M15075",0.0783526619364494
"M15102",-0.29697731704697
"M15126",-0.103205543246213
"M15127",-0.0413953460261403
"M15133",0.106068183567037
"M15142",-0.022704831747944
"M15150",-0.0792279428419183
"M15171",-0.0568657525640459
"M15201",-0.179357833384165
"M15212",0.339851572888076
"M15225",0.161516722740435
"M15233",-0.000873729855711451
"M15244",0.0555480328809465
"M15252",-0.140732318979336
"M15254",0.177886795597594
"M15281",-0.181918200217477
"M15282",0.019937127528441
"M15283",-0.193844995084229
"M15295",-0.0660433484535575
"M15298",-0.292639326165761
"M15307",0.0964695156574205
"M15309",0.317334537358454
"M15341",0.0299023991366614
"M15363",-0.0428687112695301
"M15372",0.00206101779925776
"M15412",-0.033194659276017
"M15420",0.249976489825854
"M15427",0.341660994476899
"M15457",-0.0117064186080144
"M15497",0.048228218207908
"M15502",-0.0718877105926994
"M15556",0.0424006495037439
"M15559",-0.293103621044828
"M15562",-0.00224436784687778
"M15567",-0.0337860838508438
"M15577",-0.0144396803314615
"M15583",-0.0693800080978941
"M15595",0.0534470060019554
"M15599",0.0378684287115985
"M15600",-0.0427988065278092
"M15605",0.0398415796675119
"M15606",-0.00785929219682315
"M15633",0.0562523367832222
"M15639",0.0361031814467745
"M15644",-0.091748795112452
"M15657",-0.235422806582422
"M15659",0.00252438284535765
"M15666",-0.133646077277417
"M15668",0.0530969291412001
"M15669",-0.149707779768212
"M15681",-0.00585402829656279
"M15694",0.190303665838421
"M15699",0.0735376349285892
"M15716",0.135865508967727
"M15717",-0.045637278508224
"M15728",-0.130482168121536
"M15763",-0.0133380277530513
"M15784",0.114724940847791
"M15785",0.211289177632174
"M15793",0.26306534959999
"M15795",-0.257637313090583
"M15819",-0.135486988487587
"M15821",-0.352984777449108
"M15822",-0.492490410392829
"M15824",-0.237006627866991
"M15825",-0.320700206295804
"M15829",-0.301207405797459
"M15837",0.241682006767363
"M15840",0.192801272342139
"M15844",-0.156586724518287
"M15866",-0.0918218648947844
"M15872",0.0350645293328598
"M15873",0.0431041700185973
"M15896",-0.218556073505985
"M15904",-0.587045189708066
"M15910",0.0925180512749811
"M15912",0.317781874612516
"M15983",-0.148674328458518
"M15999",0.111894244996968
"M16015",0.0927443776612357
"M16016",-0.132636934485347
"M16030",-0.114934444774761
"M16038",0.297200061386495
"M16050",-0.172383486088024
"M16071",0.0502383870674653
"M16077",-0.108261292278056
"M16107",-0.0897834883805297
"M16113",0.404693606267699
"M16121",-0.0805978892289623
"M16125",0.285356165929427
"M16131",0.123888960613574
"M16133",0.0226706860675925
"M16137",0.00588814054723592
"M16143",-0.290621233028155
"M16151",-0.157549561755692
"M16152",-0.281233241261648
"M16159",0.0464134140446168
"M16166",-0.024877972313049
"M16168",0.299770782643836
"M16169",0.0172783423907312
"M16178",0.0169293946697801
"M16179",0.119037571590081
"M16180",-0.125840407385393
"M16181",0.164279905750702
"M16187",-0.0207595483401851
"M16191",-0.0998029084236836
"M16231",-0.0620186191271956
"M16233",-0.123408072755901
"M16235",-0.0636493719858285
"M16238",-0.122381946152386
"M16275",-0.151034448049972
"M16284",-0.86000188728477
"M16293",0.085572790346143
"M16297",-0.120510833363489
"M16299",0.182038342880351
"M16304",0.066600765959062
"M16305",-0.143549991140754
"M16306",0.10541730829258
"M16310",0.016532422059534
"M16314",-0.100119853798466
"M16327",-0.520177283731555
"M16329",-0.0314577483040683
"M16332",0.134825078140366
"M16335",-0.215151675600303
"M16336",0.930247082190093
"M16352",0.29880955858228
"M16354",0.18796420960379
"M16363",-0.461646780993886
"M16366",0.000804189460085997
"M16394",0.0726227639480943
"M16395",-0.100066422195149
"M16401",0.174328504857041
"M16404",0.728912729144605
"M16406",-0.19162489136825
"M16412",-0.253534025538116
"M16415",0.10801904002384
"M16424",-0.436386216280694
"M16428",-0.310486815279781
"M16429",-0.126912672917364
"M16441",-0.00274588975239335
"M16444",0.0176191355159064
"M16446",0.222178616548691
"M16447",-0.175063437051104
"M16452",-0.538380000163633
"M16462",-0.254391625243654
"M16485",-0.166563530019389
"M16490",-0.322758182244063
"M16511",1.08469100931758
"M16520",-0.163505443000832
"M16521",-0.11879410870412
"M16524",-0.23425168377116
"M16525",0.179340915709416
"M16527",0.012259295696799
"M16529",-0.0628828745843988
"M16536",0.0963874603276754
"M16541",-0.137085650202002
"M16542",0.111046606209469
"M16603",0.309316136824635
"M16612",0.657126914534244
"M16625",-0.158605265011068
"M16640",-0.165277162191271
"M16651",0.0318953814101568
"M16659",-0.259469154404236
"M16668",-0.206612700460139
"M16686",0.638519836779242
"M16717",-0.472847333587549
"M16719",0.526009166278414
"M16741",-0.368238111921407
"M16743",0.052805844272012
"M16750",0.0494789389892456
"M16792",0.018766451146769
"M16799",0.119338611868977
"M16804",-0.0270962670196304
"M16807",0.113504621089896
"M16875",0.00178856411280726
"M16876",0.0691827973807853
"M16878",-0.0748813637935183
"M16885",-0.0551407363866491
"M16901",-0.0814499211091833
"M16925",0.0985178969863511
"M16939",0.23708421985471
"M16947",0.110392103363621
"M16950",0.12714633741121
"M16956",-0.12002870433821
"M16957",-0.00734291345021316
"M16959",0.0398977789409007
"M16965",-0.0492133167849236
"M16966",0.0804975140192548
"M17006",0.253338000248994
"M17026",-0.123137146288103
"M17032",-0.0570686997152772
"M17050",-0.443515542599212
"M17059",-0.0534121349815743
"M17096",-0.00204169990130544
"M17101",0.0126410987800575
"M17105",0.0830039421710242
"M17130",0.0952938142333861
"M17131",-0.0147401514656265
"M17132",0.165402248481717
"M17135",0.0182728373712391
"M17137",-0.0164461007755639
"M17165",0.0537485385131523
"M17176",0.0205838379258849
"M17184",-0.237060467318335
"M17199",-0.0401880840184263
"M17214",0.0998536359366375
"M17217",0.105901481836682
"M17231",0.0242724576735922
"M17250",0.292004586736168
"M17254",0.0234509947065302
"M17257",-0.252192409945921
"M17262",0.0386360106031457
"M17267",-0.057710816043407
"M17283",0.129825161865153
"M17293",0.234983019684435
"M17297",-0.0945464742150539
"M17303",0.277312367312813
"M17314",-0.305866451774579
"M17318",-0.240262271574424
"M17321",-0.102528479543964
"M17324",-0.228721468721042
"M17341",-0.0447344957837513
"M17376",0.170883478280799
"M17402",0.124275661166886
"M17403",-0.0818166655912304
"M17404",-0.0147223650428858
"M17429",-0.0417591029309257
"M17430",-0.226570559542482
"M17433",-0.0797627737988999
"M17434",0.069295806009604
"M17435",0.0491173067371098
"M17438",0.0978431623072766
"M17439",0.0174011122556111
"M17441",-0.0417487890414899
"M17442",0.0751048799741569
"M17443",-0.16296759581646
"M17448",0.0639102974425038
"M17452",-0.0252093323298021
"M17453",0.0268046833042011
"M17455",-0.0314647075063763
"M17457",-0.173564010143821
"M17458",0.0250507775427915
"M17459",0.385910618841879
"M17463",-0.140273036968808
"M17464",0.16035417935799
"M17466",-0.124385109546085
"M17469",-0.111264300737067
"M17470",-0.237690516016424
"M17471",0.130339288176109
"M17472",-0.0628233207609862
"M17474",-0.0864684768567929
"M17475",0.192350282880758
"M17480",-0.0717256016423017
"M17485",-0.267737632131909
"M17486",0.398474978590969
"M17487",-0.112972282084186
"M17488",-0.0729918316600106
"M17489",-0.0500519528431358
"M17490",0.605194773203334
"M17492",0.149876790620774
"M17497",-0.203555352822632
"M17503",-0.185041230801094
"M17511",-0.0114563474185098
"M17512",-0.0479762547422904
"M17513",-0.0250571485310282
"M17523",0.115350805939894
"M17525",-0.390225142233759
"M17526",-0.175328092010721
"M17532",-0.223007063804632
"M17540",-0.19111016062268
"M17543",-0.404304304396536
"M17544",0.563685705336506
"M17546",0.146835722985974
"M17553",0.0485435660843594
"M17558",-0.035393551555899
"M17570",0.191662284413776
"M17573",0.0445187166259622
"M17579",0.0426175621694911
"M17590",0.257902175816528
"M17614",0.111919461758493
"M17617",0.0443474883318486
"M17628",0.0169164776575558
"M17677",-0.157776578204037
"M17712",0.0239151174349619
"M17738",0.103418967869215
"M17739",0.00274008508956374
"M17742",-0.0476778456418031
"M17746",0.212038212581891
"M17752",0.294081095388582
"M17755",-0.158776506405895
"M17760",0.127526757135793
"M17761",-0.120220545586386
"M17762",0.246010048048286
"M17763",0.0660002947833259
"M17765",0.41693827663398
"M17770",0.0262621894292655
"M17777",-0.391686245500372
"M17791",-0.0215151719882073
"M17799",0.00512813603106271
"M17803",0.239247808544712
"M17808",0.00291378739685336
"M17814",-0.069583921736599
"M17824",0.255014657428945
"M17830",0.0639488577112169
"M17837",0.0947952144555623
"M17854",-0.126043344877268
"M17871",0.0198855405576694
"M17957",0.114579607312019
"M17958",-0.058164922686282
"M17963",-0.0885528245563948
"M17967",0.0876692488454401
"M17980",-0.0908371998390258
"M17982",0.0512215647198711
"M17984",-0.362645131680192
"M17986",0.0127735912965536
"M17996",0.0444956988734151
"M18001",-0.0178322965365448
"M18004",0.0110276179560551
"M18005",0.062831336342429
"M18006",0.153955985949941
"M18026",0.0279995392836776
"M18052",-0.249797929924878
"M18058",-0.360692334093244
"M18059",-0.0899130142933428
"M18073",0.263141944428372
"M18093",-0.0896456523574107
"M18096",0.219314821899499
"M18097",0.268601779652974
"M18138",0.0139734274896159
"M18152",-0.347540759897379
"M18154",0.080177097946585
"M18184",0.456273506846389
"M18187",-0.105043956494447
"M18191",-0.398826564983137
"M18198",0.0977969834057805
"M18204",-0.00605544664605608
"M18313",0.077308506002617
"M18318",-0.102080462786001
"M18331",0.0128617080605098
"M18335",-0.0723694984173949
"M18348",0.113282344596369
"M18352",-0.113918649643956
"M18409",-0.138514290574104
"M18446",0.093505417796025
"M18590",-0.0345121759355196
"M18594",-0.227376832931423
"M18753",-0.0252984878824456
"M18809",-0.152174056373987
"M18815",0.0231811005611259
"M18821",0.240688122486121
"M18823",-0.356047162247679
"M18832",0.226427359915541
"M18834",-0.338867377578479
"M18836",-0.101291018454321
"M18839",-0.114658281381282
"M18848",-0.0413548411127669
"M18861",0.0938785788696215
"M18872",-0.000951248492177825
"M18957",-0.125786302107253
"M19209",0.0859975979007031
"M19248",0.435449648008931
"M19307",0.0820968273529389
"M19392",-0.112429286535447
"M19395",-0.0109981462605749
"M19404",0.109218066715318
"M19464",0.191132599511
"M19482",0.0588720623069623
"M19493",-0.145300467340235
"M19504",-0.0482188577230758
"M19547",0.0294390870869199
"M19558",-0.0281788572753398
"M19598",0.312530112278008
"M19606",0.188541633953091
"M19616",-0.191971749962606
"M19621",-0.0152018648468361
"M19622",0.0864345534921727
"M19623",0.115485790353774
"M19627",-0.225591413950094
"M19633",0.119644378333455
"M19636",0.31532367844431
"M19642",0.289040288880366
"M19647",0.126908483830353
"M19657",0.206778533443009
"M19733",-0.210252279925196
"M19764",-0.360024312567916
"M19787",-0.0314894153027117
"M19819",-0.137156005778561
"M19821",-0.100011410161799
"M19840",0.00100811720493782
"M19845",-0.0709128547462613
"M19850",-0.00634453816150886
"M19855",-0.122678233838476
"M19859",-0.0712930587328568
"M19861",0.0995712844590578
"M19875",-0.0950172209997943
"M19884",0.287397164053238
"M19889",-0.0131451478633451
"M19917",0.0915748639815545
"M19940",-0.0696566236647912
"M19952",0.188858320884226
"M19956",-0.24069737439937
"M19961",0.26558172985908
"M19963",0.43473682667752
"M19983",0.0656751398409475
"M19984",0.61373420316976
"M19989",-0.0057786842459814
"M19991",0.119221241019484
"M20001",-0.06991815400012
"M20053",0.191262870954975
"M20062",0.318650225107345
"M20063",0.083944159858251
"M20070",0.102379569746595
"M20081",0.154033844868247
"M20085",0.126085418282663
"M20087",-0.289621988856415
"M20089",0.301375504073778
"M20090",-0.117961860418336
"M20099",-0.149508501315927
"M20102",0.869599318013707
"M20112",-0.212469136000089
"M20127",-0.00419233132895646
"M20136",0.327159993046617
"M20137",0.119364234874088
"M20140",-0.0762697842449265
"M20141",-0.205195974969519
"M20147",-0.147568003416205
"M20148",-0.0568434916945907
"M20149",0.101565222061904
"M20156",0.0651336664882194
"M20162",0.00202805171177495
"M20169",0.0257882437696078
"M20171",-0.145885745220587
"M20173",-0.0240394626889412
"M20186",0.158767631114031
"M20187",-0.336248995075215
"M20189",0.622524460190905
"M20195",0.0188150337705279
"M20215",0.35403284874754
"M20257",0.366485654139393
"M20263",0.0836765152719686
"M20266",0.181322743654473
"M20274",-0.133948203915971
"M20277",0.0222864418202424
"M20283",0.441503278202404
"M20292",-0.00190983167096692
"M20296",0.150363433011345
"M20302",0.162065345656738
"M20306",-0.181262292226583
"M20308",0.12200180209097
"M20318",-0.761302146005254
"M20322",0.213553244232714
"M20326",0.0790512532149723
"M20331",-0.048947943677823
"M20332",0.0533391688550815
"M20347",-0.0115967740818083
"M20353",0.0786592085771154
"M20359",0.0203334479634572
"M20368",0.00236391025887814
"M20370",-0.177067336210256
"M20376",0.0897279267724675
"M20418",0.0547833053320183
"M20419",0.179218594737474
"M20424",-0.0357870783123359
"M20431",-0.139931678117624
"M20437",0.181703665948983
"M20445",0.277938887100187
"M20451",-0.0487422579106137
"M20452",0.202575034791052
"M20460",-0.289675347065239
"M20468",-0.13395925415193
"M20476",0.268504342607186
"M20482",-0.34328419671393
"M20485",-0.504345153204302
"M20488",-0.390977231506196
"M20496",0.151701083192213
"M20509",-0.00787162302346137
"M20511",0.142083103307194
"M20513",0.0515909383991375
"M20514",0.304182777589139
"M20519",-0.14033344795897
"M20521",0.147782886315252
"M20523",-0.181506847745112
"M20534",-0.140198305896832
"M20543",-0.0654144999678543
"M20546",0.174588329491539
"M20554",0.0886509452794453
"M20557",0.221770574731699
"M20561",-0.195012418506492
"M20565",0.272643434456387
"M20581",0.227420204280318
"M20591",0.0984714587818373
"M20593",0.193997779388495
"M20594",0.156672945360259
"M20597",0.124537092299016
"M20611",-0.0777005155502529
"M20612",-0.0151385644647206
"M20632",-0.0929043061318887
"M20639",-0.0454112234692406
"M20640",0.0393927673360864
"M20641",-0.0637542660679275
"M20643",-0.174044996692984
"M20645",0.0738115563258393
"M20649",0.0828673373378626
"M20650",-0.0423046922735624
"M20651",-0.0795680007303206
"M20657",0.286307889496519
"M20665",0.157829760073958
"M20667",0.04674468789399
"M20668",-0.049342864667305
"M20670",0.130588032073523
"M20681",0.132772627023252
"M20683",0.180024705151056
"M20719",0.0475439833141181
"M20721",-0.123791465961545
"M20727",0.133498859418466
"M20734",-0.147619274689178
"M20749",0.0721741947557101
"M20760",-0.136873286411134
"M20764",0.13631764311578
"M20809",0.0432019492598371
"M20814",0.41471014265405
"M20835",-0.219550908519619
"M20841",0.0417425905333759
"M20843",-0.108197651052818
"M20845",-0.0243385284047626
"M20847",0.144322919926429
"M20850",0.0645785576315588
"M20851",-0.0633385113637095
"M20852",0.0884241485177745
"M20854",0.0212565707214225
"M20865",-0.329289029669468
"M20866",-0.129366106179893
"M20886",-0.092699288314829
"M20887",0.0319177901226504
"M20899",0.11670659877706
"M20916",0.100817667388422
"M20917",-0.0109508238205082
"M20919",-0.112002713446445
"M20922",0.0555215178504377
"M20923",-0.306649030667089
"M20928",-0.0220470755593076
"M20950",0.133639513172269
"M20968",0.16167874043058
"M20972",0.059608719404123
"M20978",-0.017817249775409
"M20993",0.0396876819187295
"M21001",-0.208156996918151
"M21003",-0.0130091390787876
"M21015",-0.0977677306043095
"M21017",0.00430637417694834
"M21021",-0.298742230605385
"M21052",0.00867853538659758
"M21065",-0.15741515724356
"M21069",-0.153945588358911
"M21090",-0.124724687060123
"M21091",-0.0674752056030214
"M21094",-0.126704985415079
"M21110",0.114742728756585
"M21118",-0.399914410523249
"M21128",-0.165812013123721
"M21130",-0.333144460257904
"M21133",-0.16029596644799
"M21154",0.206673531736922
"M21173",0.0789102279210072
"M21174",0.00458466893961209
"M21175",0.127431821472446
"M21178",-0.0091192370504815
"M21187",0.0564068987049273
"M21191",-0.335030716446707
"M21210",0.223741942430753
"M21212",0.161051422706085
"M21214",0.0138688092459726
"M21216",-0.144778138464534
"M21221",0.131302917429497
"M21224",0.0721332891548978
"M21229",-0.15345330764479
"M21259",-0.144464765334399
"M21273",0.00749793982912022
"M21274",0.0264669412973328
"M21275",0.054380496308247
"M21277",-0.0455966518542647
"M21310",-0.0763791665022133
"M21312",-0.125065194679324
"M21326",0.164868944002243
"M21330",-0.233988858248741
"M21344",-0.0506471861200812
"M21352",0.105620544262546
"M21357",0.0276852431241781
"M21373",0.13992512666158
"M21379",-0.30853797241079
"M21382",0.0131545190772953
"M21383",-0.290957342241707
"M21402",0.225149018632087
"M21403",-0.537065311862215
"M21407",-0.286688419168162
"M21422",0.178622300285199
"M21450",-0.0527734413788133
"M21457",-0.154851728187355
"M21458",-0.119577088997569
"M21460",-0.107244283116655
"M21464",-0.0680128824681362
"M21480",0.0281028833036851
"M21481",-0.0739567991948357
"M21483",0.0590610047191863
"M21488",-0.130222240241779
"M21495",-0.0166496453017786
"M21496",-0.0417023796960743
"M21503",0.0734556178099508
"M21504",-0.0312147048985653
"M21508",-0.0977218548882446
"M21515",-0.0353373587754574
"M21526",-0.102201937582138
"M21528",0.00946312977436272
"M21535",0.0606422631866815
"M21536",0.0787876517243226
"M21554",-0.204044956176054
"M21572",0.114938280492915
"M21573",0.0158871915608529
"M21575",-0.0911501245804568
"M21580",-0.170430580242223
"M21581",0.0723775114736211
"M21582",-0.243592001431681
"M21587",0.00681272400991258
"M21589",-0.0890641449342136
"M21602",0.00964939376304852
"M21607",0.301565059595653
"M21616",0.298546479510971
"M21617",0.154164087073144
"M21621",-0.173789488635901
"M21625",-0.0227091550417658
"M21626",-0.354902217380715
"M21637",-0.130923513899132
"M21644",-0.125522748783696
"M21646",0.0548346966398902
"M21651",-0.110655015783398
"M21656",-0.157499305918386
"M21672",-0.108423036036234
"M21674",-0.0764172744612908
"M21676",-0.286788742583635
"M21688",0.0386775818940901
"M21690",0.00643057720324139
"M21693",0.21992506314997
"M21697",0.130366415931616
"M21700",-0.0654572326424205
"M21701",-0.194559919179
"M21706",-0.259754513874732
"M21708",-0.0151979246468731
"M21719",-0.0549821279568494
"M21721",0.00942520051037479
"M21727",0.371248212931258
"M21730",-0.244580097519906
"M21731",0.186473816213407
"M21732",-0.122141933674983
"M21733",0.445052783841413
"M21743",0.0753573931673705
"M21758",-0.242070809785357
"M21760",0.489904388277891
"M21761",-0.133769819509728
"M21768",-0.233663562443046
"M21782",0.168445405737667
"M21802",0.0527687018270197
"M21850",-0.0422289866067251
"M21870",-0.153525447858234
"M21880",-0.223864594921503
"M21891",0.0613325851167575
"M21895",0.133747575937646
"M21916",0.0859775666279523
"M21929",-0.175355210357959
"M21931",0.0972827428555159
"M21933",0.0942145797106926
"M21952",-0.21406091040581
"M21979",-0.136236434358125
"M22000",-0.0389492818088376
"M22001",-0.0738612098429515
"M22036",-0.0955475802185476
"M22038",-0.184943928263222
"M22044",-0.0881685955670713
"M22045",-0.056036945425836
"M22050",-0.0971529619932459
"M22052",0.1454304917184
"M22053",0.00118931723654718
"M22097",0.214593463306291
"M22151",-0.0135160907488486
"M22166",-0.718570964583643
"M22183",0.028603302872015
"M22351",-0.0517667162122553
"M22369",0.0312780454236492
"M22370",-0.0618785748354851
"M22375",-0.531400946973476
"M22376",0.192610165485977
"M22377",-0.213092221673694
"M22379",0.0828102650091125
"M22387",-0.0823293894735562
"M22415",-0.0856326918163645
"M22460",-0.0166662910451011
"M22478",-0.00606265747815364
"M22509",0.0854712769123452
"M22531",-0.144472541984908
"M22533",0.100509056275352
"M22587",-0.0403607893914142
"M22593",0.102056428609136
"M22597",-0.153750351658153
"M22603",-0.156763899550319
"M22605",0.21074563337826
"M22612",0.324276454024598
"M22622",0.0634498088187684
"M22627",0.397117780317238
"M22630",0.0252830979497708
"M22631",-0.673730818825526
"M22633",0.0415812478291291
"M22637",0.143757688517679
"M22639",0.0332828248321032
"M22644",-0.0934075555045925
"M22646",-0.349367989082996
"M22667",-0.323787570359106
"M22669",0.217080510492286
"M22672",-0.265051348330638
"M22676",-0.16535388731813
"M22679",0.123127555387347
"M22682",-0.106731129223456
"M22704",0.146152280703462
"M22706",0.237717035075885
"M22716",-0.367185667850338
"M22735",0.106848224842196
"M22749",-0.217668442263087
"M22750",-0.268062680438302
"M22755",-0.478073096802674
"M22757",0.115627160182761
"M22763",-0.148690331772251
"M22782",0.331715007986239
"M22813",0.0691257159330688
"M22832",0.0212301654019927
"M22833",-0.342543367665571
"M22838",-0.297257675757326
"M22855",-0.103720202846013
"M22923",-0.11476539609554
"M22941",-0.0844376048044585
"M22955",0.130366011163625
"M22964",-0.367716595293005
"M22965",0.22918421253899
"M22974",-0.12780668691333
"M22978",-0.109342229518594
"M22985",-0.375492681844131
"M22995",-0.0530914583291761
"M22997",-0.0617350602456524
"M22998",-0.131591476953257
"M23009",0.108412303698192
"M23020",0.00285367962664966
"M23027",0.0250098957079392
"M23033",0.135549355263849
"M23034",-0.22171164257997
"M23044",0.312834154213438
"M23056",-0.467431417358408
"M23058",0.130842387208987
"M23060",0.272550084269016
"M23088",0.0739956357123539
"M23092",-0.0586841245014485
"M23093",-0.306715641934389
"M23119",-0.432281791428832
"M23127",-0.0701821057291548
"M23136",-0.018633083586321
"M23144",-0.0479506711047977
"M23149",-0.0431562859891018
"M23150",0.168784172811951
"M23159",0.190797405858039
"M23164",-0.0365546257966042
"M23169",-0.00430066292010731
"M23171",0.0083390402991709
"M23173",-0.0621358223753169
"M23179",-0.102088974478224
"M23187",0.11772039052226
"M23213",-0.130508870668312
"M23223",0.118798985927923
"M23224",-0.0797104626672094
"M23226",-0.0717944368040115
"M23237",-0.0391536017169468
"M23240",-0.0152907678723807
"M23253",-0.0819734735818944
"M23260",-0.300234819361604
"M23263",0.0151438035715403
"M23267",0.00874558310823962
"M23272",0.0260702415034773
"M23273",-0.0875577116820604
"M23274",-0.00487515063651664
"M23275",0.133740524941618
"M23278",-0.134091384299798
"M23279",-0.0375710555534205
"M23287",-0.173000733443496
"M23291",0.00964195438886001
"M23299",0.0649857361803855
"M23301",-0.0460754175553468
"M23312",0.485198255931913
"M23318",-0.0262265403653302
"M23322",-0.0978114825957711
"M23324",0.102213179753562
"M23327",0.0100687366983383
"M23328",0.103437882603371
"M23334",-4.70919438460101e-05
"M23335",-0.0604776822690157
"M23342",-0.0893976115556339
"M23344",0.622511484747187
"M23346",0.398370180610622
"M23354",-0.0919855839311654
"M23359",0.0222422882301307
"M23361",-0.114526340431174
"M23364",0.158189508456257
"M23366",0.12212465990184
"M23371",0.202559700335822
"M23373",0.315282559866516
"M23384",-0.025340790312181
"M23389",0.0996016926813577
"M23390",0.0332034086488075
"M23399",-0.0233302843168636
"M23400",0.0518563128977984
"M23410",-0.0509602582072531
"M23417",-0.00621686594609262
"M23419",-0.0545377275309339
"M23421",-0.214541613373859
"M23423",-0.129334349533626
"M23433",-0.0417845127318751
"M23434",0.11982989821345
"M23436",-0.107391602425354
"M23437",0.062070809163973
"M23438",-0.0404252878169058
"M23443",0.209154745195877
"M23445",0.284251633737933
"M23448",-0.233758095633287
"M23449",0.106952187708428
"M23456",0.0104546432762791
"M23458",-0.248395148363759
"M23462",0.326825157860716
"M23463",0.50055438854049
"M23464",-0.190919502036712
"M23465",-0.131650859043732
"M23466",0.122223574352764
"M23467",0.0948109763967221
"M23468",0.104976352821824
"M23470",0.0652464444512343
"M23471",-0.0663643338559069
"M23473",0.068880713830872
"M23476",-0.0646124050548031
"M23485",0.0302244133477639
"M23486",0.052230788165603
"M23487",-0.00963163903547447
"M23488",-0.00375700133588302
"M23489",8.77911214412001e-05
"M23492",0.0256503016731516
"M23494",0.117130473326038
"M23502",0.0522523729998115
"M23506",0.0842716775486639
"M23514",-0.0601858626684498
"M23520",0.0442148442779625
"M23522",0.0440741753212901
"M23523",0.028419573337471
"M23524",0.191674989608053
"M23525",0.178177150902269
"M23527",-0.0591683266202856
"M23528",-0.0446878096250301
"M23529",0.0960676545266154
"M23531",-0.211202754150189
"M23534",0.0601786751643536
"M23543",0.0720142626835347
"M23544",0.18310107636331
"M23547",0.0134196085135568
"M23555",0.0604947260264531
"M23557",0.196350653526842
"M23585",-0.020666579654254
"M23600",0.235163202281751
"M23601",-0.126990852690112
"M23609",-0.256999960019452
"M23616",0.20479968081624
"M23623",-0.153560527575023
"M23627",0.244444078619467
"M23630",0.183550389879395
"M23632",0.182609373692783
"M23633",0.204506098826043
"M23635",0.0760592172435596
"M23636",-0.0154155662259089
"M23644",0.121698529417516
"M23647",-0.0784696021242458
"M23649",-0.0289764153696547
"M23654",0.0959549472758842
"M23655",0.35332725008984
"M23658",0.0647953588400593
"M23662",0.0327574193273624
"M23665",0.0856862016915051
"M23669",-0.0812639530403476
"M23673",0.130091575946144
"M23674",-0.0164093656330206
"M23677",0.0899878037836192
"M23693",-0.175815769450114
"M23699",-0.0390604755985871
"M23706",0.0156487728191977
"M23708",0.0254902928175699
"M23710",-0.01449731549722
"M23712",0.121647642617435
"M23713",-0.130621225870131
"M23715",0.220434550285103
"M23733",-0.269252338533749
"M23748",-0.331571917765597
"M23774",0.274344895497504
"M23780",-0.00400147967225579
"M23782",0.0137210188509094
"M23791",0.0636981257514159
"M23793",0.124636996404935
"M23799",0.103074413817316
"M23801",0.0472517860728334
"M23808",-0.0694352300601979
"M23814",0.344420531599368
"M23816",0.0634339764390708
"M23825",0.0404570485286434
"M23836",-0.0917025848536742
"M23842",-0.220984765741773
"M23845",-0.0126775366675165
"M23848",-0.0218778515993878
"M23859",0.0472525051649239
"M23864",0.133405566014317
"M23865",0.0488582726028878
"M23868",0.00363628792348827
"M23871",-0.160286866864796
"M23878",0.0734306723604768
"M23882",-0.07767454572808
"M23883",-0.151713891915462
"M23896",-0.041925769819829
"M23897",-0.091724748200164
"M23902",0.0421900390973982
"M23906",0.129627506093882
"M23907",-0.08322069634538
"M23910",-0.291241715521399
"M23920",0.0866781213491206
"M23921",0.0181327081858157
"M23923",0.126917418661126
"M23925",0.0428295790823659
"M23943",-0.0470669665365664
"M23944",-0.154667008319333
"M23949",0.0591498935323525
"M23952",-0.0243570497289627
"M23958",-0.0263007406602697
"M23959",0.0221776897608682
"M23962",-0.0239943337910373
"M23965",0.0273298701801556
"M23967",-0.125517196565428
"M23973",0.0277694223799708
"M23977",0.0249123520090204
"M23979",-0.162466481340672
"M23995",0.0725514348266855
"M23999",0.375543388160628
"M24006",-0.277481186881981
"M24007",0.0612673513239062
"M24020",-0.314872108756109
"M24022",-0.136868353228606
"M24028",0.063574901253572
"M24034",-0.0157343920564476
"M24040",-0.164966194781936
"M24046",0.101745089147592
"M24047",-0.134270014621183
"M24051",0.214914589351445
"M24067",0.109565004867592
"M24070",-0.160112097140738
"M24076",-0.0536030448289566
"M24084",-0.113082867369255
"M24093",0.0535940235783737
"M24104",-0.0750836940740021
"M24107",0.0631583962236158
"M24108",-0.00900921615064654
"M24118",0.283685934945334
"M24119",0.275082342986049
"M24131",-0.0764330255693926
"M24132",0.241902442280121
"M24161",0.0328256226386689
"M24175",0.0342726048840267
"M24176",-0.0793633882533933
"M24182",-0.099495982533087
"M24185",-0.0725555864523037
"M24203",-0.00957982512711697
"M24211",0.254893407954461
"M24219",0.260033613080871
"M24228",0.161375979235475
"M24229",-0.119113999512245
"M24234",-0.0402032495252271
"M24235",-0.0656498608473033
"M24239",0.0520355699313553
"M24240",-0.139280433821126
"M24248",0.0300979641184724
"M24249",0.0275629687062988
"M24253",0.0667102966743057
"M24258",0.131454938134521
"M24259",-0.0410156489126611
"M24260",0.115051120882273
"M24265",-0.0172236821825287
"M24275",-0.0127222735108758
"M24278",0.124672854390101
"M24279",0.291211081842835
"M24288",0.152749104666884
"M24296",0.0844705412189547
"M24297",0.00946230505895317
"M24314",0.00457100733983321
"M24320",0.149365851951782
"M24323",0.135647116833268
"M24325",0.021246135031594
"M24326",0.00764403638929929
"M24328",-0.267662452484406
"M24344",0.0454816178185744
"M24351",0.708628663969863
"M24355",-0.647332459435772
"M24363",-0.0476757656743743
"M24383",-0.00977143287357071
"M24385",-0.0260746427220542
"M24399",-0.0869304877283016
"M24406",-0.208466482530015
"M24408",0.0611141962892524
"M24443",-0.123103053652534
"M24448",-0.170974396548738
"M24451",-0.0238424654219674
"M24454",0.0852306559586147
"M24460",-0.159867702350816
"M24463",0.022214188888745
"M24466",0.0589254727048873
"M24467",0.145878891157303
"M24486",0.169978224061284
"M24487",0.00837203811667824
"M24495",0.0701299093600352
"M24498",-0.0320514040439462
"M24508",-0.253989771961661
"M24524",0.204276216474154
"M24525",0.105423710375651
"M24526",-0.254165676944001
"M24539",-0.1272051731293
"M24541",0.0868521691377727
"M24549",0.368804719396676
"M24553",-0.0816851009158569
"M24557",0.301697746575212
"M24562",0.0593816323395102
"M24563",0.0740426851893547
"M24565",0.0536318537515218
"M24569",-0.14884093504646
"M24570",-0.106853433116754
"M24572",-0.166378562034752
"M24590",-0.177040481498102
"M24600",0.144774297116983
"M24601",-0.0925769800393603
"M24603",0.0934090423204315
"M24610",-0.0118509190165545
"M24615",0.23258659762542
"M24639",0.0311712709498713
"M24640",0.175439582844101
"M24643",0.117691040860183
"M24645",0.0744275133291494
"M24652",-0.196766590296405
"M24653",0.0762640755119164
"M24669",0.0464430628437832
"M24675",0.0199195714081403
"M24676",-0.1748464401325
"M24682",0.00922446265853994
"M24688",-0.0960500750468911
"M24693",0.0482802022888412
"M24694",0.0780886874848335
"M24696",0.137835743611445
"M24697",-0.0387433741816646
"M24725",-0.00335891182613186
"M24762",-0.105740050111495
"M24776",0.0366998554224384
"M24777",-0.0664042447603337
"M24779",-0.099869222900905
"M24781",0.0325203449133225
"M24785",0.0784735290369613
"M24788",0.0448728138827904
"M24789",0.0323176602371911
"M24794",0.117381833787713
"M24796",-0.0597070522690174
"M24798",0.171224876067321
"M24802",0.241085597420859
"M24810",0.136459769717689
"M24811",-0.0590991383893907
"M24813",0.0102679601305338
"M24818",0.0727001447487708
"M24820",-0.00559259968655055
"M24821",-0.0589647235745752
"M24822",-0.077266412493128
"M24823",-0.0303905051456307
"M24826",-0.0690246095213673
"M24827",0.255928033082008
"M24828",0.131471858929046
"M24831",-0.117328310912342
"M24833",-0.0150265058281897
"M24834",0.168695355613505
"M24836",0.14197424820058
"M24839",0.0379708097904155
"M24842",-0.0466476179241122
"M24843",0.0382511328255343
"M24846",-0.00405616590454142
"M24849",-0.0455276491072427
"M24851",0.00154484828600203
"M24854",0.104148510079203
"M24855",-0.127093722847783
"M24859",0.189517296844784
"M24860",0.202847059317077
"M24863",-0.0990577023089167
"M24871",0.046673320405489
"M24872",0.111837781841674
"M24882",0.0221031050159429
"M24883",-0.139958813592723
"M24894",-0.299656019323355
"M24910",0.176312388719222
"M24915",0.366844865670952
"M24920",-0.151942563862222
"M24928",0.0546427993389299
"M24930",0.281520078466309
"M24931",-0.0243097665828608
"M24943",-0.202494274120118
"M24953",-0.119568086056614
"M24954",-0.284920560302371
"M24964",-0.188993667437649
"M24985",0.00653962531708775
"M24986",0.206306420035505
"M24988",-0.105990439982709
"M24990",-0.0686664677266809
"M24991",0.117840198438305
"M24992",0.123456076287009
"M24995",-0.0963650592580477
"M24996",-0.1230824150185
"M24997",0.0377673905502089
"M24999",0.0359528185132788
"M25260",-0.0533674493260574
"M25458",-0.128991572456787
"M25459",0.0463230944409136
"M25468",0.137881678037206
"M25474",0.106184824749039
"M25475",0.0618689572671969
"M25481",0.0395815862617341
"M25482",0.0203962993376265
"M25487",0.019392707673483
"M25493",-0.0983790226042675
"M25497",-0.000464322826716892
"M25501",0.204236488820392
"M25502",0.0189187805409998
"M25504",0.0478306998084406
"M25514",0.116056946086207
"M25516",0.0208764606735972
"M25518",-0.0603360640235253
"M25520",0.0261484770958257
"M25525",0.179034643512814
"M25526",-0.179623289808299
"M25535",-0.056900759398923
"M25542",0.104997174279678
"M25543",0.118855632388034
"M25545",0.158062600875193
"M25546",-0.0851357943311601
"M25547",0.123846395163759
"M25564",0.0209290893117345
"M25567",0.0465435900050186
"M25570",0.018073492078094
"M25574",0.0128345907751812
"M25580",-0.0569023495462501
"M25587",0.439903375532362
"M25592",-0.116529051569993
"M25594",-0.293511975867298
"M25595",-0.0697074187819795
"M25604",-0.0157768462147201
"M25605",0.32206233376681
"M25609",-0.209115585423599
"M25611",0.0632027447681073
"M25612",-0.310692544717794
"M25617",0.0320834652816741
"M25633",-0.01939645281023
"M25634",0.248226853669889
"M25641",0.0955332578100938
"M25652",-0.292508930424144
"M25659",-0.702029081295978
"M25662",0.000879380972839187
"M25668",-0.510674277481205
"M25671",0.474833172289067
"M25674",0.163837156831136
"M25675",0.292937144855143
"M25680",-0.425874614504134
"M25682",-0.269750496388679
"M25687",-0.459499789231624
"M25689",-0.264998534408749
"M25691",-0.370126025457693
"M25699",0.203360372345616
"M25709",0.167113641715701
"M25711",-0.0489048936704783
"M25718",-0.0684291090509992
"M25724",0.100839611895047
"M25725",-0.340895059116229
"M25728",0.106140987559697
"M25729",0.287614437513823
"M25753",0.116650709216156
"M25754",-0.403424185534909
"M25756",-0.145902877394527
"M25761",0.227095279554573
"M25788",-0.0337571721541666
"M25794",0.0864549197248933
"M25796",0.0287604696907043
"M25800",0.0548234781955583
"M25805",-0.187487801264018
"M25809",-0.0902611909774853
"M25817",-0.15271564736407
"M25820",0.0996951971235459
"M25852",-0.0134597286648649
"M25853",-0.104711214486107
"M25855",-0.169098907325921
"M25874",0.0414554950382132
"M25878",0.134284975590882
"M25889",-0.0111792710921153
"M25910",-0.19039243538208
"M25942",0.0417415341328101
"M25944",0.108880583062356
"M25973",-0.0443782963055459
"M25976",0.159387151700695
"M25983",-0.0107455130521057
"M26003",-0.170062368299835
"M26019",0.0799689186826041
"M26026",-0.107798684735265
"M26030",-0.156256006020235
"M26040",-0.0100518370499099
"M26045",-0.0504100531839152
"M26047",-0.0718257338423705
"M26048",0.0534631289360751
"M26051",0.0199742467270408
"M26074",-0.00289490980025944
"M26088",-0.114005082900509
"M26092",-0.20657675666277
"M26093",-0.0275764926106906
"M26095",-0.229406003835543
"M26096",-0.00200041150148838
"M26097",-0.0617313760619409
"M26099",-0.408505218046171
"M26101",0.0788186915336341
"M26102",-0.226555606031894
"M26105",0.0906746548153313
"M26108",0.099485631363189
"M26112",0.163921766216933
"M26113",0.231287127885381
"M26115",-0.271660979005827
"M26117",-0.302914451831158
"M26118",-0.278314690541979
"M26122",-0.0749898104624019
"M26123",-0.370674472690824
"M26124",0.0567209430742391
"M26128",-0.391275562883533
"M26130",-0.215381713882966
"M26131",-0.116201659743463
"M26137",0.231834836656335
"M26142",-0.578817739923789
"M26149",-0.0634005664856821
"M26172",0.0864580338908911
"M26176",-0.072446421752963
"M26188",0.0304030222217495
"M26189",0.0245671120598616
"M26191",-0.0482198808503261
"M26198",0.0710807853917894
"M26205",-0.139346727727027
"M26220",-0.025358864215254
"M26223",-0.138178794355203
"M26227",-0.0732368882495878
"M26231",0.042564523622071
"M26232",0.135040517794375
"M26234",0.157645549067524
"M26235",-0.0788340044966504
"M26236",0.0307775376486974
"M26268",0.415948108739661
"M26273",0.315331111018974
"M26276",-0.0423534266207058
"M26277",-0.218503208510052
"M26278",0.00288617976550109
"M26290",-0.040619036866859
"M26299",-0.00691678516967761
"M26307",0.423252626963829
"M26313",0.0826802327463077
"M26314",-0.150652150144021
"M26325",0.0706389219453698
"M26336",-0.0880821351093909
"M26347",-0.0629750578797849
"M26411",0.0538429287414689
"M26412",0.0450755056733168
"M26413",0.103846567095579
"M26414",-0.057264037260031
"M26417",0.00139316533431664
"M26418",0.119244309979152
"M26428",-0.060989916393861
"M26434",-0.168521650584724
"M26447",-0.147716654566127
"M26455",-0.28748152232094
"M26468",-0.109417631565764
"M26472",-0.0942290051494897
"M26489",0.0396877676470229
"M26528",0.00121480644217726
"M26534",0.04743800381735
"M26536",-0.25579214163078
"M26543",-0.00765710284842751
"M26558",-0.120505633682213
"M26561",-0.00746728267084432
"M26564",-0.00460630544767492
"M26569",0.092205941654133
"M26572",-0.0563000497518021
"M26582",0.0409046368202068
"M26592",0.0108447343601607
"M26598",-0.195222031753931
"M26600",-0.0752949466101107
"M26605",-0.0258978505220673
"M26609",0.128999599696889
"M26615",-0.0208586924750546
"M26616",0.149436925112183
"M26617",0.0935033447952407
"M26623",-0.0582706025685346
"M26631",-0.104964032291161
"M26654",0.0746684056417778
"M26657",-0.0250868553957931
"M26661",0.059649934611607
"M26672",-0.00847895931172401
"M26677",0.0519557969211006
"M26680",-0.160192635931692
"M26685",0.0700804401104162
"M26716",0.162142126724549
"M26728",-0.148876952634576
"M26738",-0.0758615196491531
"M26755",-0.0227255674501879
"M26757",0.0197911982061432
"M26762",0.0689708778188347
"M26767",0.00671853871552721
"M26773",-0.0557390523099169
"M26775",-0.20493424173827
"M26777",-0.300166310619484
"M26783",0.142366664515967
"M26785",-0.0507559727922673
"M26791",-0.0694562359939914
"M26798",-0.129901560994141
"M26810",-0.142863057363619
"M26812",0.0962041858856851
"M26826",-0.389066822180629
"M26844",0.00611000586880868
"M26852",-0.0380393693847152
"M26859",-0.116346200584768
"M26860",-0.0165575598065221
"M26862",0.00225686385534768
"M26879",0.0899029355702128
"M26897",-0.0697736631120885
"M26901",-0.191400980056648
"M26902",0.0262135666512448
"M26907",-0.0263684920385831
"M26908",-0.0168371364799637
"M26909",0.0113351094706733
"M26912",-0.199425619224588
"M26932",0.157967977642421
"M26937",-0.199097155129916
"M26938",0.0989577459682785
"M26966",-0.0620353733360231
"M26980",0.0408739727480309
"M26991",-0.111956178335509
"M26993",-0.057084431121066
"M27004",0.0416425741992728
"M27033",0.0408275962392018
"M27042",0.157086198554607
"M27043",-0.0378460229581556
"M27046",0.0783360879038378
"M27047",-0.275227813442807
"M27049",0.314539277742006
"M27054",0.0334075674919362
"M27056",-0.195010459225783
"M27059",-0.352862526317474
"M27068",-0.246443606101183
"M27072",0.262476774540254
"M27074",0.013275832934386
"M27079",0.0605173725210312
"M27090",0.136082519149915
"M27094",-0.0405955219953678
"M27095",0.262380499731451
"M27099",0.388931710537291
"M27138",-0.138020380772486
"M27166",-0.025515251476812
"M27180",-0.222568218804283
"M27185",-0.137682338341795
"M27187",-0.0591795927617477
"M27190",-0.206354998093558
"M27194",-0.0139469765919783
"M27196",0.273699312840104
"M27200",-0.110476737750113
"M27201",-0.176591145876554
"M27209",0.121270079099973
"M27216",-0.0742965856814071
"M27217",-0.114313353529637
"M27223",0.191441978248403
"M27232",-0.20346086330572
"M27235",-0.0626575506515463
"M27236",-0.224901049534315
"M27247",0.025083438599253
"M27252",0.0132082176771105
"M27255",-0.196033026151671
"M27258",-0.167962354770785
"M27263",0.0644137217775142
"M27269",-0.480906258185327
"M27271",0.113348306943288
"M27274",0.253989255572945
"M27277",0.128551308283935
"M27286",0.414897589333568
"M27293",0.200523663808613
"M27298",0.227212975156188
"M27311",2.17373724568261
"M27320",0.505752741324697
"M27345",0.435022609574048
"M27360",0.523033069129574
"M27381",-0.0493424307090753
"M27400",-0.0187572078711536
"M27407",0.0257634169589208
"M27458",0.065760808842251
"M27535",0.036025177686875
"M27555",0.0250426843302426
"M27626",-0.252419176497013
"M27641",0.227905111525739
"M27645",-0.0459170636362791
"M27754",-0.0662521622512331
"M27778",-0.161174128597291
"M27794",-0.22582376412641
"M27970",-0.205132746988551
"M27971",0.236444525091693
"M28016",-0.0829242000267799
"M28020",0.120145802154909
"M28021",-0.000291951594132339
"M28028",0.0141008772672914
"M28048",0.0611479900317838
"M28052",0.315509164365402
"M28056",0.0948033987329642
"M28060",0.0961180304579581
"M28075",0.00740230250278641
"M28084",-0.000859785119462687
"M28086",0.150954032593809
"M28091",-0.522834440740076
"M28099",0.0631068205352969
"M28107",0.04626873945592
"M28110",-0.229003487379408
"M28112",0.0721065125365546
"M28125",0.300766196554911
"M28130",-0.0624113524362241
"M28142",-0.41550200476036
"M28151",0.00637694476636416
"M28156",0.0348458378398021
"M28163",-0.222851198815568
"M28164",-0.369211725791204
"M28169",-0.21457216840218
"M28173",0.0200576666801
"M28191",-0.00227535822534442
"M28194",0.23811107348061
"M28203",-0.506458941444039
"M28207",-0.00544319068412228
"M28211",-0.205337921824722
"M28229",0.162340783405843
"M28232",-0.116363211133788
"M28251",-0.00187923935027463
"M28252",0.0380203297697672
"M28253",0.0476043029710098
"M28258",0.153328440052226
"M28259",0.0454288811185749
"M28262",-0.0471228802768284
"M28263",0.0201038762322576
"M28265",0.107577460821919
"M28266",0.210653421785019
"M28270",-0.0748758607749599
"M28274",-0.111883466612602
"M28287",-0.179257628115686
"M28291",-0.00274647884230814
"M28299",-0.0728525282947404
"M28313",-0.0776758761861855
"M28320",0.0429358683164106
"M28325",-0.210157918574269
"M28338",0.0226338548885958
"M28339",-0.0597045062055544
"M28340",-0.0284104768953002
"M28345",0.0306842271453103
"M28347",0.166382456627381
"M28348",-0.248200658658435
"M28350",-0.011465205930071
"M28351",-0.198346354839831
"M28352",-0.11679794714891
"M28356",0.217677684792303
"M28358",-0.101566862870093
"M28363",-0.10771731309341
"M28366",0.213724349075981
"M28368",0.0484056274659158
"M28372",0.0615905762391097
"M28380",0.101091940936967
"M28389",-0.073681360863404
"M28390",-0.0201619107886897
"M28397",0.207600206908022
"M28410",-0.0310147484730105
"M28411",-0.138198248912673
"M28412",-0.00806728694167656
"M28413",-0.00704657035519981
"M28415",0.0458316083713286
"M28417",-0.19534598109283
"M28422",-0.00693118132019347
"M28426",0.0244342592080487
"M28428",0.21503820817291
"M28429",-0.144695680582428
"M28434",-0.00769331602787753
"M28437",-0.207334252176281
"M28438",0.0423001385017145
"M28440",-0.0021461588834253
"M28441",0.0454149627152138
"M28485",-0.234078781588648
"M28487",-0.141614393395691
"M28488",0.129430773870273
"M28489",0.229760033120925
"M28490",0.0374202337583872
"M28496",-0.0236884270430103
"M28497",-0.136358332656311
"M28506",-0.00574556230316989
"M28511",0.0961640554783668
"M28513",0.102502649992519
"M28514",0.0916774089847692
"M28516",0.310592809677037
"M28519",0.251431576855766
"M28524",0.145678213330268
"M28525",0.0512990369712945
"M28526",0.251821689250668
"M28528",-0.182407572399214
"M28530",0.402602523453079
"M28531",-0.0377014684409237
"M28535",0.114907335392332
"M28537",-0.133517383314265
"M28541",-0.0635518916877814
"M28544",-0.205696955366345
"M28546",-0.0620877219776111
"M28547",-0.0331743433243578
"M28549",0.0665606210103968
"M28550",-0.0352962478746595
"M28554",-0.0769368726828578
"M28563",-0.112150474008638
"M28568",0.0848454124155508
"M28574",0.255815370133894
"M28583",0.194189838998154
"M28584",0.19148681380967
"M28592",0.0692327493885255
"M28594",-0.083807511937353
"M28595",-0.193167937939727
"M28602",0.0170665308439147
"M28603",-0.0017947709222601
"M28604",-0.0221513145526502
"M28613",-0.101191956752273
"M28628",0.184808024138862
"M28634",-0.143695059311205
"M28641",-0.11861321642913
"M28643",-0.121659336699671
"M28650",-0.0924526967045755
"M28653",-0.0250353569146077
"M28673",-0.0157276793290999
"M28679",-0.0482090422376178
"M28688",0.200653046294063
"M28692",-0.122442865607718
"M28699",-0.0947279981050296
"M28700",-0.110677756591482
"M28701",-0.00134025039433264
"M28716",-0.0433353012081466
"M28718",0.153751813078353
"M28726",-0.0259418095768076
"M28728",-0.361327151606938
"M28730",0.137348599849206
"M28731",-0.0906451904899211
"M28732",0.0198759038782141
"M28761",-0.225007427574333
"M28762",-0.231518544883982
"M28763",0.154070060819282
"M28766",-0.216412169466716
"M28770",0.193708865096511
"M28777",0.149567154578083
"M28778",0.369822635856586
"M28779",0.171868088991458
"M28780",0.108116204742627
"M28789",0.446108686494053
"M28791",-0.0824200285420653
"M28792",-0.427238565744945
"M28801",0.458206081365851
"M28803",0.229574925448225
"M28807",-0.253667978643744
"M28808",-0.1142847233806
"M28815",0.153239715925025
"M28816",-0.143971422573767
"M28818",-0.142195031373257
"M28822",0.178342059962603
"M28826",-0.437185583273097
"M28827",0.0117367216842674
"M28829",-0.172657936447034
"M28830",0.56654732302119
"M28834",-0.177597622225076
"M28838",-0.275544722829128
"M28870",0.0650358370017036
"M28872",0.0974150691582711
"M28881",-0.0618521000708662
"M28886",-0.188399745059108
"M28887",0.0276428843153215
"M28897",-0.0210423478887387
"M28901",0.0695963233738298
"M28916",0.102527744397322
"M28938",0.0143738132762406
"M28939",0.0143378570135073
"M28960",0.202236215225297
"M28980",-0.0616509995477496
"M28990",-0.099810535068683
"M28992",-0.105397698145659
"M29033",-0.0701993480267559
"M29041",0.26051336797588
"M29046",0.0275689686225254
"M29051",0.121971899088646
"M29055",-0.0755042620915332
"M29056",0.0261823078637668
"M29095",0.183447915622757
"M29112",0.0685135796442709
"M29116",0.171527228013917
"M29119",0.0329230692372271
"M29123",-0.0465970917044701
"M29125",0.218198122502071
"M29138",0.053556477880301
"M29165",0.235070348548502
"M29167",-0.0234511982591204
"M29172",-0.15133418409391
"M29220",-0.371594226681527
"M29225",0.102386936887093
"M29251",0.0277887596785649
"M29252",0.0899190605061953
"M29257",0.0548587375455825
"M29262",-0.0692435365677507
"M29270",-0.104766175210844
"M29274",-0.161182726113642
"M29277",0.108976270316823
"M29278",-0.0134913514121891
"M29283",0.00986343092777162
"M29294",-0.0559861725735656
"M29299",0.0868226531430278
"M29302",-0.0486778620075564
"M29311",-0.000219480832596053
"M29335",0.066031469574645
"M29354",-0.0326212542626792
"M29391",-0.0896337321685323
"M29405",0.158407840670174
"M29407",0.202230565686768
"M29438",0.0461857884710795
"M29445",-0.0374455970283187
"M29448",0.399525323852801
"M29458",-0.13411134113373
"M29465",0.15637049459298
"M29468",0.0152643635488368
"M29480",0.149479092935523
"M29483",-0.0470566274087068
"M29484",0.204565701275763
"M29500",0.0145203872057502
"M29509",0.0215026376358576
"M29517",-0.0201289562144198
"M29524",0.197030176812388
"M29534",0.108290004418637
"M29539",0.0588433410531007
"M29548",-0.0395007660379987
"M29551",-0.0157454162198468
"M29552",0.119861899589471
"M29556",-0.072344616231801
"M29560",0.0631793869389408
"M29566",-0.0542096170874783
"M29570",-0.0567965869236678
"M29579",0.0850078265976258
"M29593",0.214481313499642
"M29599",-0.239373724375331
"M29600",-0.202073041297548
"M29601",-0.300083843839561
"M29613",-0.0385908393281342
"M29618",-0.0808571874701416
"M29625",0.18409455955883
"M29628",0.00926403494457359
"M29630",-0.0182405510241226
"M29637",0.045886265949245
"M29639",0.092729865882912
"M29648",-0.0611502496712167
"M29658",0.0725195843127441
"M29663",0.0693466791733366
"M29667",-0.00936927823320184
"M29669",-0.14800194010581
"M29692",-0.0315827786471327
"M29702",-0.0669637098993505
"M29706",0.120305686668975
"M29707",0.117830636960163
"M29709",0.0315109412492919
"M29711",-0.0289642907572982
"M29716",-0.346309718473162
"M29739",0.0588386247568185
"M29740",-0.20034394734245
"M29744",0.000924349612128413
"M29749",0.0449554491080937
"M29761",-0.117367338297936
"M29773",0.0239127092035897
"M29779",-0.28446931948965
"M29785",-0.00165758911088601
"M29796",-0.138502679399325
"M29812",-0.0130726744860284
"M29816",0.082368222971741
"M29820",-0.0146228006239943
"M29826",0.0724286709980912
"M29838",-0.0427840762271996
"M29840",-0.0152000048739201
"M29846",0.22702188444782
"M29849",-0.0207699781007501
"M29850",0.0198704154955178
"M29851",0.0267015324028814
"M29853",0.0589490530979181
"M29857",-0.0641035252127946
"M29858",-0.0332777639047487
"M29868",-0.0573239003050476
"M29870",0.159314937261809
"M29874",-0.106270491087045
"M29879",-0.084044687213449
"M29890",0.239964034984377
"M29902",-0.0141013949717208
"M29910",-0.0571793878780277
"M29917",-0.120651116814598
"M29922",0.00111824107715216
"M29931",0.00810742471757687
"M29965",-0.167380186035969
"M29977",-0.0654610766939468
"M29980",0.192916488874851
"M30018",0.654831309047571
"M30024",-0.192129888873475
"M30026",-0.2157797877377
"M30046",0.0622001407161336
"M30054",0.050852245569663
"M30059",-0.00232275844452363
"M30064",-0.173171595513105
"M30065",-0.142885510175372
"M30069",0.112627686551018
"M30114",-0.0637117531167044
"M30125",-0.0183570642102533
"M30130",0.0234127863865113
"M30131",-0.176525123407241
"M30133",0.0736009713889911
"M30135",-0.104470891882907
"M30142",0.08654009072756
"M30146",-0.0339757965231911
"M30209",0.129811906042198
"M30211",0.245224028769645
"M30227",-0.0336428838443353
"M30235",-0.0743145226461085
"M30238",-0.176102544816744
"M30242",-0.00609436793832818
"M30254",-0.214196822712363
"M30257",-0.0133561806343563
"M30260",0.0178330237457609
"M30320",-0.107058230905549
"M30321",-0.11678237750733
"M30335",0.0952022690219662
"M30337",-0.0949128032575068
"M30344",-0.00382197405465174
"M30352",0.164742708022121
"M30373",-0.0774875921442127
"M30374",0.00760516354001474
"M30392",0.12250728241506
"M30468",0.0305837757504926
"M30472",0.00617490135405738
"M30476",0.065070683089521
"M30477",0.129716137323432
"M30507",-0.210358927859824
"M30517",-0.0951021718290099
"M30550",0.0900037501860144
"M30555",0.050924625328967
"M30556",0.152265274499104
"M30559",-0.106556580028062
"M30560",-0.147449527570667
"M30570",-0.134581198242538
"M30571",0.0950517075832719
"M30573",-0.028945332622699
"M30655",-0.100499567060328
"M30660",0.237233617047342
"M30663",-0.0590634649803773
"M30673",-0.0609346763485536
"M30674",-0.268076271133992
"M30675",-0.0494140457445362
"M30686",-0.0167955800002595
"M30690",-0.13944820514493
"M30694",0.0048041620705469
"M30710",-0.0444751603025933
"M30716",0.0776509213674854
"M30719",0.112605392510831
"M30723",-0.0193856694730631
"M30725",0.153782853991587
"M30740",0.0984972867943043
"M30741",0.0556645028422128
"M30747",-0.00389174034376685
"M30754",0.102998719730723
"M30756",0.0385348535084773
"M30757",-0.453611721390502
"M30774",-0.049093967757794
"M30779",0.366693929835177
"M30781",0.187795218177751
"M30800",-0.194438472182743
"M30804",0.194069426757496
"M30842",-0.320013344263831
"M30874",0.0532441426431772
"M30875",-0.0591653055088959
"M30888",0.133660409997481
"M30904",0.0328677501721636
"M30909",-0.223495611510995
"M30914",0.0403024804092743
"M30924",-0.0345593239378464
"M30930",-0.0178030330845013
"M30932",-0.0876528239055206
"M30933",-0.129584491991209
"M30941",0.0549539225922623
"M30946",-0.291988344734555
"M30950",0.0349863547357617
"M30963",0.225347622424106
"M30978",0.060641483658394
"M30982",0.0520260372251958
"M30988",-0.271762401962923
"M30989",-0.0331717446718508
"M30994",0.0740595344801913
"M30998",-0.149704013793179
"M31052",-0.0373329980939911
"M31087",-0.113723860491532
"M31127",0.142147449286873
"M31130",-0.0465715120645285
"M31143",-0.0149168952094546
"M31144",-0.0748974740839162
"M31151",0.016665447664331
"M31155",-0.195640323146323
"M31157",-0.143023625995806
"M31165",-0.0206839733338939
"M31205",-0.048020908142897
"M31206",0.0846419061941101
"M31215",-0.159429267639636
"M31219",-0.0409656707657404
"M31226",0.181206623153316
"M31227",0.0484180540931826
"M31233",0.0634151834537082
"M31242",0.0812188665029948
"M31254",0.0680771088159554
"M31258",0.0606108852296427
"M31273",0.0262928830946209
"M31277",-0.0545899960843035
"M31278",0.0239999843053489
"M31280",0.0361529318222604
"M31281",0.0246458006933083
"M31282",-0.0781655232321482
"M31283",-0.312274312718568
"M31288",-0.018405108885546
"M31297",0.112043015845643
"M31298",0.117365711910068
"M31312",-0.143929441116276
"M31348",-0.0727738661081649
"M31353",-0.00726217143415208
"M31354",-0.0647196552094303
"M31375",0.15696907734364
"M31392",0.0562002556829862
"M31393",0.0715126965262963
"M31395",-0.0427373189782993
"M31400",-0.204634010199293
"M31401",0.15825289357215
"M31403",0.202624722275418
"M31404",-0.142791392789434
"M31408",-0.047278084613159
"M31413",-0.0288551116075445
"M31419",0.169646239033052
"M31431",-0.322978499828092
"M31432",0.102161402428517
"M31440",0.0746736220410086
"M31446",0.24210249978125
"M31463",0.096721299355111
"M31466",0.0961401166461597
"M31481",-0.0359166304724538
"M31488",-0.189875296019381
"M31496",0.0403994322617563
"M31502",0.0309554546133095
"M31505",-0.0825771171798811
"M31507",-0.0849706983189667
"M31522",-0.0239921402728865
"M31528",0.0612266580715234
"M31530",-0.01270920831103
"M31534",-0.0535668995019997
"M31540",-0.308497167669008
"M31543",-0.1563538368747
"M31547",0.0331064104795589
"M31551",0.39256539246156
"M31556",-0.334579989760569
"M31557",-0.0732693744099698
"M31564",-0.127134449065625
"M31567",0.246779834070905
"M31587",0.167585254585329
"M31597",-0.113651601520525
"M31598",-0.288207019625994
"M31600",0.115998058745489
"M31603",-0.216840355998938
"M31612",0.115517444905618
"M31618",0.0191408279847332
"M31621",-0.325863753336712
"M31630",0.203421538891663
"M31631",0.178904178347106
"M31632",0.0328000890128637
"M31634",0.197863905513481
"M31636",-0.0475247629526533
"M31645",-0.0647204021035993
"M31648",-0.306281968974557
"M31665",0.125084886989983
"M31684",0.112598641786339
"M31710",0.0570300988464561
"M31716",0.431527666648361
"M31721",-0.163924560906485
"M31722",-0.818236408393501
"M31725",0.242142449230066
"M31727",0.497931526676049
"M31738",-0.261487014059474
"M31757",0.430872811864203
"M31760",0.149761302194313
"M31763",0.112711889126636
"M31768",-0.181048422268802
"M31786",0.0156976718881636
"M31788",-0.00678707243076676
"M31797",0.135933522116476
"M31798",-0.245835799077651
"M31799",0.695586282219418
"M31807",0.502011693606255
"M31808",-0.328086944913213
"M31825",-0.092649486194697
"M31837",0.137691262422606
"M31909",0.132867106931039
"M31910",-0.0779354303648241
"M31929",-0.16312708881231
"M31939",0.0900292418227761
"M31962",0.109766118571456
"M31972",-0.222247790215063
"M32007",-0.187466506493492
"M32052",-0.0234535311249916
"M32090",-0.0746147079364231
"M32092",0.0825637708227365
"M32096",-0.0526805797222254
"M32104",0.08747349249141
"M32111",-0.08429302848455
"M32114",-0.00485018609841141
"M32123",0.0448287969960546
"M32124",-0.108366994905185
"M32127",-0.252373369808992
"M32131",-0.0461522126015749
"M32138",0.0963466594053187
"M32170",0.191979208222991
"M32179",0.151262512479235
"M32180",0.437344623617323
"M32183",-0.244900051739826
