"NAME","Predicted_value","Standard_error","PEV","lower_bound","upper_bound","Uncertainty","Uncertainty_remarks","Reliability","Reliability_remarks","Reliability_percentage","Composite_reliability","Composite_reliability_percentage"
"2ND20798",173.084619056036,25.2333461356498,636.721757201511,123.62816942073,222.541068691343,98.9128992706129,"high",0.755105306602683,"Acceptable",100,NA,NA
"2ND21089_3",148.888800952361,23.3888014719344,547.03603429356,103.047592425813,194.73000947891,91.6824170530976,"high",0.789600056256271,"Acceptable",100,NA,NA
"2ND21865_6",206.177343404792,20.5137685103811,420.814698497503,165.971095937253,246.383590872331,80.4124949350776,"low",0.838147062826038,"Acceptable",100,NA,NA
"2ND21867",180.196675330286,18.8953548980073,357.034436721649,143.162460255089,217.230890405483,74.0684301503937,"low",0.862678104015911,"Acceptable",100,NA,NA
"2ND22182",253.625220809421,24.9545302995233,622.728582469827,204.715240171242,302.5352014476,97.8199612763584,"high",0.760487334461496,"Acceptable",100,NA,NA
"2ND22927",205.488238207213,20.8288130612974,433.839453542474,164.664514766353,246.311961648073,81.6474468817208,"moderate",0.833137506678102,"Acceptable",100,NA,NA
"2ND23146",225.042977609969,21.5428213844066,464.093153200447,182.819823571153,267.266131648786,84.4463080776326,"moderate",0.821501387104559,"Acceptable",100,NA,NA
"2ND23164",189.102818046075,23.5698540764225,555.538021183849,142.906752935422,235.298883156727,92.3921302213053,"high",0.786330038467157,"Acceptable",100,NA,NA
"2ND24175",215.217280878655,21.3491162009758,455.784762562769,173.373782022982,257.060779734328,83.6869977113465,"moderate",0.82469694427663,"Acceptable",100,NA,NA
"2ND24186",210.926100130921,22.36256420227,500.084277700647,167.096279692507,254.755920569335,87.6596408768277,"moderate",0.807658550261288,"Acceptable",100,NA,NA
"2ND24205",200.64186204905,22.1458352067647,490.438017005181,157.236822636232,244.046901461869,86.8100788256361,"moderate",0.811368676432929,"Acceptable",100,NA,NA
"2ND24238",170.609352701839,20.2156372510432,408.671989465765,130.987431765268,210.23127363841,79.2438418731419,"low",0.842817368138692,"Acceptable",100,NA,NA
"2ND24253",177.788389991127,23.502009920002,552.344470279873,131.72529698362,223.851482998634,92.1261860150141,"high",0.787558335852368,"Acceptable",100,NA,NA
"2ND24259",211.747904462868,22.941933304064,526.332303728122,166.782541451182,256.713267474553,89.930726023371,"high",0.797563085148653,"Acceptable",100,NA,NA
"2ND24263",269.247094167256,22.7145301506848,515.949879966371,224.727433146165,313.766755188348,89.0393220421829,"moderate",0.801556352938072,"Acceptable",100,NA,NA
"2ND24266",163.927994827943,21.0495799010326,443.084814009955,122.671576332221,205.184413323665,82.5128369914441,"moderate",0.829581573978421,"Acceptable",100,NA,NA
"2ND24341",213.114255140444,23.8462284374917,568.642610693037,166.376506235845,259.852004045042,93.4754978091971,"high",0.781289776541672,"Acceptable",100,NA,NA
"2ND24379",190.379336473153,22.4274929340752,502.992439307993,146.422258058839,234.336414887467,87.9141568286278,"moderate",0.806540018756552,"Acceptable",100,NA,NA
"2ND24383",279.418013014307,16.5469748963409,273.802378220134,246.98653816439,311.849487864223,64.8629496998329,"low",0.894690657720912,"Acceptable",100,NA,NA
"2ND24385",248.904311505341,22.3453903005337,499.316467683188,205.108151295804,292.700471714878,87.5923204190735,"moderate",0.807953863868348,"Acceptable",100,NA,NA
"2ND24388",195.992206560064,18.4545352461842,340.569871152657,159.821982126118,232.16243099401,72.3404488678922,"low",0.869010673448845,"Acceptable",100,NA,NA
"2ND24393",228.057000484075,21.9391659280161,481.327001617021,185.057025414315,271.056975553834,85.9999501395195,"moderate",0.814872937587485,"Acceptable",100,NA,NA
"2ND24424",173.153906779257,26.0444855842216,678.315229346725,122.10765303831,224.200160520204,102.092507481894,"high",0.739107705620581,"Acceptable",100,NA,NA
"2ND24434",158.651676986799,24.4791908287638,599.230783631032,110.673344591738,206.630009381859,95.9566647901203,"high",0.769525012500692,"Acceptable",100,NA,NA
"2ND24510",198.044172423267,25.956445046418,673.737039447719,147.170474965595,248.91786988094,101.747394915345,"high",0.740868560183742,"Acceptable",100,NA,NA
"2ND24519",273.785370002368,20.5186900945074,421.016643194438,233.569476407195,314.001263597542,80.4317871903467,"low",0.838069391246452,"Acceptable",100,NA,NA
"2ND24527",233.443003052422,21.6731690105561,469.726254960129,190.964372360883,275.921633743962,84.9572613830791,"moderate",0.819334794377499,"Acceptable",100,NA,NA
"2ND25253",236.401302538432,21.4625365202104,460.640473881365,194.335503941944,278.46710113492,84.131597192976,"moderate",0.822829349960676,"Acceptable",100,NA,NA
"2ND25265",214.772753564562,22.2119131850963,493.369087342253,171.238203694043,258.307303435081,87.0690997410381,"moderate",0.810241333816779,"Acceptable",100,NA,NA
"2ND25270",203.845092391437,22.2558985144375,495.32501868494,160.224332859561,247.465851923313,87.2415190637518,"moderate",0.809489047278655,"Acceptable",100,NA,NA
"2ND25275",255.643450874561,21.7485542014975,472.999609855477,213.017067923809,298.269833825314,85.2527659015049,"moderate",0.818075802935146,"Acceptable",100,NA,NA
"2ND25484",258.314021075264,23.9940242825625,575.7132012722,211.286597637262,305.341444513266,94.054846876004,"high",0.778570299639183,"Acceptable",100,NA,NA
"2ND26306",217.91386136971,25.32737815199,641.476084053902,168.273112368983,267.554610370437,99.2814980014542,"high",0.753276706584451,"Acceptable",100,NA,NA
"2ND26319",215.575768125694,19.8338555493211,393.381825951336,176.702125574455,254.449410676934,77.7472851024785,"low",0.848698241319968,"Acceptable",100,NA,NA
"2ND26321",210.117352027951,19.9707267551006,398.829927126892,170.975446842863,249.259257213038,78.2838103701753,"low",0.846602803160528,"Acceptable",100,NA,NA
"2ND26322",194.772724558665,21.1448649573397,447.105314064131,153.329550784317,236.215898333014,82.8863475486976,"moderate",0.828035217007052,"Acceptable",100,NA,NA
"2ND26324",259.902548070841,19.9544280505516,398.17919882464,220.792587759664,299.012508382018,78.2199206223538,"low",0.84685308502425,"Acceptable",100,NA,NA
"2ND26325",225.371821964796,19.3320138019653,373.726757639379,187.481771164312,263.261872765279,75.7801016009666,"low",0.856257935760308,"Acceptable",100,NA,NA
"2ND26328",166.109284675977,24.5796439353921,604.158895990658,117.93406780979,214.284501542164,96.3504337323738,"high",0.767629571436069,"Acceptable",100,NA,NA
"2ND26330",134.443665226278,24.9427879645003,622.142671442023,85.5566991418383,183.330631310718,97.7739321688796,"high",0.760712686430215,"Acceptable",100,NA,NA
"2ND26333",140.051545276103,21.7416047450056,472.697376888049,97.4387830097865,182.664307542419,85.2255245326321,"moderate",0.818192047195776,"Acceptable",100,NA,NA
"2ND26334",135.514269294885,19.2250539627918,369.602699872255,97.8338559269745,173.194682662796,75.3608267358218,"low",0.857844122899368,"Acceptable",100,NA,NA
"2ND26342",163.385235833396,26.506875276964,702.614436948526,111.432714947852,215.337756718941,103.905041771089,"high",0.729761791289657,"Acceptable",100,NA,NA
"2ND26346",304.05923610293,20.4423803072201,417.890912625022,263.992906942508,344.125565263352,80.1326583208446,"low",0.839271603705476,"Acceptable",100,NA,NA
"2ND26348",301.285696886447,20.1006959926546,404.037979389119,261.889056676656,340.682337096239,78.793280419583,"low",0.844599692150845,"Acceptable",100,NA,NA
"2ND26350",295.93703379051,19.2395127224443,370.158849797095,258.228281774419,333.645785806601,75.4175040321819,"low",0.857630217588631,"Acceptable",100,NA,NA
"2ND26351",313.163255296819,18.3579118058842,337.012925872623,277.182409325924,349.144101267715,71.9616919417914,"low",0.870378738877634,"Acceptable",100,NA,NA
"2ND26352",209.607601591242,23.1975784006801,538.127643655702,164.141183397365,255.07401978512,90.9328363877547,"high",0.793026384270427,"Acceptable",100,NA,NA
"2ND26361",196.831760805923,27.5966092121244,761.572840006709,142.743400654732,250.920120957113,108.17672030238,"high",0.707085324093705,"Acceptable",100,NA,NA
"2ND26369",128.115414293737,25.2050003114646,635.29204070093,78.7145214529456,177.516307134528,98.8017856815828,"high",0.755655201403818,"Acceptable",100,NA,NA
"2ND26373",217.353995539973,24.8842988632945,619.228329917758,168.581665987385,266.126325092561,97.5446591051763,"high",0.76183359484267,"Acceptable",100,NA,NA
"2ND26388",154.421213118334,23.0753457018595,532.471579260327,109.194366611878,199.64805962479,90.4536930129116,"high",0.795201808842109,"Acceptable",100,NA,NA
"2ND26512",181.793999830667,23.6731274868362,560.416965008,135.395522555043,228.192477106291,92.7969545512483,"high",0.784453508509755,"Acceptable",100,NA,NA
"2ND26635",192.908923474493,22.2271401141289,494.045757653119,149.344529371475,236.473317577511,87.1287882060363,"moderate",0.809981074187771,"Acceptable",100,NA,NA
"2ND27343",162.836304025823,24.1644915201488,583.922650427343,115.474770941608,210.197837110038,94.7230661684303,"high",0.775412797149169,"Acceptable",100,NA,NA
"2ND27344",223.470294450989,24.4651135050802,598.541778816456,175.519553103347,271.421035798631,95.9014826952832,"high",0.769790016202711,"Acceptable",100,NA,NA
"2ND27347",242.118435879885,20.7141341590989,429.075353961147,201.51947895712,282.717392802649,81.1979138455293,"moderate",0.834969865464476,"Acceptable",100,NA,NA
"2ND27348",271.004110285101,20.7134853271722,429.04847439898,230.406425049544,311.601795520657,81.1953704711129,"low",0.8349802038298,"Acceptable",100,NA,NA
"2ND27353",242.382670044792,22.7432286461487,517.254449250999,197.806761006181,286.958579083403,89.1518180772222,"moderate",0.801054592017606,"Acceptable",100,NA,NA
"2ND27360",214.358106420891,23.6999703501894,561.688594599858,167.907018099853,260.80919474193,92.9021766420769,"high",0.783964416790349,"Acceptable",100,NA,NA
"2ND27362",299.428342564016,23.6011209718413,557.012911127487,253.170995464434,345.685689663598,92.5146941991638,"high",0.785762769143536,"Acceptable",100,NA,NA
"2ND27368",225.912500050183,23.397521595639,547.444016818394,180.054200395232,271.770799705134,91.7165993099011,"high",0.789443138804966,"Acceptable",100,NA,NA
"2ND27373",275.278271053576,19.0968203729858,364.688548358085,237.849190903293,312.707351203859,74.8581603005657,"low",0.859734194370555,"Acceptable",100,NA,NA
"2ND27374",303.549911427953,18.3599742169918,337.088653248604,267.565023205565,339.534799650341,71.9697764447758,"low",0.870349612760436,"Acceptable",100,NA,NA
"2ND27375",305.157757482349,20.8105718144191,433.079899243094,264.369786228403,345.945728736295,81.5759425078915,"moderate",0.833429644986809,"Acceptable",100,NA,NA
"2ND27377",313.060564235674,19.5808467694733,383.409560209591,274.682809780709,351.438318690639,76.7555089099301,"low",0.852533754923327,"Acceptable",100,NA,NA
"2ND27378",318.164267778649,16.9996831889031,288.989228523074,284.845500979807,351.48303457749,66.6375335976821,"low",0.888849520667648,"Acceptable",100,NA,NA
"2ND27379",335.331433332661,19.7621255762071,390.541607289779,296.598378945338,374.064487719985,77.4661087746475,"low",0.849790640740022,"Acceptable",100,NA,NA
"2ND27380",344.574020925132,19.4158817596399,376.976464504318,306.519591948149,382.628449902114,76.1088579539648,"low",0.85500803977777,"Acceptable",100,NA,NA
"2ND27390",223.230287639494,23.1893691506094,537.746841603235,177.779959280095,268.680615998892,90.9006567187972,"high",0.793172847620908,"Acceptable",100,NA,NA
"2ND27392",268.430820177857,21.7882281366733,474.726885335724,225.726677743035,311.134962612679,85.4082848696439,"moderate",0.817411461573533,"Acceptable",100,NA,NA
"2ND27394",240.581380331408,22.217381468954,493.612039337022,197.03611282147,284.126647841345,87.090535019875,"moderate",0.810147890089442,"Acceptable",100,NA,NA
"2ND27395",283.739465821062,18.5432013064583,343.850314691837,247.395459102328,320.083472539796,72.6880134374687,"low",0.867748955585982,"Acceptable",100,NA,NA
"2ND27396",308.577467766417,20.0940669200334,403.771525386779,269.193820300214,347.96111523262,78.7672949324061,"low",0.844702175174975,"Acceptable",100,NA,NA
"2ND27397",270.630801713822,20.4592731312213,418.581857057914,230.53136322676,310.730240200884,80.1988769741236,"low",0.839005853991203,"Acceptable",100,NA,NA
"2ND27403",255.743482005571,18.2088087453475,331.560715924643,220.054872663312,291.43209134783,71.3772186845181,"low",0.872475757345193,"Acceptable",100,NA,NA
"2ND27404",255.992611059158,20.1002224191699,404.018941300099,216.59689903634,295.388323081975,78.791424045635,"low",0.8446070145439,"Acceptable",100,NA,NA
"2ND27408",248.075609636506,25.6959495260731,660.281822046498,197.712474016843,298.438745256168,100.726271239325,"high",0.746043679932357,"Acceptable",100,NA,NA
"2ND27416",216.218679374612,23.3638140311091,545.867806080248,170.426445332147,262.010913417078,91.5844680849306,"high",0.790049377937023,"Acceptable",100,NA,NA
"2ND27419",214.261167125288,24.8288234124749,616.470472047862,165.597567458332,262.924766792243,97.3271993339114,"high",0.76289431681399,"Acceptable",100,NA,NA
"2ND27440",182.238564413299,22.8138106799203,520.469957739246,137.52431713054,226.952811696058,89.4284945655181,"high",0.799817849348709,"Acceptable",100,NA,NA
"2ND27480",231.059264063126,19.0621904931959,363.367106398888,193.69805723002,268.420470896232,74.7224136662115,"low",0.86024244482655,"Acceptable",100,NA,NA
"2ND27518",173.784532226494,22.6212448757065,511.72071972668,129.447706984648,218.12135746834,88.6736504836921,"moderate",0.803182964387286,"Acceptable",100,NA,NA
"2ND27560",261.396477209943,26.3618620961219,694.94777317495,209.728176936133,313.064777483754,103.336600547621,"high",0.732710528713775,"Acceptable",100,NA,NA
"2ND27625",270.301416230858,19.8762148512839,395.063916814397,231.344750973362,309.258081488355,77.913330514993,"low",0.848051278778611,"Acceptable",100,NA,NA
"2ND27628",202.650908925193,24.4424115104712,597.431480447216,154.744662669362,250.557155181024,95.8124925116617,"high",0.77021705701864,"Acceptable",100,NA,NA
"2ND27633",244.467064548349,20.4175730782396,416.877290405253,204.449356663285,284.484772433413,80.0354157701283,"low",0.839661461127378,"Acceptable",100,NA,NA
"2ND27667",163.068933217932,21.2584154371446,451.920226898226,121.403204592738,204.734661843125,83.3314572503873,"moderate",0.826183314525467,"Acceptable",100,NA,NA
"2ND27669",163.61338049425,18.4605015924685,340.79011904553,127.431462236468,199.795298752033,72.363836515565,"low",0.868925962129361,"Acceptable",100,NA,NA
"2ND27670",135.780529063787,21.3236167479226,454.696631212286,93.9870082177237,177.574049909851,83.5870416921268,"moderate",0.825115459256586,"Acceptable",100,NA,NA
"2ND27671",178.267602559178,21.1282606699746,446.403398938397,136.856972590053,219.678232528302,82.8212599382488,"moderate",0.828305186248032,"Acceptable",100,NA,NA
"2ND27672",161.648570361296,23.8046316006544,566.660485642875,114.992349758769,208.304790963822,93.3124412050534,"high",0.782052137653013,"Acceptable",100,NA,NA
"2ND27673",151.727567916271,22.1697709748878,491.498745078978,108.27561525999,195.179520572553,86.903905312563,"moderate",0.810960701248365,"Acceptable",100,NA,NA
"2ND27674",145.465980385096,20.211108110305,408.488891046436,105.852936401253,185.079024368939,79.2260879676863,"low",0.842887791099359,"Acceptable",100,NA,NA
"2ND27675",182.829678852851,20.5528862080029,422.421131479117,142.546762106816,223.112595598887,80.5658334920715,"low",0.837529199673027,"Acceptable",100,NA,NA
"2ND27676",155.582673153374,23.2608579033261,541.067510398731,109.992229413351,201.173116893397,91.1808874800462,"high",0.791895658397595,"Acceptable",100,NA,NA
"2ND27677",168.551511169558,21.3753374551528,456.905051321657,126.656619600069,210.446402739048,83.789783138979,"moderate",0.824266060976317,"Acceptable",100,NA,NA
"2ND27681",181.838864201496,22.3205961616202,498.209013010135,138.091299611257,225.586428791734,87.4951291804772,"moderate",0.808379810947337,"Acceptable",100,NA,NA
"2ND27692",203.55339208065,23.3225852222597,543.942981449567,157.841965018655,249.264819142645,91.4228541239902,"high",0.790789700271611,"Acceptable",100,NA,NA
"2ND27699",163.253199036444,22.823455587297,520.91012494532,118.520048082593,207.986349990296,89.4663019077033,"high",0.799648553087421,"Acceptable",100,NA,NA
"2ND27702",213.075533150635,22.3878936534552,501.217782238418,169.19606790015,256.95499840112,87.75893050097,"moderate",0.807222583933606,"Acceptable",100,NA,NA
"2ND27705",136.090933853936,22.3965255059448,501.604354738436,92.1945504834512,179.98731722442,87.792766740969,"moderate",0.807073901164725,"Acceptable",100,NA,NA
"2ND27732",156.169546040446,22.428962610902,503.058363801239,112.209587112482,200.129504968409,87.9199178559267,"moderate",0.806514663005192,"Acceptable",100,NA,NA
"2ND27767",218.14419421143,21.2191541236256,450.252501722178,176.555416346719,259.73297207614,83.1775557294215,"moderate",0.826824751764009,"Acceptable",100,NA,NA
"2ND27830",201.855969386462,19.1846672480999,368.051457420319,164.254712524801,239.457226248123,75.2025137233221,"low",0.858440758777371,"Acceptable",100,NA,NA
"2ND27855",146.591815932964,26.1896521168094,685.897877999498,95.2610410163846,197.922590849544,102.661549833159,"high",0.73619128193008,"Acceptable",100,NA,NA
"2ND28046",201.891153948636,21.07749152141,444.260648835108,160.580029682224,243.202278215048,82.6222485328237,"moderate",0.829129326657303,"Acceptable",100,NA,NA
"2ND28065",141.968658544784,16.7770311862936,281.468775425867,109.086281652144,174.851035437425,65.7647537852813,"low",0.891742022823604,"Acceptable",100,NA,NA
"2ND28071",250.158330141382,20.1073998634354,404.307529268081,210.748550586303,289.568109696461,78.8195591101578,"low",0.844496018396623,"Acceptable",100,NA,NA
"2ND28074",212.050502495203,19.8303938465565,393.244520109547,173.183644756707,250.917360233698,77.733715476991,"low",0.848751051627839,"Acceptable",100,NA,NA
"2ND28086",163.731063791749,20.9906346663288,440.606743695284,122.590175833107,204.871951750391,82.2817759172847,"moderate",0.830534684600235,"Acceptable",100,NA,NA
"2ND28131",144.626376407942,18.8678734220008,355.996647468644,107.64602403596,181.606728779924,73.9607047439641,"low",0.863077256515494,"Acceptable",100,NA,NA
"2ND28133",162.510047297223,21.7224956806839,471.866818597329,119.934738108756,205.085356485691,85.1506183769345,"moderate",0.818511494922595,"Acceptable",100,NA,NA
"2ND29817",279.086545039679,22.3311817320305,498.681677548971,235.31823311268,322.854856966677,87.536623853997,"moderate",0.808198015624641,"Acceptable",100,NA,NA
"2ND29835",256.990234821582,22.1514146097585,490.685169213422,213.574259979841,300.406209663323,86.8319496834821,"moderate",0.811273617227593,"Acceptable",100,NA,NA
"2ND29888",159.973304427089,18.2260234919984,332.187932330878,124.250954801391,195.695654052787,71.4446992513957,"low",0.872234518581539,"Acceptable",100,NA,NA
"2ND29977",159.491988629211,18.981591396043,360.300811926332,122.288753123711,196.695224134711,74.4064710109991,"low",0.861421797088711,"Acceptable",100,NA,NA
"2ND29990",177.454119275838,17.4589391362642,304.814555763776,143.235227360484,211.673011191193,68.4377838307092,"low",0.882762813846826,"Acceptable",100,NA,NA
"2ND30002",236.638192257975,20.3254584917665,413.124262900521,196.801025644849,276.475358871101,79.6743332262521,"low",0.841104943322996,"Acceptable",100,NA,NA
"2ND30612",236.808549097295,22.0520617456682,486.293427234763,193.587302290932,280.029795903658,86.4424936127263,"moderate",0.81296276055147,"Acceptable",100,NA,NA
"2ND30635",239.43082564972,25.1750522658595,633.783256588758,190.088629899721,288.773021399718,98.6843914999962,"high",0.756235507037125,"Acceptable",100,NA,NA
"2ND30639",225.774780798326,24.1700307057225,584.190384315567,178.402391109883,273.147170486769,94.7447793768865,"high",0.7753098218578,"Acceptable",100,NA,NA
"2ND30658",217.546360477949,24.0914080267954,580.395940713541,170.328068408571,264.764652547327,94.4365841387562,"high",0.776769233432828,"Acceptable",100,NA,NA
"2ND30680",264.512479929428,24.4302620691835,596.837704768986,216.630046140953,312.394913717902,95.7648675769493,"high",0.770445433874028,"Acceptable",100,NA,NA
"2ND30682",275.453830896325,22.8491048777045,522.081593712341,230.670408257045,320.237253535604,89.5668452785586,"high",0.799197985031156,"Acceptable",100,NA,NA
"2ND30749",214.710755469654,23.4010328273541,547.608337386904,168.845573927001,260.575937012308,91.730363085307,"high",0.789379938145041,"Acceptable",100,NA,NA
"2ND30765",218.334708025355,23.394064685529,547.282262510715,172.483183789718,264.186232260993,91.7030484712743,"high",0.789505352434604,"Acceptable",100,NA,NA
"2ND30815",183.961261125061,17.7193410862061,313.975048529312,149.231990766317,218.690531483806,69.4585407174896,"low",0.879239522798875,"Acceptable",100,NA,NA
"2ND30837",160.872538032053,25.6799670550409,659.460707947987,110.540727479998,211.204348584109,100.663621104111,"high",0.746359495252196,"Acceptable",100,NA,NA
"2ND31815",215.588845053601,23.5424067045433,554.244913442126,169.446575803302,261.7311143039,92.2845385005984,"high",0.786827391071112,"Acceptable",100,NA,NA
"2ND31885",184.26343909126,17.7023225253814,313.372222792626,149.5675244988,218.95935368372,69.3918291849194,"low",0.879471380470279,"Acceptable",100,NA,NA
"2ND31899",193.570951103469,24.8391534068023,616.983541966656,144.887105019671,242.254797187267,97.3676921675956,"high",0.762696980852036,"Acceptable",100,NA,NA
"2ND31914",150.909856874266,23.4919483264147,551.871636170938,104.866484227817,196.953229520715,92.0867452928975,"high",0.787740196394789,"Acceptable",100,NA,NA
"2ND32014",141.995319565752,25.1661580910773,633.335513065096,92.6705560779993,191.320083053505,98.6495269755056,"high",0.756407717287061,"Acceptable",100,NA,NA
"2ND32184",207.659006837641,22.8043003842474,520.036116014984,162.963399391883,252.354614283399,89.3912148915155,"high",0.799984712715391,"Acceptable",100,NA,NA
"2ND32205",146.936117332376,23.8465796143579,568.659359303911,100.197680133767,193.674554530984,93.4768743972171,"high",0.781283334723283,"Acceptable",100,NA,NA
"2ND32210",146.656451358076,22.9683792195688,527.546443973919,101.639255304463,191.673647411689,90.034392107226,"high",0.797096104870576,"Acceptable",100,NA,NA
"2ND32322",157.517556265198,22.7161580290718,516.023835601765,112.994704661097,202.040407869299,89.0457032082024,"moderate",0.801527908264319,"Acceptable",100,NA,NA
"2ND32462",176.298480354565,25.6172906284076,656.245579140301,126.089513341391,226.507447367739,100.417934026349,"high",0.747596091889087,"Acceptable",100,NA,NA
"2ND32529",169.764290055598,21.603843658497,466.72606082078,127.42153455731,212.107045553886,84.6855109965762,"moderate",0.820488723257074,"Acceptable",100,NA,NA
"2ND32657",139.143309575253,22.3145812345029,497.940535671231,95.4075340255343,182.879085124973,87.4715510994382,"moderate",0.808483072183272,"Acceptable",100,NA,NA
"2ND32658",161.820124898464,21.5566720589514,464.690110257175,119.569824036378,204.07042576055,84.5006017241712,"moderate",0.821271786633512,"Acceptable",100,NA,NA
"2ND32667",175.656200007681,19.8060417701777,392.279290602022,136.837071461836,214.475328553525,77.6382570916883,"low",0.849122296338154,"Acceptable",100,NA,NA
"2ND32746",151.571559614805,19.771310625892,390.904723865511,112.820502860902,190.322616368707,77.5021135078049,"low",0.84965097954347,"Acceptable",100,NA,NA
"2ND32784",158.08417809264,22.1204583692184,489.314678464325,114.728876367455,201.439479817826,86.7106034503714,"moderate",0.811800732734497,"Acceptable",100,NA,NA
"2ND32802",152.65661854352,22.1043619451583,488.602817002564,109.332865229772,195.980371857268,86.6475066274961,"moderate",0.812074527516044,"Acceptable",100,NA,NA
"2ND32820",122.707092949275,22.3617989645302,500.050052930064,78.8787723492712,166.53541354928,87.6566412000086,"moderate",0.807671713726496,"Acceptable",100,NA,NA
"2ND32829",172.402890088191,23.7434052510075,563.74929291357,125.866670925877,218.939109250505,93.0724383246277,"high",0.783171834982027,"Acceptable",100,NA,NA
"2ND32833",198.020163004148,22.2060370108195,493.108079725884,154.497130223579,241.543195784718,87.0460655611392,"moderate",0.810341722062449,"Acceptable",100,NA,NA
"2ND32834",142.402687265631,20.3658536374055,414.767994380221,102.486347621902,182.319026909359,79.8326792874575,"low",0.840472734493635,"Acceptable",100,NA,NA
"2ND32838",119.669964232766,20.1788242408746,407.184947744108,80.1201954702884,159.219732995244,79.099537524956,"low",0.843389311255721,"Acceptable",100,NA,NA
"2ND33669",143.358540344639,20.2649106367406,410.666603115082,103.640045346704,183.077035342573,79.4369899958684,"low",0.842050203686448,"Acceptable",100,NA,NA
"2ND33685",111.219180984223,17.8246928731815,317.719676023247,76.2834249172993,146.154937051146,69.871512133847,"low",0.877799271399197,"Acceptable",100,NA,NA
"2ND33686",135.781805957096,17.6666713848408,312.111277819953,101.155766316104,170.407845598088,69.2520792819847,"low",0.879956362692076,"Acceptable",100,NA,NA
"2ND33690",182.771532969797,22.010029233872,484.4413868759,139.632668372734,225.91039756686,86.2777291941256,"moderate",0.813675088739902,"Acceptable",100,NA,NA
"2ND33699",157.998831822062,19.7228526675182,388.990917344629,119.342750921336,196.654912722787,77.3121618014507,"low",0.850387064113932,"Acceptable",100,NA,NA
"2ND33710",137.685894804597,21.3669845421256,456.548028423436,95.8073746438065,179.564414965387,83.7570403215806,"moderate",0.824403378434385,"Acceptable",100,NA,NA
"2ND33757",160.088353811691,20.5000062996968,420.250258287608,119.909079781441,200.267627841941,80.3585480604998,"low",0.838364156730212,"Acceptable",100,NA,NA
"2ND33760",160.614498065534,19.4640942390937,378.850964548321,122.465574365217,198.763421765851,76.2978474006344,"low",0.854287073188585,"Acceptable",100,NA,NA
"2ND33821",181.024592781365,23.0318243866191,530.464934576063,135.88304648534,226.166139077389,90.2830925920495,"high",0.795973600647795,"Acceptable",100,NA,NA
"2ND33996",141.126927573924,21.1879879340001,448.930832691334,99.5992343184144,182.654620829433,83.0553865110189,"moderate",0.827333089555863,"Acceptable",100,NA,NA
"2ND34783",168.951813691655,22.5445339951409,508.256013058064,124.76533901294,213.13828837037,88.3729493574301,"moderate",0.804515553179369,"Acceptable",100,NA,NA
"2ND34784",167.495776985849,21.5489411185818,464.356863332105,125.260628488455,209.730925483244,84.4702969947891,"moderate",0.821399959422675,"Acceptable",100,NA,NA
"AAC_SYNERGY",142.727135639594,22.7404844047566,517.129630962976,98.1566052152767,187.297666063912,89.1410608486352,"moderate",0.801102599386649,"Acceptable",100,NA,NA
"CONLON",290.699136591915,23.9232088673896,572.319922512746,243.810508817202,337.587764366628,93.7772555494256,"high",0.779875415966698,"Acceptable",100,NA,NA
"ND_GENESIS",214.286243877039,22.2876177891859,496.737906716837,170.60331570904,257.969172045037,87.3658563359972,"moderate",0.808945625010666,"Acceptable",100,NA,NA
"PINNACLE",190.989890828025,19.3077315153951,372.788496270579,153.147432434681,228.832349221368,75.6849167866865,"low",0.856618808037154,"Acceptable",100,NA,NA
"RAWSON",196.749031512505,19.2938715777137,372.253480457308,158.933738097845,234.564324927164,75.6305868293196,"low",0.856824584786687,"Acceptable",100,NA,NA
