"name","Predicted_value","Residual_value"
"2ND20798",173.084619056036,-44.3346190560365
"2ND21089_3",148.888800952361,4.07119904763866
"2ND21865_6",206.177343404792,-3.15734340479176
"2ND21867",180.196675330286,24.8033246697142
"2ND22182",253.625220809421,0.064779190578804
"2ND22927",205.488238207213,-30.288238207213
"2ND23146",225.042977609969,4.38702239003078
"2ND23164",189.102818046075,-4.65281804607463
"2ND24175",215.217280878655,26.2327191213452
"2ND24186",210.926100130921,-5.85610013092128
"2ND24205",200.64186204905,24.8981379509495
"2ND24238",170.609352701839,-15.3993527018394
"2ND24253",177.788389991127,-21.1183899911271
"2ND24259",211.747904462868,10.4820955371324
"2ND24263",269.247094167256,7.48290583274354
"2ND24266",163.927994827943,-50.7679948279431
"2ND24341",213.114255140444,-9.525954486849
"2ND24379",190.379336473153,2.46066352684699
"2ND24383",279.418013014307,-17.3480130143069
"2ND24385",248.904311505341,24.8556884946592
"2ND24388",195.992206560064,-1.64220656006435
"2ND24393",228.057000484075,47.1229995159253
"2ND24424",173.153906779257,-9.75390677925671
"2ND24434",158.651676986799,-15.3016769867986
"2ND24510",198.044172423267,19.7158275767326
"2ND24519",273.785370002368,56.6446299976317
"2ND24527",233.443003052422,12.7569969475777
"2ND25253",236.401302538432,-33.4413025384316
"2ND25265",214.772753564562,-11.1844529109668
"2ND25270",203.845092391437,-3.39509239143715
"2ND25275",255.643450874561,-7.21345087456137
"2ND25484",258.314021075264,22.6459789247359
"2ND26306",217.91386136971,-11.4538613697096
"2ND26319",215.575768125694,26.4342318743056
"2ND26321",210.117352027951,7.51264797204919
"2ND26322",194.772724558665,-14.0927245586655
"2ND26324",259.902548070841,38.7174519291587
"2ND26325",225.371821964796,-30.8318219647958
"2ND26328",166.109284675977,12.0507153240233
"2ND26330",134.443665226278,-18.9036652262781
"2ND26333",140.051545276103,-18.2615452761025
"2ND26334",135.514269294885,-5.36426929488539
"2ND26342",163.385235833396,1.44476416660362
"2ND26346",304.05923610293,26.5107638970699
"2ND26348",301.285696886447,29.9543031135529
"2ND26350",295.93703379051,-13.8970337905096
"2ND26351",313.163255296819,42.9267447031805
"2ND26352",209.607601591242,-6.50760159124226
"2ND26361",196.831760805923,6.75653984767223
"2ND26369",128.115414293737,-53.195414293737
"2ND26373",217.353995539973,-6.99399553997276
"2ND26388",154.421213118334,-26.9712131183342
"2ND26512",181.793999830667,1.67600016933272
"2ND26635",192.908923474493,-19.1489234744928
"2ND27343",162.836304025823,-21.336304025823
"2ND27344",223.470294450989,-19.8819937973943
"2ND27347",242.118435879885,26.6415641201152
"2ND27348",271.004110285101,37.6758897148994
"2ND27353",242.382670044792,4.79732995520783
"2ND27360",214.358106420891,37.1018935791088
"2ND27362",299.428342564016,12.4316574359839
"2ND27368",225.912500050183,-22.3241993965882
"2ND27373",275.278271053576,-0.868271053575825
"2ND27374",303.549911427953,-3.95991142795305
"2ND27375",305.157757482349,20.8022425176508
"2ND27377",313.060564235674,-7.05056423567356
"2ND27378",318.164267778649,12.3357322213515
"2ND27379",335.331433332661,12.9585666673387
"2ND27380",344.574020925132,15.1459790748683
"2ND27390",223.230287639494,-30.8602876394938
"2ND27392",268.430820177857,-0.430820177856731
"2ND27394",240.581380331408,-36.9930796778128
"2ND27395",283.739465821062,23.4605341789381
"2ND27396",308.577467766417,11.9925322335828
"2ND27397",270.630801713822,6.61919828617789
"2ND27403",255.743482005571,14.2965179944289
"2ND27404",255.992611059158,-34.2726110591576
"2ND27408",248.075609636506,3.81439036349411
"2ND27416",216.218679374612,10.9413206253877
"2ND27419",214.261167125288,-10.6728664716929
"2ND27440",182.238564413299,21.3497362402954
"2ND27480",231.059264063126,-27.4709634095313
"2ND27518",173.784532226494,28.1254677735062
"2ND27560",261.396477209943,-3.80647720994324
"2ND27625",270.301416230858,31.0085837691417
"2ND27628",202.650908925193,-16.3309089251931
"2ND27633",244.467064548349,-40.8787638947543
"2ND27667",163.068933217932,1.69106678206839
"2ND27669",163.61338049425,-10.3833804942503
"2ND27670",135.780529063787,-0.680529063787134
"2ND27671",178.267602559178,-20.1776025591775
"2ND27672",161.648570361296,5.41142963870433
"2ND27673",151.727567916271,-8.63756791627119
"2ND27674",145.465980385096,-20.1759803850963
"2ND27675",182.829678852851,20.8503211471486
"2ND27676",155.582673153374,2.52732684662581
"2ND27677",168.551511169558,5.86848883044195
"2ND27681",181.838864201496,0.881135798504175
"2ND27692",203.55339208065,0.0349085729449428
"2ND27699",163.253199036444,-38.5431990364443
"2ND27702",213.075533150635,-9.48723249704054
"2ND27705",136.090933853936,-6.8309338539357
"2ND27732",156.169546040446,-30.3895460404458
"2ND27767",218.14419421143,23.6958057885703
"2ND27830",201.855969386462,10.9140306135384
"2ND27855",146.591815932964,-36.1418159329641
"2ND28046",201.891153948636,2.06884605136372
"2ND28065",141.968658544784,33.3413414552156
"2ND28071",250.158330141382,-46.5700294877874
"2ND28074",212.050502495203,20.1594975047973
"2ND28086",163.731063791749,-7.83106379174907
"2ND28131",144.626376407942,-8.27637640794188
"2ND28133",162.510047297223,1.74995270277668
"2ND29817",279.086545039679,38.1134549603212
"2ND29835",256.990234821582,22.6697651784181
"2ND29888",159.973304427089,-10.9033044270889
"2ND29977",159.491988629211,-12.751988629211
"2ND29990",177.454119275838,-8.54411927583823
"2ND30002",236.638192257975,1.26180774202484
"2ND30612",236.808549097295,36.9714509027051
"2ND30635",239.43082564972,28.7491743502804
"2ND30639",225.774780798326,30.8452192016742
"2ND30658",217.546360477949,-4.56636047794885
"2ND30680",264.512479929428,38.2675200705722
"2ND30682",275.453830896325,40.6061691036754
"2ND30749",214.710755469654,40.7492445303458
"2ND30765",218.334708025355,6.20529197464452
"2ND30815",183.961261125061,-36.8912611250613
"2ND30837",160.872538032053,-21.1225380320533
"2ND31815",215.588845053601,1.64115494639887
"2ND31885",184.26343909126,6.99656090874007
"2ND31899",193.570951103469,19.0690488965309
"2ND31914",150.909856874266,-14.1698568742661
"2ND32014",141.995319565752,-39.4853195657521
"2ND32184",207.659006837641,-4.07070618404623
"2ND32205",146.936117332376,-22.6861173323756
"2ND32210",146.656451358076,-18.9364513580758
"2ND32322",157.517556265198,-21.3375562651982
"2ND32462",176.298480354565,1.00151964543505
"2ND32529",169.764290055598,-26.2842900555981
"2ND32657",139.143309575253,7.26669042474657
"2ND32658",161.820124898464,-33.3601248984639
"2ND32667",175.656200007681,27.9321006459142
"2ND32746",151.571559614805,-7.06155961480479
"2ND32784",158.08417809264,-27.0241780926403
"2ND32802",152.65661854352,-38.3866185435204
"2ND32820",122.707092949275,7.34290705072452
"2ND32829",172.402890088191,-26.3828900881913
"2ND32833",198.020163004148,14.0298369958517
"2ND32834",142.402687265631,-12.3426872656307
"2ND32838",119.669964232766,-12.9199642327664
"2ND33669",143.358540344639,-3.53854034463862
"2ND33685",111.219180984223,-15.9791809842228
"2ND33686",135.781805957096,30.898194042904
"2ND33690",182.771532969797,-14.4615329697968
"2ND33699",157.998831822062,2.57116817793823
"2ND33710",137.685894804597,-26.5258948045968
"2ND33757",160.088353811691,-7.03835381169108
"2ND33760",160.614498065534,4.44550193446608
"2ND33821",181.024592781365,36.7954072186353
"2ND33996",141.126927573924,-16.6369275739239
"2ND34783",168.951813691655,5.41818630834518
"2ND34784",167.495776985849,-36.2657769858495
"AAC_SYNERGY",142.727135639594,26.5928643604057
"CONLON",290.699136591915,55.7308634080848
"ND_GENESIS",214.286243877039,49.1837561229613
"PINNACLE",190.989890828025,2.59010917197529
"RAWSON",196.749031512505,-3.69903151250452
