"Geno_model_ready.X2","Geno_model_ready.X2.1","Geno_model_ready.X2.2","Geno_model_ready.X2.3","Geno_model_ready.X2.4","Geno_model_ready.X0","Geno_model_ready.X2.5","Geno_model_ready.X2.6","Geno_model_ready.X0.1","Geno_model_ready.X0.2","Geno_model_ready.X0.3","Geno_model_ready.X2.7","Geno_model_ready.X0.4","Geno_model_ready.X2.11","Geno_model_ready.X0.6","Geno_model_ready.X0.7","Geno_model_ready.X0.8","Geno_model_ready.X0.9","Geno_model_ready.X0.10","Geno_model_ready.X0.11","Geno_model_ready.X0.12","Geno_model_ready.X0.13","Geno_model_ready.X2.12","Geno_model_ready.X2.13","Geno_model_ready.X0.14","Geno_model_ready.X0.15","Geno_model_ready.X2.14","Geno_model_ready.X0.16","Geno_model_ready.X0.17","Geno_model_ready.X0.18","Geno_model_ready.X2.16","Geno_model_ready.X0.19","Geno_model_ready.X2.17","Geno_model_ready.X0.20","Geno_model_ready.X0.21","Geno_model_ready.X0.22","Geno_model_ready.X0.23","Geno_model_ready.X2.18","Geno_model_ready.X2.19","Geno_model_ready.X0.24","Geno_model_ready.X2.21","Geno_model_ready.X0.26","Geno_model_ready.X2.22","Geno_model_ready.X2.23","Geno_model_ready.X2.24","Geno_model_ready.X2.25","Geno_model_ready.X2.26","Geno_model_ready.X2.27","Geno_model_ready.X0.27","Geno_model_ready.X1.3","Geno_model_ready.X2.28","Geno_model_ready.X2.29","Geno_model_ready.X2.30","Geno_model_ready.X2.31","Geno_model_ready.X0.28","Geno_model_ready.X2.33","Geno_model_ready.X0.29","Geno_model_ready.X0.30","Geno_model_ready.X0.31","Geno_model_ready.X2.34","Geno_model_ready.X2.35","Geno_model_ready.X2.36","Geno_model_ready.X2.37","Geno_model_ready.X2.38","Geno_model_ready.X2.39","Geno_model_ready.X2.40","Geno_model_ready.X2.41","Geno_model_ready.X2.42","Geno_model_ready.X2.43","Geno_model_ready.X2.44","Geno_model_ready.X2.45","Geno_model_ready.X2.46","Geno_model_ready.X2.47","Geno_model_ready.X2.48","Geno_model_ready.X2.49","Geno_model_ready.X2.50","Geno_model_ready.X2.51","Geno_model_ready.X2.52","Geno_model_ready.X2.53","Geno_model_ready.X2.54","Geno_model_ready.X2.55","Geno_model_ready.X2.56","Geno_model_ready.X2.57","Geno_model_ready.X2.58","Geno_model_ready.X2.59","Geno_model_ready.X2.60","Geno_model_ready.X2.61","Geno_model_ready.X2.62"
2,2,2,2,2,1,2,2,1,1,1,2,2,2,0,0,0,0,1,2,1,1,2,2,1,1,2,0,1,1,2,0,2,1,0,1,1,2,2,1,2,1,2,1,1,1,1,1,2,2,2,1,1,2,1,0,1,2,1,0,1,1,1,2,2,2,2,2,2,2,2,2,2,2,2,2,2,2,2,2,2,2,2,2,2,2,2,2
0,1,2,2,2,2,2,2,2,2,2,2,2,2,2,2,2,2,2,2,2,2,2,2,2,2,2,2,2,2,2,2,2,2,2,2,2,2,2,2,2,2,2,2,2,2,2,2,2,2,1,2,2,0,0,2,2,2,2,2,2,2,2,0,0,2,0,0,2,2,0,2,0,0,0,0,0,0,0,0,0,0,0,0,2,2,0,2
2,2,2,2,2,2,2,2,2,2,2,2,2,2,2,2,2,2,2,2,2,2,2,2,2,2,2,2,2,2,2,2,2,2,2,2,2,2,2,2,2,2,2,2,2,2,2,2,2,2,0,2,2,0,0,2,2,2,2,2,2,2,2,0,0,2,0,0,2,2,0,2,0,0,0,0,0,0,0,0,0,0,0,0,2,2,0,2
2,2,2,2,2,2,2,2,2,2,2,2,2,2,2,2,2,2,1,2,2,2,2,2,2,2,2,2,2,2,2,2,2,2,2,2,2,2,2,2,2,2,2,2,2,2,2,2,2,2,0,2,2,0,0,2,2,2,2,2,2,2,2,0,0,2,0,0,2,2,0,2,0,0,0,0,0,0,0,0,0,0,0,0,2,2,0,2
2,2,2,2,2,2,2,2,2,2,2,2,2,2,2,2,2,2,2,2,2,2,2,2,2,2,2,2,2,2,2,1,2,2,2,2,2,2,2,2,2,2,2,2,2,2,2,2,2,2,0,2,2,0,0,2,2,2,2,2,2,2,2,0,0,2,0,0,2,2,0,2,0,0,0,0,0,0,0,0,0,0,0,0,2,2,0,2
0,0,2,2,2,2,2,2,2,1,0,2,2,2,0,2,2,0,0,2,2,0,0,2,2,0,2,2,0,0,2,0,2,0,0,0,0,2,2,0,2,0,2,0,0,0,0,0,2,2,2,0,0,2,2,0,2,2,2,1,1,1,2,0,0,2,0,0,2,2,0,2,0,0,0,0,0,0,0,0,0,0,0,0,2,2,0,2
2,2,2,2,2,2,2,2,2,2,2,2,2,2,2,2,2,2,1,2,2,2,2,2,2,2,2,2,2,2,2,2,2,2,2,2,2,2,2,2,2,2,2,2,2,2,2,2,2,2,1,2,2,0,0,2,2,2,2,2,2,2,2,0,0,2,0,0,2,2,0,2,0,0,0,0,0,0,0,0,0,0,0,0,2,2,0,2
2,2,2,2,2,2,2,2,2,2,2,2,2,2,2,2,2,2,1,2,2,2,2,2,2,2,2,2,2,2,2,2,2,2,2,2,2,2,2,2,2,2,2,2,2,2,2,2,2,2,1,2,2,0,0,2,2,2,2,2,2,2,2,0,0,2,0,0,2,2,0,2,0,0,0,0,0,0,0,0,0,0,0,0,2,2,0,2
2,2,2,2,2,2,2,2,2,2,2,2,2,2,2,2,2,2,2,2,2,2,2,2,2,2,2,2,2,2,2,2,2,2,2,2,2,2,2,2,2,2,2,2,2,2,2,2,2,2,0,2,2,0,2,2,2,2,2,0,2,2,2,0,0,2,0,0,2,2,0,2,0,0,0,2,0,0,0,0,0,0,0,0,2,2,0,2
0,2,2,2,2,2,2,2,2,2,2,2,2,2,2,2,2,2,2,2,2,2,2,2,2,2,2,2,2,2,2,1,2,2,2,2,2,2,2,2,2,2,2,2,2,2,2,2,0,2,2,2,2,2,0,2,0,0,0,2,2,2,2,2,2,2,2,2,2,2,2,2,2,2,1,2,2,2,2,2,2,2,2,2,2,2,2,2
2,2,2,2,2,2,2,2,2,2,2,2,2,2,2,2,2,2,1,2,2,2,2,2,2,2,2,2,2,2,2,0,2,2,2,2,2,2,2,2,2,2,2,2,2,2,2,2,2,2,0,2,2,0,2,2,2,2,2,0,2,1,2,0,0,2,0,0,2,2,0,2,0,0,0,2,0,0,0,0,0,0,0,0,2,2,0,2
2,2,2,2,2,2,2,2,2,2,2,2,2,2,2,2,2,2,1,2,2,2,2,2,2,2,2,2,2,2,2,1,2,2,2,2,2,2,2,2,2,2,2,2,2,2,2,2,2,2,0,2,2,0,2,2,2,2,2,0,2,2,2,0,0,2,0,0,2,2,0,2,0,0,0,2,0,0,0,0,0,0,0,0,2,2,0,2
2,2,2,2,2,2,2,2,2,2,2,2,2,2,2,2,2,2,2,2,2,2,2,2,2,2,2,2,2,2,2,2,2,2,2,2,2,2,2,2,2,2,2,2,2,2,2,2,2,2,0,2,2,0,1,2,2,2,2,1,2,2,2,0,0,2,0,0,2,2,0,2,0,0,0,2,0,0,0,0,0,0,0,0,2,2,0,2
2,2,2,2,2,2,2,2,2,2,2,2,2,2,2,2,2,2,1,2,2,2,2,2,2,2,2,2,2,2,2,2,2,2,2,2,2,2,2,2,2,2,2,2,2,2,2,2,2,2,0,2,2,0,0,2,2,2,2,2,2,2,2,0,0,2,0,0,2,2,0,2,0,0,0,2,0,0,0,0,0,0,0,0,2,2,0,2
0,0,2,2,2,2,2,2,2,2,2,2,1,2,2,2,2,2,0,2,2,2,2,2,2,2,2,2,0,2,2,1,2,2,2,2,2,2,2,2,2,2,2,2,2,2,2,2,2,2,0,2,2,0,0,2,2,2,2,2,2,2,2,0,0,2,0,0,2,2,0,2,0,0,0,2,0,0,0,0,0,0,0,0,2,2,0,2
2,2,2,2,2,2,2,2,2,2,2,2,2,2,2,2,2,2,2,2,2,2,2,2,2,2,2,2,2,2,2,2,2,2,2,2,2,2,2,2,2,2,2,2,2,2,2,2,2,2,1,1,2,0,1,2,2,2,2,2,2,2,2,0,0,2,0,0,2,2,0,2,0,0,0,2,0,0,0,0,0,0,0,0,2,2,0,2
2,2,2,2,2,2,2,2,2,2,2,2,2,2,2,2,2,2,2,2,2,2,2,2,2,2,2,2,2,2,2,2,2,2,2,2,2,2,2,2,2,2,2,2,2,2,2,2,2,2,1,1,2,0,1,2,2,2,2,1,2,1,2,0,0,2,0,0,2,2,0,2,0,0,0,2,0,0,0,0,0,0,0,0,2,2,0,2
0,0,2,2,2,2,2,2,2,2,2,2,2,2,2,2,2,2,1,2,2,2,2,2,2,2,2,2,2,2,2,1,2,2,2,2,2,2,2,2,2,2,2,2,2,2,2,2,2,2,0,1,2,0,2,2,2,2,2,0,2,1,2,0,0,2,0,0,2,2,0,2,0,0,0,2,0,0,0,0,0,0,0,0,2,2,0,2
0,0,2,2,2,2,2,2,2,2,2,2,2,2,2,2,2,2,1,2,2,2,2,2,2,2,2,2,2,2,2,2,2,2,2,2,2,2,2,2,2,2,2,2,2,2,2,2,2,2,0,2,2,0,1,2,2,2,2,2,2,2,2,0,0,2,0,0,2,2,0,2,0,0,0,2,0,0,0,0,0,0,0,0,2,2,0,2
2,2,2,2,2,2,2,2,2,2,2,2,2,2,2,2,2,2,2,2,2,2,2,2,2,2,2,2,2,2,2,2,2,2,2,2,2,2,2,2,2,2,2,2,2,2,2,2,2,2,0,2,2,0,1,2,2,2,2,1,2,2,2,0,0,2,0,0,2,2,0,2,0,0,0,2,0,0,0,0,0,0,0,0,2,2,0,2
2,2,2,2,2,2,2,2,2,2,2,2,2,2,2,0,0,0,0,1,0,0,2,2,0,0,2,0,0,0,2,0,2,0,0,0,0,2,2,0,2,0,2,0,0,0,0,0,2,1,2,0,0,2,2,0,2,2,2,0,0,0,0,2,2,2,2,2,2,2,2,2,2,2,2,2,2,2,2,2,2,2,2,2,2,2,2,2
2,2,2,2,2,0,2,2,0,0,0,2,0,2,2,2,2,2,2,2,2,2,2,2,2,2,2,2,2,2,2,0,2,0,0,0,0,2,2,0,2,0,2,0,0,0,0,0,2,2,2,0,0,2,2,0,2,2,2,0,0,0,0,2,2,2,2,2,2,2,2,2,2,2,2,2,2,2,2,2,2,2,2,2,2,2,2,2
0,0,2,2,2,2,2,2,2,2,0,2,1,2,0,2,1,2,0,2,2,0,0,2,0,0,2,2,0,0,2,0,2,0,0,0,0,2,2,0,2,0,2,0,0,0,0,0,2,1,2,0,0,1,2,0,2,2,2,0,0,0,0,0,0,2,0,0,2,2,0,2,0,0,0,2,0,0,0,0,0,0,0,0,2,2,0,2
2,2,2,2,2,2,2,2,2,2,2,2,2,2,2,1,1,1,1,1,1,1,2,2,1,1,2,1,1,1,2,1,2,1,1,1,1,2,2,1,2,1,2,1,1,1,1,1,2,1,2,1,1,2,1,1,1,1,1,1,1,1,1,2,2,2,2,2,2,2,2,2,2,2,2,2,2,2,2,2,2,2,2,2,2,2,2,2
0,0,2,2,2,2,2,2,2,2,0,2,1,2,0,2,1,2,0,2,2,0,0,2,0,0,2,2,0,0,2,0,2,0,0,0,0,2,2,0,2,0,2,0,0,0,0,0,2,1,2,0,0,1,2,0,2,2,2,0,0,0,1,0,0,2,0,0,2,2,0,2,0,0,0,2,0,0,0,0,0,0,0,0,2,2,0,2
0,0,2,2,2,2,2,2,2,2,2,2,0,2,0,2,2,2,2,2,2,0,0,2,0,0,2,2,0,0,2,0,2,2,2,2,0,2,2,0,2,2,2,2,2,2,2,2,0,0,2,2,2,2,0,2,0,0,0,2,2,0,2,2,2,2,2,2,2,2,2,2,2,2,2,2,2,2,2,2,2,2,2,2,0,0,2,0
2,2,2,2,2,2,2,2,2,2,2,2,2,2,2,0,0,0,0,0,0,0,2,2,0,0,2,0,0,0,2,0,2,0,0,0,0,2,2,0,2,0,2,0,0,0,0,0,2,1,2,0,0,2,2,0,2,2,2,0,0,0,0,2,2,2,2,2,2,2,2,2,2,2,2,2,2,2,2,2,2,2,2,2,2,2,2,2
2,2,2,2,2,2,2,2,2,2,2,2,2,2,2,0,0,0,0,0,0,0,2,2,0,0,2,0,0,0,2,0,2,0,0,0,0,2,2,0,2,0,2,0,0,0,0,0,2,1,2,0,0,2,2,0,2,2,2,0,0,0,0,2,2,2,2,2,2,2,2,2,2,2,2,2,2,2,2,2,2,2,2,2,2,2,2,2
2,2,2,2,2,2,2,2,2,2,2,2,2,2,2,2,2,2,2,2,2,2,2,2,2,2,2,2,2,2,2,2,2,2,2,2,2,2,2,2,2,2,2,2,2,2,2,2,0,2,2,2,2,2,0,2,0,0,0,2,2,2,2,2,2,2,2,2,2,2,2,2,2,2,2,2,2,2,2,2,2,2,2,2,2,2,2,2
2,2,2,2,2,2,2,2,2,2,2,2,2,2,2,0,0,0,0,0,0,0,2,2,0,0,2,0,0,0,2,0,2,0,0,0,0,2,2,0,2,0,2,0,0,0,0,0,2,1,2,0,0,2,2,0,2,2,2,0,0,0,0,2,2,2,2,2,2,2,2,2,2,2,2,2,2,2,2,2,2,2,2,2,2,2,2,2
2,2,2,2,2,2,2,2,2,2,2,2,2,2,2,0,0,0,0,0,0,0,2,2,0,0,2,0,0,0,2,0,2,0,0,0,0,2,2,0,2,0,2,0,0,0,0,0,2,1,2,0,0,2,2,0,2,2,2,0,0,0,0,2,2,2,2,2,2,2,2,2,2,2,2,2,2,2,2,2,2,2,2,2,2,2,2,2
2,2,2,2,2,2,2,2,2,2,2,2,2,2,2,0,0,0,0,0,0,0,2,2,0,0,2,0,0,0,2,0,2,0,0,0,0,2,2,0,2,0,2,2,2,2,2,2,0,2,2,2,2,2,0,2,0,0,0,2,2,2,2,2,2,2,2,2,2,2,2,2,2,2,2,2,2,2,2,2,2,2,2,2,2,2,2,2
2,2,2,2,2,2,2,2,2,2,2,2,2,2,2,0,0,0,0,0,0,0,2,2,0,0,2,0,0,0,2,0,2,0,0,0,0,2,2,0,2,0,2,2,2,2,2,2,0,2,2,2,2,2,0,2,0,0,0,2,2,2,2,2,2,2,2,2,2,2,2,2,2,2,2,2,2,2,2,2,2,2,2,2,2,2,2,2
2,2,2,2,2,2,2,2,2,2,2,2,2,2,2,0,0,0,0,0,0,0,2,2,0,0,2,0,0,0,2,0,2,0,0,0,0,2,2,0,2,0,2,2,2,2,2,2,0,0,2,2,2,2,0,2,0,0,0,2,2,0,2,2,2,2,0,0,2,2,0,2,0,0,0,0,0,0,0,0,0,0,0,0,2,2,0,2
2,2,2,2,2,2,2,2,2,2,2,2,2,2,2,2,2,2,2,2,2,2,2,2,2,2,2,2,2,2,2,2,2,2,2,2,2,2,2,2,2,2,2,2,2,2,2,2,2,2,1,1,2,0,2,2,2,2,2,1,1,1,1,0,0,2,0,0,2,2,0,2,0,0,0,2,0,0,0,0,0,0,0,0,2,2,0,2
2,2,2,2,2,2,2,2,2,2,2,2,2,2,2,0,0,0,0,0,0,0,2,2,0,0,2,0,0,0,2,0,2,0,0,0,0,2,2,0,2,0,2,2,2,2,2,2,2,2,0,2,2,0,2,2,2,2,2,1,2,2,2,0,0,2,0,0,2,2,0,2,0,0,0,2,0,0,0,0,0,0,0,0,2,2,0,2
2,2,2,2,2,2,2,2,2,2,2,2,2,2,2,0,0,0,0,0,0,0,2,2,0,0,2,0,0,0,2,0,2,0,0,0,0,2,2,0,2,0,2,0,0,0,0,0,2,1,2,0,0,2,2,0,2,2,2,0,0,0,0,2,2,2,2,2,2,2,2,2,2,2,2,2,2,2,2,2,2,2,2,2,2,2,2,2
2,0,0,0,0,2,0,0,2,2,2,0,2,0,2,2,2,2,2,0,2,2,2,0,2,2,0,2,2,2,0,0,0,2,0,2,0,0,0,2,0,2,0,0,0,0,0,0,2,2,2,0,0,2,2,0,2,2,2,0,0,0,0,2,2,2,2,2,2,2,2,2,2,2,2,2,2,2,2,2,2,2,2,2,0,2,2,0
2,2,2,2,2,2,2,2,2,2,2,2,2,2,2,2,2,2,2,2,2,2,2,2,2,2,2,2,2,2,2,2,2,2,2,2,2,2,2,2,2,2,2,2,2,2,2,2,0,0,2,0,0,2,2,0,2,2,2,0,0,0,0,2,2,0,2,2,0,0,0,0,0,0,0,2,0,0,0,0,0,0,0,0,2,2,0,2
2,2,2,2,2,2,2,2,2,2,2,2,2,2,2,2,2,2,2,2,2,2,2,2,2,2,2,2,2,2,2,2,2,2,2,2,2,2,2,2,2,2,2,2,2,2,2,2,0,0,2,0,0,2,2,0,2,2,2,0,0,0,0,2,2,0,2,2,0,0,0,0,0,0,0,2,0,0,0,0,0,0,0,0,2,2,0,2
2,0,0,0,0,2,0,0,2,2,2,0,2,0,2,2,2,2,2,0,2,2,2,0,2,2,0,2,2,2,0,0,0,2,0,2,0,0,0,2,0,2,0,0,0,0,0,0,2,2,2,0,0,2,2,0,2,2,2,0,0,0,0,2,2,2,2,2,2,2,2,2,2,2,2,2,2,2,2,2,2,2,2,2,0,2,2,0
2,0,0,0,0,2,0,0,2,2,2,0,2,0,2,2,2,2,2,0,2,1,2,0,2,2,0,2,2,2,0,0,0,2,2,2,0,2,2,2,0,2,2,2,2,2,2,2,2,2,0,2,2,0,0,2,2,2,2,2,2,2,2,0,0,2,0,0,2,2,0,2,0,0,0,2,0,0,0,0,0,0,0,0,2,2,0,2
2,0,0,0,0,2,0,0,2,2,2,0,2,0,2,2,2,2,2,0,2,2,2,0,2,2,0,2,2,2,0,0,0,2,2,2,0,2,2,2,0,2,2,2,2,2,2,2,2,2,0,2,2,0,0,2,2,2,2,2,2,2,2,0,0,2,0,0,2,2,0,2,0,0,0,2,0,0,0,0,0,0,0,0,2,2,0,2
0,0,2,2,2,2,2,2,2,2,0,2,1,2,0,2,2,1,2,2,2,0,0,2,0,0,2,2,2,1,2,0,2,0,0,0,0,2,2,0,2,0,2,0,0,0,0,0,2,2,2,0,0,2,2,0,2,2,2,0,0,0,0,0,0,2,0,0,2,2,0,2,0,0,0,2,0,0,0,0,0,0,0,0,2,2,0,2
0,0,2,2,2,2,2,2,2,2,0,2,1,2,0,2,2,2,2,2,2,0,0,2,0,0,2,2,2,0,2,0,2,0,0,0,0,2,2,0,2,0,2,0,0,0,0,0,2,2,2,0,0,2,2,0,2,2,2,0,0,0,0,0,0,2,0,0,2,2,0,2,0,0,0,2,0,0,0,0,0,0,0,0,2,2,0,2
2,2,2,2,2,2,2,2,2,2,2,2,2,2,2,2,2,2,2,2,2,2,2,2,2,2,2,2,2,2,2,2,2,2,2,2,2,2,2,2,2,2,2,2,2,2,2,2,2,2,0,0,0,0,2,2,2,2,2,0,0,0,0,0,0,2,0,0,2,2,0,2,0,0,0,0,0,0,0,0,0,0,0,0,2,2,0,2
2,2,2,2,2,2,2,2,2,2,2,2,2,2,2,2,2,2,2,2,2,2,2,2,2,2,2,2,2,2,2,2,2,2,2,2,2,2,2,2,2,2,2,2,2,2,2,2,2,2,0,0,0,0,2,2,2,2,2,0,0,0,0,0,0,2,0,0,2,2,0,2,0,0,0,0,0,0,0,0,0,0,0,0,2,2,0,2
1,2,2,2,2,2,2,2,2,2,2,2,2,2,1,0,0,0,0,0,0,0,2,2,0,0,2,0,0,0,2,0,2,0,2,0,0,2,2,0,2,0,2,0,0,0,0,0,2,2,2,0,0,1,2,0,2,2,2,0,0,0,0,0,0,2,0,0,2,2,0,2,0,0,0,2,0,0,0,0,0,0,0,0,2,2,0,2
0,0,2,2,2,2,0,0,2,2,2,0,0,0,0,2,2,2,2,2,2,0,0,2,2,0,2,2,0,0,2,0,2,2,2,2,0,2,2,0,2,2,2,2,2,2,2,2,2,2,0,0,0,0,2,2,2,2,2,0,0,0,0,0,0,2,0,0,2,2,0,2,0,0,0,0,0,0,0,0,0,0,0,0,2,2,0,2
0,0,2,2,2,2,2,2,2,2,2,2,1,2,2,2,2,2,2,2,2,2,2,2,2,2,2,2,0,2,2,1,2,2,2,2,2,2,2,2,2,2,2,0,0,0,0,0,2,2,2,0,0,2,2,0,2,2,2,0,0,0,0,2,2,2,2,2,2,2,2,2,2,2,2,2,2,2,2,2,2,2,2,2,2,2,2,2
2,2,2,2,2,2,2,2,2,2,2,2,2,2,2,2,2,2,1,2,2,2,2,2,2,2,2,2,2,2,2,1,2,2,2,2,2,2,2,2,2,2,2,2,2,2,2,2,2,2,0,0,0,0,2,2,2,2,2,0,0,0,0,0,0,2,0,0,2,2,0,2,0,0,0,0,0,0,0,0,0,0,0,0,2,2,0,2
2,2,2,2,2,2,2,2,2,2,2,2,2,2,2,2,2,2,2,2,2,2,2,2,2,2,2,2,2,2,2,2,2,2,2,2,2,2,2,2,2,2,2,2,2,2,2,2,0,2,2,2,2,2,0,2,0,0,0,2,2,2,2,2,2,2,2,2,2,2,2,2,2,2,2,2,2,2,2,2,2,2,2,2,2,2,2,2
2,2,2,2,2,2,2,2,2,2,2,2,2,2,2,0,2,2,1,1,2,0,2,2,2,1,2,1,1,1,2,2,2,1,1,1,0,2,2,1,2,1,2,1,1,1,2,2,1,2,2,1,1,2,1,1,1,1,1,1,1,1,1,2,2,1,2,2,0,1,2,2,2,2,2,2,2,2,2,2,2,2,2,2,2,0,2,1
2,2,2,2,2,2,2,2,2,2,2,2,2,2,2,0,0,0,0,0,0,0,2,2,0,0,2,0,0,0,2,0,2,0,0,2,2,2,2,2,2,2,2,2,2,2,2,2,0,2,2,2,2,2,0,2,0,0,0,2,2,2,2,2,2,2,2,2,2,2,2,2,2,2,2,2,2,2,2,2,2,2,2,2,2,2,2,2
2,2,2,2,2,2,2,2,2,2,2,2,2,2,2,0,0,0,0,0,0,0,2,2,0,0,2,0,0,0,2,0,2,0,0,2,2,2,2,2,2,2,2,2,2,2,2,2,0,2,2,2,2,2,0,2,0,0,0,2,2,2,2,2,2,2,2,2,2,2,2,2,2,2,2,2,2,2,2,2,2,2,2,2,2,2,2,2
2,2,2,2,2,2,2,2,2,2,2,2,2,2,2,2,2,2,1,2,2,2,2,2,2,2,2,2,2,2,2,1,2,2,2,2,2,2,2,2,2,2,2,2,2,2,2,2,0,2,2,2,2,2,1,2,0,0,0,2,2,2,2,2,2,2,2,2,2,2,2,2,2,2,2,2,2,2,2,2,2,2,2,2,2,2,2,2
2,2,2,2,2,2,2,2,2,2,2,2,2,2,2,0,0,0,0,0,0,0,2,2,0,0,2,0,0,0,2,0,2,0,0,2,2,2,2,2,2,2,2,2,2,2,2,2,0,2,2,2,2,2,0,2,0,0,0,2,2,1,1,2,2,2,2,2,2,2,2,2,2,2,2,2,2,2,2,2,2,2,0,2,2,2,2,2
2,2,2,2,2,2,2,2,2,2,2,2,2,2,2,0,0,0,0,0,0,0,2,2,0,0,2,0,0,0,2,0,2,0,0,2,2,2,2,2,2,2,2,2,2,2,2,2,0,2,2,2,2,2,0,2,0,0,0,2,2,2,2,2,2,2,2,2,2,2,2,2,2,2,2,2,2,2,2,2,2,2,2,2,2,2,2,2
2,2,2,2,2,2,2,2,2,2,2,2,2,2,2,0,0,0,0,0,0,0,2,2,0,0,2,0,0,0,2,0,2,0,0,2,2,2,2,2,2,2,2,2,2,2,2,2,0,2,2,2,2,2,0,2,0,0,0,2,2,2,2,2,2,2,2,2,2,2,2,2,2,2,2,2,2,2,2,2,2,2,2,2,2,2,2,2
2,2,2,2,2,2,2,2,2,2,2,2,2,2,2,0,0,0,0,0,0,0,2,2,0,0,2,0,0,0,2,0,2,0,0,2,2,2,2,2,2,2,2,2,2,2,2,2,2,2,1,0,0,0,2,2,2,2,2,0,0,0,0,0,0,2,2,0,2,2,0,2,0,0,0,0,0,0,0,0,0,0,0,0,2,2,0,2
2,2,2,2,2,2,2,2,2,2,2,2,2,2,0,2,2,2,2,2,2,0,0,2,0,0,2,2,2,1,2,0,2,0,0,0,0,2,2,0,2,0,2,0,0,0,0,0,2,2,2,0,0,2,2,0,2,2,2,0,0,0,0,0,0,2,0,0,2,2,0,2,0,0,0,2,0,0,0,0,0,0,0,0,2,2,0,2
2,0,0,0,0,2,0,0,2,2,2,0,2,0,2,2,2,2,2,0,2,2,2,0,2,2,0,2,2,2,0,0,0,2,2,2,0,0,0,2,0,2,0,2,2,2,2,2,2,2,0,0,0,0,2,2,2,2,2,0,0,0,1,0,0,2,0,0,2,2,0,2,0,0,0,0,0,0,0,0,0,0,0,0,2,2,0,2
2,2,2,2,2,2,2,2,2,2,2,2,2,2,2,2,2,2,2,2,2,2,2,2,2,2,2,2,2,2,2,2,2,2,2,2,2,2,2,2,2,2,2,2,2,2,2,2,0,2,2,2,2,2,0,2,0,0,0,2,2,2,2,1,2,2,2,2,2,2,2,2,2,2,2,2,2,2,2,2,2,1,2,2,2,2,2,2
2,2,2,2,2,2,2,2,2,2,2,2,2,2,2,2,2,2,2,2,2,2,2,2,2,2,2,2,2,2,2,2,2,2,2,2,2,2,2,2,2,2,2,2,2,2,2,2,2,2,2,2,2,2,0,2,0,0,0,2,2,2,2,2,2,2,2,2,2,2,2,2,2,2,2,2,2,2,2,0,2,2,2,2,2,2,2,2
2,2,2,2,2,2,2,2,2,2,2,2,2,2,2,2,2,2,2,2,2,2,2,2,2,2,2,2,2,2,2,2,2,2,2,2,2,2,2,2,2,2,2,2,2,2,2,2,0,2,2,2,2,2,0,2,0,0,0,2,2,2,2,2,2,2,2,2,2,2,2,2,2,2,2,2,2,2,2,2,2,2,2,2,2,2,2,2
2,2,2,2,2,2,2,2,2,2,2,2,2,2,2,2,2,2,2,2,2,2,2,2,2,2,2,2,2,2,2,2,2,2,2,2,2,2,2,2,2,2,2,2,2,2,2,2,0,2,2,2,2,2,0,2,1,0,0,2,2,2,2,2,2,2,2,2,2,2,2,2,2,2,2,2,2,2,2,2,2,2,2,2,2,2,1,2
2,2,2,2,2,2,2,2,2,2,2,2,2,2,2,2,2,2,2,2,2,2,2,2,2,2,2,2,2,2,2,2,2,2,2,2,2,2,2,2,2,2,2,2,2,2,2,2,0,2,2,2,2,2,0,2,0,0,0,2,2,2,2,2,2,2,2,2,2,2,2,2,2,2,2,2,2,2,2,2,2,2,2,2,2,2,2,2
1,2,2,2,2,2,2,2,2,2,2,2,2,2,1,1,1,0,0,0,1,0,1,2,2,0,2,1,0,0,2,0,2,0,0,0,0,2,2,0,2,0,2,0,0,0,2,0,2,2,2,0,0,2,2,0,2,2,2,0,0,0,0,2,1,2,1,1,2,2,2,2,1,0,0,2,0,1,1,0,1,0,0,1,2,2,0,2
2,2,2,2,2,2,2,2,2,2,2,2,2,2,2,2,2,2,2,2,2,2,2,2,2,2,2,2,2,2,2,2,2,2,2,2,2,2,2,2,2,2,2,2,2,2,2,2,2,2,0,0,0,0,2,2,2,1,2,0,0,0,0,1,0,2,0,0,2,2,0,2,0,0,0,0,0,0,0,0,0,0,0,0,2,2,0,2
2,2,2,2,2,2,2,2,2,2,2,2,2,2,2,2,2,2,2,2,2,2,2,2,2,2,2,2,2,2,2,2,2,2,2,2,2,2,2,2,2,2,2,2,2,2,2,2,0,2,2,2,2,2,0,2,0,0,0,2,2,2,2,2,2,2,2,2,2,2,2,2,2,1,2,2,2,2,2,2,2,2,2,2,2,2,2,2
2,2,2,2,2,2,2,2,2,2,2,2,2,2,2,2,2,2,2,2,2,2,2,2,2,2,2,2,2,2,2,2,2,2,2,2,2,2,2,2,2,2,2,2,2,2,2,2,0,2,2,2,2,2,0,2,0,0,0,2,2,2,2,2,2,2,2,2,2,2,2,2,2,2,2,2,2,2,2,2,2,2,2,2,2,2,2,2
2,2,2,2,2,2,2,2,2,2,2,2,2,2,2,2,2,2,1,2,2,2,2,2,2,2,2,2,2,2,2,2,2,2,2,2,2,2,2,2,2,2,2,2,2,2,2,2,2,2,0,2,2,1,0,2,1,1,0,2,2,2,1,2,1,2,1,2,2,2,2,2,2,2,0,2,2,1,1,1,0,2,2,1,2,2,1,2
2,2,2,2,2,2,2,2,2,2,2,2,2,2,2,2,2,2,2,2,2,2,2,2,2,2,2,2,2,2,2,2,2,2,2,2,2,2,2,2,2,2,2,2,2,2,2,2,0,2,2,2,2,2,0,2,0,0,0,2,2,2,2,2,2,2,1,2,2,2,2,2,2,2,2,2,2,2,2,2,2,2,2,2,2,2,2,2
2,0,0,0,0,2,0,0,2,2,2,0,2,0,2,2,2,2,2,0,2,2,2,0,2,2,0,2,2,2,0,0,0,2,2,2,0,0,0,2,0,2,0,1,2,0,0,0,2,2,2,0,0,1,2,1,2,2,2,0,0,0,0,1,1,2,1,2,2,1,2,2,1,2,1,2,1,1,1,0,2,1,1,1,0,2,0,0
2,2,2,2,2,2,2,2,2,2,2,2,2,2,2,2,2,2,2,2,2,2,2,2,2,2,2,2,2,2,2,2,2,2,2,2,2,2,2,2,2,2,2,2,2,2,2,2,0,2,2,2,2,2,0,2,0,0,0,2,2,2,2,2,2,2,2,2,2,2,2,2,2,2,2,2,2,2,2,2,2,2,2,2,2,2,2,2
2,0,0,0,0,2,0,0,2,2,2,0,2,0,2,2,2,2,0,0,2,0,2,0,2,2,0,2,2,2,0,0,2,2,2,2,0,2,2,0,2,0,2,0,0,0,0,0,2,2,2,0,0,2,2,0,2,2,2,0,0,0,0,2,2,2,2,2,2,2,2,2,2,2,2,2,2,2,2,2,2,2,2,2,2,2,2,2
2,0,0,0,0,2,0,0,2,2,2,0,2,0,2,2,2,0,0,0,2,2,2,0,2,2,0,2,2,2,0,0,2,2,2,2,2,2,2,2,2,2,2,2,2,2,2,2,0,2,2,2,2,2,0,2,0,1,0,2,2,2,2,2,2,0,2,2,0,0,0,0,2,2,2,2,2,2,2,2,2,2,2,2,2,0,2,0
2,2,2,2,2,2,2,2,2,2,2,2,2,2,2,0,0,0,0,0,0,0,2,2,0,0,2,0,0,0,2,0,2,0,0,0,0,2,2,0,2,0,2,0,0,0,0,0,2,2,2,0,0,2,2,0,2,2,2,0,0,0,0,2,2,2,2,2,2,2,2,2,2,2,2,2,2,2,2,2,2,2,2,2,2,2,2,2
1,2,2,2,2,2,2,2,2,2,2,2,2,2,2,2,2,2,2,2,2,1,2,2,2,0,2,2,2,2,2,1,2,2,1,0,0,2,2,0,2,0,2,0,0,0,0,0,2,2,2,0,0,2,2,0,2,2,2,0,0,0,0,0,0,0,0,0,2,2,0,2,0,0,0,2,0,0,0,0,0,0,0,0,2,2,0,2
2,2,2,2,2,2,2,2,2,2,2,2,2,2,2,2,2,2,2,2,2,2,2,2,2,2,2,2,2,2,2,2,2,2,2,2,2,2,2,2,2,2,2,0,0,0,0,0,2,2,2,0,0,2,2,0,2,2,2,0,0,0,0,2,2,2,2,2,2,2,2,2,2,2,2,2,2,2,2,2,2,2,2,2,0,2,2,0
2,2,2,2,2,2,2,2,2,2,2,2,2,2,2,2,2,2,2,2,2,2,2,2,2,2,2,2,1,2,2,2,2,2,2,2,2,2,2,2,2,2,2,0,0,0,0,0,2,2,2,1,0,2,2,0,2,2,2,0,0,0,0,2,2,2,2,2,2,2,2,2,2,2,2,2,2,2,2,2,2,2,2,2,0,2,2,0
2,0,0,0,0,2,0,0,2,2,2,0,2,0,2,2,2,2,1,0,2,0,2,0,2,2,0,2,2,2,0,0,0,2,2,2,0,0,0,2,0,2,0,0,0,0,0,0,2,2,2,0,0,2,2,0,2,2,2,0,0,0,0,2,2,2,2,2,2,2,2,2,2,2,2,2,2,2,2,2,2,2,2,2,0,2,2,0
2,2,2,2,2,2,2,2,2,2,2,2,2,2,2,2,2,2,2,2,2,2,2,2,2,2,2,2,2,2,2,2,2,2,2,2,2,2,2,2,2,2,2,2,2,2,2,2,2,2,0,2,2,0,2,2,2,2,2,2,2,2,2,0,0,2,0,0,2,2,0,2,0,0,0,2,0,0,0,0,0,0,0,0,2,2,0,2
2,0,0,0,0,2,0,0,2,2,2,0,2,0,2,2,2,2,1,0,2,0,2,0,2,2,0,2,2,2,0,0,0,2,2,2,0,2,2,0,0,2,2,2,2,2,0,2,2,2,0,2,2,0,2,2,2,2,2,2,2,1,2,0,0,2,0,0,2,2,0,2,0,0,0,2,0,0,0,0,0,0,0,0,2,2,0,2
2,0,0,0,0,2,0,0,2,2,2,0,2,0,2,2,2,2,0,0,2,0,2,0,2,2,0,2,2,2,0,0,0,2,2,2,0,2,2,0,0,2,2,2,2,2,0,2,2,2,0,2,2,0,2,2,2,2,2,2,2,1,2,0,0,2,0,0,2,2,0,2,0,0,0,2,0,0,0,0,0,0,0,0,2,2,0,2
2,2,2,2,2,2,2,2,2,2,2,2,2,2,2,2,2,2,2,2,2,2,2,2,2,2,2,2,2,2,2,2,2,2,2,2,2,2,2,2,2,2,2,2,2,2,2,2,0,2,2,2,2,2,0,2,0,0,0,2,2,2,2,2,2,2,2,2,2,2,2,2,2,2,2,2,2,2,2,2,2,2,2,2,2,2,2,1
2,2,2,2,2,2,2,2,2,2,2,2,2,2,2,0,0,0,0,0,0,0,2,2,0,0,2,0,0,0,2,0,2,0,0,0,0,2,2,0,2,1,2,0,0,0,0,0,2,2,2,0,0,2,2,0,2,2,2,0,0,0,0,2,2,2,2,2,2,2,2,2,2,2,2,2,2,2,2,2,2,2,2,2,2,2,2,2
2,2,2,2,2,2,2,2,2,2,2,2,2,2,2,2,2,2,2,2,2,2,2,2,2,2,2,2,2,2,2,2,2,2,2,2,2,2,2,2,2,2,2,2,2,2,2,2,0,2,2,2,2,2,0,2,0,0,0,2,2,2,2,2,2,2,2,2,2,2,2,2,2,2,2,2,2,2,2,2,2,2,2,2,2,2,2,1
2,2,2,2,2,2,2,2,2,2,2,2,2,2,2,2,2,0,0,0,0,0,2,2,0,0,2,0,0,0,2,0,2,0,0,0,0,2,2,0,2,0,2,2,2,2,2,2,0,2,2,2,2,2,0,2,0,0,0,2,2,2,2,2,2,2,2,2,2,2,2,2,2,2,2,2,2,2,2,2,2,2,2,2,2,2,2,1
2,2,2,2,2,2,2,2,2,2,2,2,2,2,2,2,2,2,2,2,2,2,2,2,2,2,2,2,2,2,2,2,2,2,2,2,2,2,2,2,2,2,2,2,2,2,2,2,0,2,2,2,2,2,0,2,0,0,0,2,2,2,2,2,2,2,2,2,2,2,2,2,2,2,2,2,2,2,2,2,2,2,2,2,2,2,2,1
2,2,2,2,2,2,2,2,2,2,2,2,2,2,2,2,2,2,2,2,2,2,2,2,2,2,2,2,2,2,2,2,2,2,2,2,2,2,2,2,2,2,2,0,0,0,0,0,2,2,2,0,0,2,2,0,2,2,2,0,0,0,0,2,2,2,2,2,2,2,2,2,2,2,2,2,2,2,2,2,2,2,2,2,2,2,2,2
2,2,2,2,2,2,2,2,2,2,2,2,2,2,2,2,2,2,2,2,2,2,2,2,2,2,2,2,2,2,2,2,2,2,2,2,2,2,2,2,2,2,2,2,2,2,2,2,2,2,1,0,0,0,2,2,2,2,2,0,0,0,0,0,0,2,0,0,2,2,0,2,0,0,0,0,0,1,0,0,0,0,0,0,2,2,0,2
2,2,2,2,2,2,2,2,2,2,2,2,2,2,2,0,0,0,0,0,0,0,2,2,0,0,2,0,0,0,2,0,2,0,0,0,0,2,2,0,2,0,2,0,0,0,0,0,2,2,2,0,0,2,2,0,2,2,2,0,0,0,0,2,2,2,2,2,2,2,2,2,2,2,2,2,2,2,2,2,2,2,2,2,2,2,2,2
0,0,2,2,2,2,2,2,2,2,2,2,2,2,2,2,2,2,2,2,2,2,2,2,2,2,2,2,2,2,2,2,2,2,2,2,2,2,2,2,2,2,2,2,2,2,2,2,2,2,1,0,0,0,2,2,2,2,2,0,0,0,0,0,0,2,0,0,2,2,0,2,0,0,0,0,0,0,0,0,0,0,0,0,2,2,0,2
2,2,2,2,2,2,2,2,2,2,2,2,2,2,2,2,2,2,1,2,2,2,2,2,2,2,2,2,2,2,2,1,2,2,2,2,2,2,2,2,2,2,2,2,2,2,2,2,2,2,0,2,2,0,2,2,2,2,2,2,2,2,2,0,0,2,0,0,2,2,0,2,0,0,0,2,0,0,0,0,0,0,0,0,2,2,0,2
2,2,2,2,2,2,2,2,2,2,2,2,2,2,2,2,2,2,2,2,2,2,2,2,2,2,2,2,2,2,2,1,2,2,2,2,2,2,2,2,2,2,2,2,2,2,2,2,2,2,0,2,2,0,1,2,2,2,2,2,2,2,2,0,0,2,0,0,2,2,0,2,0,0,0,2,0,0,0,0,0,0,0,0,2,2,0,2
2,2,2,2,2,2,2,2,2,2,2,2,2,2,2,2,2,2,2,2,2,2,2,2,2,2,2,2,2,2,2,1,2,2,2,2,2,2,2,2,2,2,2,2,2,2,2,2,2,2,0,2,2,0,2,2,2,2,2,2,2,2,2,0,0,2,0,0,2,2,0,2,0,0,0,2,0,0,0,0,0,0,0,0,2,2,0,2
2,2,2,2,2,0,2,2,0,0,0,2,0,2,0,0,0,0,0,0,0,0,2,2,0,0,2,0,0,0,2,0,2,0,0,0,0,2,2,0,2,0,2,2,2,2,2,2,2,2,0,2,2,0,1,2,2,2,2,2,2,2,2,0,0,2,0,0,2,2,0,2,0,0,0,2,0,0,0,0,0,0,0,0,2,2,0,2
2,2,2,2,2,0,2,2,0,0,0,2,0,2,0,0,0,0,0,0,0,0,2,2,0,0,2,0,0,0,2,0,2,0,0,0,0,2,2,0,2,0,2,2,2,2,2,2,2,2,0,2,2,0,0,2,2,2,2,2,2,2,2,0,0,2,0,0,2,2,0,2,0,0,0,1,0,0,0,0,0,0,0,0,2,2,0,2
2,2,2,2,2,2,2,2,2,2,2,2,2,2,2,2,2,2,2,2,2,2,2,2,2,2,2,2,2,2,2,2,2,2,2,2,2,2,2,2,2,2,2,2,2,2,2,2,0,0,2,1,0,2,2,0,2,2,2,0,0,0,0,2,2,0,2,2,0,0,0,0,0,0,0,0,0,0,0,0,0,0,0,0,2,2,0,2
2,2,2,2,2,2,2,2,2,2,2,2,2,2,2,2,2,2,2,2,2,2,2,2,2,2,2,2,2,2,2,2,2,2,2,2,2,2,2,2,2,2,2,2,2,2,2,2,0,0,2,1,0,2,2,0,2,2,2,0,0,0,0,2,2,0,2,2,0,0,0,0,0,0,0,0,0,0,0,0,0,0,0,0,2,2,0,2
2,2,2,2,2,2,2,2,2,2,2,2,2,2,2,2,2,2,2,2,2,2,2,2,2,2,2,2,2,2,2,2,2,2,2,2,2,2,2,2,2,2,2,2,2,2,2,2,0,0,2,2,2,2,0,2,0,0,0,2,2,0,2,2,2,2,0,0,2,2,0,2,0,0,0,1,0,0,0,0,0,0,0,0,2,2,0,2
0,0,2,2,2,2,2,2,2,2,2,2,2,2,2,2,2,0,0,2,2,0,0,2,0,0,2,2,2,2,2,0,2,2,2,2,2,2,2,2,2,2,2,2,2,2,2,2,0,2,2,2,2,2,0,2,0,0,0,2,2,2,2,2,2,0,2,2,0,0,0,0,2,2,2,2,2,2,2,2,2,2,2,2,2,0,2,0
2,2,2,2,2,2,2,2,2,2,2,2,2,2,2,2,2,2,2,2,2,2,2,2,2,2,2,2,2,2,2,2,2,2,2,2,2,2,2,2,2,2,2,2,2,2,2,2,2,2,2,2,2,1,0,2,2,2,2,2,2,2,2,0,0,2,0,0,2,2,0,2,0,0,0,1,0,0,0,0,0,0,0,0,2,2,0,2
2,2,2,2,2,2,2,2,2,2,2,2,2,2,2,2,2,2,2,2,2,2,2,2,2,2,2,2,2,2,2,2,2,2,2,2,2,2,2,2,2,2,2,2,2,2,2,2,2,2,1,2,2,0,0,2,2,2,2,2,2,2,2,0,0,2,0,0,2,2,0,2,0,0,0,1,0,0,0,0,0,0,0,0,2,2,0,2
2,2,2,2,2,2,2,2,2,2,2,2,2,2,2,2,2,2,2,2,2,2,2,2,2,2,2,2,2,2,2,2,2,2,2,2,2,2,2,2,2,2,2,2,2,2,2,2,2,2,0,2,2,0,0,2,2,2,2,2,2,2,2,0,0,2,0,0,2,2,0,2,0,0,0,1,0,0,0,0,0,0,0,0,2,2,0,2
2,2,2,2,2,2,2,2,2,2,2,2,2,2,2,2,2,2,2,2,2,2,2,2,2,2,2,2,2,2,2,2,2,2,2,2,2,2,2,2,2,2,2,2,2,2,2,2,2,2,0,2,2,0,0,2,2,2,2,2,2,2,2,0,0,2,0,0,2,2,0,2,0,0,0,1,0,0,0,0,0,0,0,0,2,2,0,2
2,2,2,2,2,2,2,2,2,2,2,2,2,2,2,2,2,2,2,2,2,2,2,2,2,2,2,2,2,2,2,2,2,2,2,2,2,2,2,2,2,2,2,0,0,0,0,0,2,2,2,0,0,2,2,0,2,2,2,0,0,0,0,2,2,2,2,2,2,2,2,2,2,2,2,2,2,2,2,2,2,2,2,2,2,2,2,2
2,2,2,2,2,2,2,2,2,2,2,2,2,2,2,0,0,0,0,0,0,0,2,2,0,0,2,0,0,0,2,0,2,0,0,0,0,2,2,0,2,0,2,0,0,0,0,0,2,2,2,0,0,2,2,0,2,2,2,1,0,0,0,2,2,2,2,2,2,2,2,2,2,2,2,2,2,2,2,2,2,2,2,2,2,2,2,2
2,2,2,2,2,2,2,2,2,2,2,2,2,2,2,0,0,0,0,0,0,0,2,2,0,0,2,0,0,0,2,0,2,0,0,0,0,2,2,0,2,0,2,0,0,0,0,0,2,2,2,0,0,2,2,0,2,2,2,0,0,0,0,2,2,2,2,2,2,2,2,2,2,2,2,2,2,2,2,2,2,2,2,2,2,2,2,2
1,2,2,2,2,2,2,2,2,2,2,2,2,2,2,2,2,2,2,2,2,2,2,2,2,2,2,2,2,2,2,2,2,2,2,2,2,2,2,2,2,1,2,1,2,2,2,2,2,2,1,2,2,0,0,2,2,2,2,2,2,2,2,0,0,2,0,0,2,2,0,2,0,0,0,1,0,0,0,0,0,0,0,0,2,2,0,2
2,2,2,2,2,2,2,2,2,2,2,2,2,2,2,2,2,2,2,2,2,2,2,2,2,2,2,0,0,0,2,0,2,0,0,0,0,2,2,0,2,0,2,0,0,0,0,0,2,2,2,0,0,2,2,0,2,2,2,0,0,0,0,2,2,2,2,2,2,2,2,2,2,2,2,2,2,2,2,2,2,2,2,2,2,2,2,2
2,2,2,2,2,2,2,2,1,1,1,2,0,2,1,0,1,2,1,1,2,1,2,2,1,1,2,1,1,1,2,2,2,0,0,2,2,2,2,2,2,2,2,2,2,2,2,2,2,2,2,2,2,2,0,2,0,0,0,2,2,2,2,2,2,2,2,2,2,2,2,2,2,2,2,2,2,2,2,2,2,2,2,2,2,2,2,2
2,2,2,2,2,2,2,2,2,2,2,2,2,2,2,2,2,2,2,2,2,2,2,2,2,2,2,2,2,2,2,2,2,2,2,2,2,2,2,2,2,2,2,2,2,2,2,2,2,2,2,2,2,2,0,2,0,0,0,2,2,2,2,2,2,2,2,2,2,2,2,2,2,2,2,2,2,2,2,2,2,2,2,2,2,2,2,2
2,2,2,2,2,2,2,2,2,2,2,2,2,2,2,2,2,2,2,2,2,2,2,2,2,2,2,2,2,2,2,2,2,2,2,2,2,2,2,2,2,2,2,2,2,2,2,2,2,2,2,2,2,2,0,2,0,0,0,2,2,2,2,2,2,2,2,2,2,2,2,2,2,2,2,2,2,2,2,2,2,2,2,2,2,2,2,2
2,2,2,2,2,2,2,2,2,2,2,2,2,2,2,2,2,2,2,2,2,2,2,2,2,2,2,2,2,2,2,2,2,2,2,2,2,2,2,2,2,2,2,2,2,2,2,2,2,2,2,2,2,2,0,2,0,0,0,2,2,2,2,2,2,2,2,2,2,2,2,2,2,2,2,2,2,2,2,2,2,2,2,2,2,2,2,2
2,2,2,2,2,2,2,2,2,2,2,2,2,2,2,2,2,2,2,2,2,2,2,2,2,2,2,2,2,2,2,2,2,2,2,2,2,2,2,2,2,2,2,2,2,2,2,2,2,2,2,2,2,2,0,2,0,0,0,2,2,2,2,2,2,2,2,2,2,2,2,2,2,2,2,2,2,2,2,2,2,2,2,2,2,2,2,2
2,2,2,2,2,2,2,2,2,2,2,2,2,2,2,2,2,2,2,2,2,2,2,2,2,2,2,2,2,2,2,2,2,2,2,2,2,2,2,2,2,2,2,2,2,2,2,2,2,2,2,2,2,2,0,2,0,0,0,2,2,2,2,2,2,2,2,2,2,2,2,2,2,2,2,2,2,2,2,2,2,2,2,2,2,2,2,2
2,2,2,2,2,2,2,2,2,2,2,2,2,2,2,2,2,2,2,2,2,2,2,2,2,2,2,2,2,2,2,2,2,2,2,1,2,2,2,2,2,2,2,2,2,2,2,2,2,2,2,2,2,2,0,2,0,0,0,2,2,2,2,2,2,2,2,2,2,1,2,2,2,2,2,2,2,2,2,2,2,2,2,2,2,2,2,2
2,2,2,2,2,2,2,2,2,2,2,2,2,2,2,2,2,2,2,2,2,2,2,2,2,2,2,2,2,2,2,2,2,2,2,2,2,2,2,2,2,2,2,2,2,2,2,2,2,2,2,2,2,2,0,2,0,0,1,2,2,2,2,2,2,2,2,2,2,2,2,2,2,2,2,2,2,2,2,2,2,2,2,2,2,2,2,2
2,2,2,2,2,2,2,2,2,2,2,2,2,2,2,2,2,2,2,2,2,2,2,2,2,2,2,2,2,2,2,2,2,2,2,2,2,2,2,2,2,2,2,2,2,2,2,2,0,2,2,2,2,2,0,2,0,0,0,2,2,2,2,2,2,2,2,2,2,2,2,2,2,2,2,2,2,2,2,2,2,2,2,2,2,2,2,2
2,2,2,2,2,2,2,2,2,2,2,2,2,2,2,2,2,2,2,2,2,2,2,2,2,2,2,2,2,2,2,2,2,2,2,2,2,2,2,2,2,2,2,2,2,2,2,2,2,2,2,2,2,2,0,2,0,0,0,2,2,2,2,2,2,2,2,2,2,2,2,2,2,2,2,2,2,2,2,2,2,2,2,2,2,2,2,2
2,2,2,2,2,2,2,2,2,2,2,2,2,2,2,2,2,2,2,2,2,2,2,2,2,2,2,2,2,2,2,2,2,2,2,2,2,2,2,2,2,2,2,2,2,2,2,2,2,2,2,2,2,2,0,2,0,0,0,2,2,2,2,2,2,2,2,2,2,2,2,2,2,2,2,2,2,2,2,2,2,2,2,2,2,2,2,2
2,2,2,2,2,2,2,2,2,2,2,2,2,2,2,0,0,0,0,0,0,0,2,2,0,0,2,0,0,0,2,0,2,0,0,0,0,2,2,0,2,0,2,0,0,0,0,0,2,2,2,0,0,2,2,0,2,2,2,0,0,0,0,2,2,2,2,2,2,2,2,2,2,2,2,2,2,2,2,2,2,2,2,2,2,2,2,2
2,2,2,2,2,2,2,2,2,2,2,2,2,2,2,2,2,2,2,2,2,2,2,2,2,2,2,2,2,2,2,2,2,2,2,2,2,2,2,2,2,2,2,2,2,2,2,2,2,2,2,2,2,2,0,2,0,0,0,2,2,2,2,2,2,2,2,2,2,2,2,2,2,2,2,2,2,2,2,2,2,2,2,2,2,2,2,2
2,2,2,2,2,2,2,2,2,2,2,2,2,2,2,2,2,2,2,2,2,2,2,2,2,2,2,2,2,2,2,2,2,2,2,2,2,2,2,2,2,2,2,2,2,2,2,2,2,2,2,2,2,2,0,2,0,0,0,2,2,2,2,2,2,2,2,2,2,2,2,2,2,2,2,2,2,2,2,2,2,2,2,2,2,2,2,2
2,2,2,2,2,2,2,2,2,2,2,2,2,2,2,2,2,2,2,2,2,2,2,2,2,2,2,2,2,2,2,2,2,2,2,2,2,2,2,2,2,2,2,2,2,2,2,2,2,2,2,2,2,2,0,2,0,0,0,2,2,2,2,2,2,2,2,2,2,2,2,2,2,2,2,2,2,2,2,2,2,2,2,2,2,2,2,2
2,2,2,2,2,2,2,2,2,2,2,2,2,2,2,2,2,2,2,2,2,2,2,2,2,2,2,2,2,2,2,2,2,2,2,2,2,2,2,2,2,2,2,2,2,2,2,2,2,2,2,2,2,2,0,2,0,0,0,2,2,2,2,2,2,2,2,2,2,2,2,2,2,2,2,2,2,2,2,2,2,2,2,2,2,2,2,2
2,2,2,2,2,2,2,2,2,2,2,2,2,2,2,0,0,0,0,0,0,0,2,2,0,0,2,0,0,0,2,0,2,0,0,0,0,2,2,0,2,2,2,0,0,0,0,0,2,2,2,0,0,2,2,0,2,2,2,0,0,0,0,2,2,2,2,2,2,2,2,2,2,2,2,2,2,2,2,2,2,2,2,2,2,2,2,2
2,2,2,2,2,2,2,2,2,2,2,2,2,2,2,0,0,0,0,0,0,0,2,2,0,0,2,0,0,0,2,0,2,0,0,0,0,2,2,0,2,0,2,0,0,0,0,0,2,2,2,0,0,2,2,0,2,2,2,0,0,0,0,2,2,2,2,2,2,2,2,2,2,2,2,2,2,2,2,2,2,2,2,2,2,2,2,2
0,0,2,2,2,2,2,2,2,2,2,2,2,2,2,2,2,2,2,2,2,2,2,2,2,2,2,2,2,2,2,2,2,2,2,2,1,2,2,2,2,2,2,2,2,2,2,2,2,2,0,2,2,0,0,2,2,2,2,2,2,2,2,0,0,2,0,0,2,2,0,2,0,0,0,1,0,0,0,0,0,0,0,0,2,2,0,2
0,0,2,2,2,2,2,2,2,2,2,2,2,2,2,2,2,2,2,2,2,2,1,2,2,2,2,2,2,2,2,2,2,2,2,2,2,2,2,2,2,2,2,2,2,2,2,2,2,2,0,2,2,0,0,2,2,2,2,2,2,2,2,0,0,2,0,0,2,2,0,2,0,0,0,1,0,0,0,0,0,0,0,0,2,2,0,2
0,0,2,2,2,2,2,2,2,2,2,2,2,2,2,2,2,2,2,2,2,2,2,2,2,2,2,2,2,2,2,2,2,2,2,2,2,2,2,2,2,2,2,2,2,2,2,2,2,2,0,2,2,0,0,2,2,2,2,2,2,2,2,0,0,2,0,0,2,2,0,2,0,0,0,1,0,0,0,0,0,0,0,0,2,2,0,2
0,0,2,2,2,2,2,2,2,2,2,2,2,2,2,2,2,2,2,2,2,2,2,2,2,2,2,2,2,2,2,2,2,2,2,2,2,2,2,2,2,2,2,2,2,2,2,2,2,2,0,2,2,0,0,2,2,2,2,2,2,2,2,0,0,2,0,0,2,2,0,2,0,0,0,1,0,0,0,0,0,0,0,0,2,2,0,2
0,0,2,2,2,2,2,2,2,2,2,2,2,2,2,2,2,2,2,2,2,2,2,2,2,2,2,2,2,2,2,2,2,2,2,2,2,2,2,2,2,2,2,2,2,2,2,2,2,2,0,2,2,0,0,2,2,2,2,2,2,2,2,0,0,2,0,0,2,2,0,2,0,0,0,1,0,0,0,0,1,0,0,0,2,2,0,2
0,1,2,2,2,2,2,2,2,2,2,2,2,2,2,2,2,2,2,2,2,2,2,2,2,2,2,2,2,2,2,2,2,2,2,2,2,2,2,2,2,2,2,2,2,2,2,2,2,2,0,2,2,0,0,2,2,2,2,2,2,2,2,0,0,2,0,0,2,2,0,2,0,0,0,2,0,0,0,0,0,0,0,0,2,2,0,2
0,0,2,2,2,2,2,2,2,2,2,2,2,2,2,2,2,2,2,2,2,2,2,2,2,2,2,2,2,2,2,2,2,2,2,2,2,2,2,2,2,2,2,2,2,2,2,2,2,2,0,2,2,0,0,2,2,2,2,2,2,2,2,0,0,2,0,0,2,2,0,2,0,0,0,0,0,0,0,0,0,0,0,0,2,2,0,2
0,0,2,2,2,2,2,2,2,2,2,2,2,2,2,2,2,2,2,2,2,2,2,2,2,2,2,2,2,2,2,2,2,2,2,2,2,2,2,2,2,2,2,2,2,2,2,2,2,2,0,2,2,0,0,2,2,2,2,2,2,2,2,0,0,2,0,0,2,2,0,2,0,0,0,1,0,0,0,0,0,0,0,0,2,2,0,2
0,0,2,2,2,2,2,2,2,2,2,2,2,2,2,2,2,2,2,2,2,2,2,2,2,2,2,2,2,2,2,1,2,2,2,2,2,2,2,2,2,2,2,2,2,2,2,2,1,0,0,2,2,1,0,2,1,1,1,2,2,0,2,0,1,2,1,2,2,2,1,2,1,1,1,2,0,1,1,1,1,1,0,1,2,2,1,0
0,0,2,2,2,2,2,2,2,2,2,2,2,2,2,2,2,2,2,2,2,2,2,2,2,2,2,2,2,2,2,2,2,2,2,2,2,2,2,2,2,2,2,2,2,2,2,2,2,2,0,2,2,0,0,2,2,2,2,2,2,2,2,0,0,2,0,0,2,2,0,2,0,0,0,1,0,0,0,0,0,0,0,0,2,2,0,2
1,1,2,2,2,2,2,2,2,2,2,2,2,2,2,2,2,2,2,2,2,2,2,2,2,2,2,2,2,2,2,2,2,2,2,2,2,2,2,2,2,2,2,2,2,2,2,2,2,2,0,2,2,0,0,2,2,2,2,2,2,2,2,0,0,2,0,0,2,2,0,2,0,0,0,0,0,0,0,0,0,0,0,0,2,2,0,2
2,2,2,2,2,2,2,2,2,2,2,2,2,2,2,2,2,2,2,2,2,2,2,2,2,2,2,2,2,2,2,2,2,2,2,2,2,2,2,2,2,2,2,2,2,2,2,2,2,2,2,2,2,2,0,2,0,0,0,2,2,2,2,2,1,2,2,2,2,2,2,2,2,2,2,2,2,2,2,2,2,2,2,2,2,2,2,2
2,2,2,2,2,2,2,2,2,2,2,2,2,2,2,2,2,2,2,2,2,2,2,2,2,2,2,2,2,2,2,2,2,2,2,2,2,2,2,2,2,2,2,2,2,2,2,2,2,2,0,2,2,0,0,2,2,2,2,2,2,2,2,0,0,2,0,0,2,2,0,2,0,0,0,1,0,0,0,0,0,0,0,0,2,2,0,2
2,2,2,2,2,0,2,2,0,0,0,2,0,2,2,2,2,2,2,2,2,2,2,2,2,2,2,2,2,2,2,2,2,2,2,2,2,2,2,2,2,2,2,2,2,2,2,2,2,2,1,2,2,0,0,2,2,2,2,2,2,2,2,0,0,2,0,0,2,2,0,2,0,0,0,0,0,1,0,0,0,0,0,0,2,2,0,2
2,2,2,2,2,2,2,2,2,2,2,2,2,2,2,2,2,2,2,2,2,2,2,2,2,2,2,2,2,2,2,1,2,2,2,2,2,2,2,2,2,2,2,2,2,2,2,2,2,2,2,2,2,2,0,2,0,0,0,2,2,2,2,2,2,2,2,2,2,2,2,2,2,2,2,2,2,2,2,2,2,2,2,2,2,2,2,2
2,2,2,2,2,2,2,2,2,2,2,2,2,2,2,2,2,2,2,2,2,2,2,2,2,2,2,2,2,2,2,1,2,2,2,2,2,2,2,2,2,2,2,2,2,2,2,2,0,2,2,2,2,2,0,2,0,0,0,2,2,2,2,2,2,2,2,2,2,2,2,2,2,2,2,2,2,2,2,2,2,2,2,2,2,2,2,2
2,2,2,2,2,2,2,2,2,2,2,2,2,2,2,2,2,2,2,2,2,2,2,2,2,2,2,2,2,2,2,2,2,2,2,2,2,2,2,2,2,2,2,2,2,2,2,2,0,2,2,2,2,2,0,2,0,0,0,2,2,2,2,2,2,2,2,2,2,2,2,2,2,2,2,2,2,2,2,2,2,2,2,2,2,2,2,2
2,2,2,2,2,2,2,2,2,2,2,2,2,2,2,2,2,2,2,2,2,2,2,2,2,2,2,2,2,2,2,1,2,2,2,2,2,2,2,2,2,2,2,2,2,2,2,2,0,2,2,2,2,2,0,2,0,0,0,2,2,2,2,2,2,2,2,2,2,2,2,2,2,2,2,2,2,2,2,2,2,2,2,2,2,2,2,2
2,2,2,2,2,2,2,2,2,2,2,2,2,2,2,2,2,2,2,2,2,2,2,2,2,2,2,2,2,2,2,2,2,2,2,2,2,2,2,2,2,2,2,2,2,2,2,2,0,2,2,2,2,2,0,2,0,0,0,2,2,2,2,2,2,2,2,2,2,2,2,2,2,2,2,2,2,2,2,2,2,2,2,2,2,2,2,2
2,2,2,2,2,2,2,2,2,2,2,2,2,2,2,2,2,2,2,2,2,2,2,2,2,2,2,2,2,2,2,2,2,2,2,2,2,2,2,2,2,2,2,2,2,2,2,2,0,2,2,2,2,2,0,2,0,0,0,2,2,2,2,2,2,2,2,2,2,2,2,2,2,2,2,2,2,2,2,2,2,2,2,2,2,2,2,2
2,2,2,2,2,2,2,2,2,2,2,2,2,2,2,2,2,2,2,2,2,2,2,2,2,2,2,2,2,2,2,2,2,2,2,2,2,2,2,2,2,2,2,2,2,2,2,2,2,2,2,2,2,2,0,2,0,0,0,2,2,2,2,2,2,2,2,2,2,2,2,2,2,2,2,2,2,2,2,2,2,2,2,2,2,2,2,2
2,2,2,2,2,2,2,2,2,2,2,2,2,2,2,2,2,2,2,2,2,2,2,2,2,2,2,2,2,2,2,2,2,2,2,2,2,2,2,2,2,2,2,2,2,2,2,2,2,2,2,2,2,2,0,2,0,0,0,2,2,2,2,2,2,2,2,2,2,2,2,2,2,2,2,2,2,2,2,2,2,2,2,2,2,2,2,2
2,2,2,2,2,2,2,2,2,2,2,2,2,2,2,2,2,2,2,2,2,2,2,2,2,2,2,2,0,0,2,2,2,2,2,2,2,2,2,2,2,2,2,2,2,2,2,2,0,2,0,2,2,0,2,2,2,2,2,2,2,2,2,0,0,2,0,0,2,2,0,2,0,0,0,0,0,0,0,0,0,0,0,0,2,2,0,2
2,2,2,2,2,1,2,2,1,0,0,2,0,2,2,2,2,2,2,2,2,2,2,2,2,2,2,2,2,2,2,2,2,2,2,2,2,2,2,2,2,2,2,2,2,2,2,2,2,2,1,2,2,0,0,2,2,2,2,2,2,2,2,0,0,2,0,0,2,2,0,2,0,1,0,0,0,0,1,0,0,0,0,0,2,2,0,2
0,0,2,2,2,2,2,2,2,2,2,2,2,2,2,2,2,0,0,2,2,0,0,2,0,0,2,2,2,2,2,0,2,2,2,0,0,2,2,0,2,2,2,2,2,2,2,2,2,2,0,2,2,0,0,2,2,2,2,2,2,2,2,0,0,2,0,0,2,2,0,2,0,0,0,0,0,0,0,0,0,0,0,0,2,2,0,2
0,0,2,2,2,2,2,2,2,2,2,2,2,2,2,2,2,0,0,1,2,0,0,2,0,0,2,2,2,2,2,0,2,2,2,0,0,2,2,0,2,2,2,2,2,2,2,2,2,2,0,2,2,0,0,2,2,2,2,2,2,2,2,0,0,2,0,0,2,2,0,2,0,0,0,0,0,0,0,0,0,0,0,0,2,2,0,2
0,0,2,2,2,2,2,2,2,2,2,2,2,2,2,2,2,0,0,2,2,0,0,2,0,0,2,2,2,2,2,0,2,2,2,0,0,2,2,0,2,2,2,2,2,2,2,2,2,2,0,2,2,0,0,2,2,2,2,2,2,2,2,0,0,2,0,0,2,2,0,2,0,0,0,0,0,0,0,0,0,0,0,0,2,2,0,2
2,2,2,2,2,2,2,2,2,2,2,2,2,2,2,0,0,0,0,0,0,0,2,2,0,0,2,0,0,0,2,0,2,0,0,0,0,2,2,0,2,0,2,0,0,0,0,0,2,2,2,0,0,2,2,0,2,2,2,0,0,0,0,2,2,2,2,2,2,2,2,2,2,2,2,2,2,1,2,2,2,2,2,2,2,2,2,2
2,2,2,2,2,2,2,2,2,2,2,2,2,2,2,2,2,2,1,2,2,2,2,2,2,2,2,2,2,2,2,2,2,2,2,2,2,2,2,2,2,2,2,2,2,2,2,2,2,2,0,2,2,0,0,2,2,2,2,2,2,2,2,0,0,2,0,0,2,2,0,2,0,0,0,0,0,0,0,0,0,0,0,0,2,2,0,2
2,2,2,2,2,2,2,2,2,2,2,2,2,2,2,0,0,0,0,0,0,0,2,2,0,0,2,0,0,0,2,0,2,0,0,0,0,2,2,0,2,0,2,0,0,0,0,0,2,2,2,0,0,2,2,0,2,2,2,0,0,0,0,2,2,2,2,2,2,2,2,2,2,2,2,2,2,2,2,2,2,2,2,2,2,2,2,2
2,2,2,2,2,2,2,2,2,2,2,2,2,2,2,0,0,0,0,0,0,0,2,2,0,0,2,0,0,0,2,0,2,0,0,0,0,2,2,0,2,0,2,0,0,0,0,0,2,2,2,0,0,2,2,0,2,2,2,0,0,0,0,2,2,2,2,2,2,2,2,2,2,2,2,2,2,2,2,2,2,2,2,2,2,2,2,2
2,2,2,2,2,2,2,2,2,2,2,2,2,2,2,2,2,2,2,2,2,2,2,2,2,2,2,2,2,2,2,2,2,2,2,2,2,2,2,2,2,1,2,2,0,0,0,0,2,2,2,0,0,2,2,0,2,2,2,0,0,0,0,2,2,2,2,2,2,2,2,2,2,2,2,2,2,2,2,2,2,2,2,2,2,2,2,2
2,2,2,2,2,2,2,2,2,2,2,2,2,2,2,0,0,0,0,0,0,0,2,2,0,0,2,0,0,0,2,0,2,0,0,0,0,2,2,0,2,0,2,2,2,2,2,2,0,0,2,2,2,2,0,2,0,0,0,2,2,0,2,2,2,2,0,2,0,0,0,0,2,2,2,2,2,2,2,2,2,2,2,2,2,2,2,2
2,2,2,2,2,2,2,2,2,2,2,2,2,2,2,2,2,2,1,2,2,2,2,2,2,2,2,2,2,2,2,2,2,2,2,2,2,2,2,2,2,2,2,2,2,2,2,2,2,2,0,2,2,0,2,2,2,2,2,2,2,1,2,0,0,2,0,0,2,2,0,2,0,0,0,2,0,0,0,0,0,0,0,0,2,2,0,2
2,2,2,2,2,2,2,2,2,2,2,2,2,2,2,2,2,2,2,2,2,2,2,2,2,2,2,2,2,2,2,2,2,2,2,2,2,2,2,2,2,2,2,0,0,0,1,1,2,2,0,2,2,0,2,2,2,2,2,2,2,1,2,0,0,2,0,0,2,2,0,2,0,0,0,2,0,0,0,0,0,0,0,0,2,2,0,2
2,2,2,2,2,2,2,2,2,2,2,2,2,2,2,2,2,2,2,2,2,2,2,2,2,2,2,2,2,2,2,2,2,2,2,2,2,2,2,2,2,2,2,2,2,2,2,2,2,2,0,2,2,0,2,2,2,2,2,2,2,0,2,0,0,2,0,0,2,2,0,2,0,0,0,2,0,0,0,0,0,0,0,0,2,2,0,2
2,2,2,2,2,2,2,2,2,2,2,2,2,2,2,2,2,2,2,2,2,2,2,2,2,2,2,2,2,2,2,2,2,2,2,2,2,2,2,2,2,2,2,2,2,2,2,2,2,2,0,2,2,0,2,2,2,2,2,1,2,0,2,0,0,2,0,0,2,2,0,2,0,0,0,0,0,0,0,0,0,0,0,0,2,2,0,2
0,0,2,2,2,2,2,2,2,2,2,2,2,2,2,2,2,2,2,2,2,2,2,2,2,2,2,2,2,2,2,2,2,2,0,0,0,2,2,0,2,0,2,0,0,0,0,0,2,2,2,0,0,2,2,0,2,2,2,0,0,0,0,2,2,2,2,2,2,2,2,2,2,2,2,2,2,2,2,2,2,2,2,2,2,2,2,2
2,2,2,2,2,2,2,2,2,2,2,2,2,2,2,0,0,0,0,0,0,0,2,2,0,0,2,2,2,0,2,0,2,2,0,0,0,2,2,0,2,0,2,0,0,0,0,0,2,2,2,0,0,2,2,0,2,2,2,0,0,0,0,2,2,2,2,2,2,2,2,2,2,2,2,2,2,2,2,2,2,2,2,2,2,2,2,2
2,2,2,2,2,2,2,2,2,2,1,2,2,2,2,2,2,2,2,2,2,2,2,2,2,2,2,2,2,2,2,2,2,2,2,2,2,2,2,2,2,2,2,2,2,2,2,2,2,2,1,2,2,0,2,2,2,2,2,2,2,1,2,0,0,2,0,0,2,2,0,2,0,0,0,2,0,1,0,0,0,0,0,0,2,2,0,2
2,2,2,2,2,2,2,2,2,2,2,2,2,2,2,2,2,2,2,2,2,2,2,2,2,2,2,2,2,2,2,2,2,2,2,2,2,2,2,2,2,2,2,2,2,2,2,2,2,2,2,2,2,2,0,2,0,0,0,2,2,2,2,2,2,2,2,2,2,2,2,2,2,2,2,2,2,2,2,2,2,2,2,2,2,2,2,2
2,2,2,2,2,2,2,2,2,2,2,2,2,2,2,2,2,2,2,2,2,2,2,2,2,2,2,2,2,2,2,2,2,2,2,2,2,2,2,2,2,2,2,2,2,2,2,2,2,2,0,2,2,0,2,2,2,2,2,2,2,1,2,0,0,2,0,0,2,2,0,2,0,0,0,2,0,0,0,0,0,0,0,0,2,2,0,2
2,2,2,2,2,2,2,2,2,2,2,2,2,2,2,2,2,2,2,2,0,2,2,2,2,2,2,2,2,2,2,2,2,2,2,2,2,2,2,2,2,2,2,2,2,2,2,2,2,2,0,2,0,0,2,2,2,2,2,0,2,2,2,0,0,2,0,0,2,2,0,2,0,0,0,1,0,0,0,0,0,0,0,0,2,2,0,2
2,2,2,2,2,2,2,2,2,2,2,2,2,1,2,2,2,2,2,2,2,2,2,2,2,2,2,2,2,2,2,1,2,2,2,2,2,2,2,2,2,2,2,2,2,2,2,2,2,2,0,2,0,0,2,2,2,2,2,0,2,2,2,0,0,2,0,0,2,2,0,2,0,0,0,1,0,0,0,0,0,0,0,0,2,2,0,2
2,2,2,2,2,2,2,2,2,2,2,2,2,2,2,2,2,2,2,2,2,2,2,2,2,2,2,2,1,2,2,2,2,2,2,2,2,2,2,2,2,2,2,2,2,2,2,2,2,2,0,2,0,0,2,2,2,2,2,0,2,2,2,0,0,2,0,0,2,2,0,2,0,0,0,0,0,0,0,0,0,0,0,0,2,2,0,2
2,2,2,2,2,2,2,2,2,2,2,2,2,2,2,2,2,2,1,2,2,2,2,2,2,2,2,2,2,2,2,1,2,2,2,2,2,2,2,2,2,2,2,2,2,2,2,2,2,2,0,2,0,0,2,2,2,2,2,0,1,1,1,0,0,2,0,0,2,2,0,2,0,0,0,1,0,0,0,0,0,0,0,0,2,2,0,2
2,2,2,2,2,2,2,2,2,2,2,2,2,2,2,2,2,2,1,2,2,2,2,2,2,2,2,2,2,2,2,2,2,2,2,2,2,2,2,2,2,2,2,2,2,2,2,2,2,2,0,2,0,0,2,2,2,2,2,0,1,1,2,0,0,2,0,0,2,2,0,2,0,0,0,1,0,0,0,0,0,0,0,0,2,2,0,2
2,2,2,2,2,2,2,2,2,2,2,2,2,2,2,2,2,2,1,2,2,2,2,2,2,2,2,2,2,2,2,1,2,2,2,2,2,2,2,2,2,2,2,2,2,2,2,2,0,2,2,2,2,2,0,2,0,0,0,2,2,2,2,2,2,2,2,2,2,2,2,2,2,2,2,2,2,2,2,2,2,2,2,2,2,2,2,2
2,2,2,2,2,0,2,2,0,0,0,2,0,2,0,0,0,0,0,0,0,0,2,2,0,0,2,0,0,0,2,0,2,0,0,0,0,2,2,0,2,0,2,2,2,2,2,2,0,0,2,2,2,2,0,2,0,0,0,2,2,0,2,2,2,2,2,2,2,2,2,2,2,2,2,2,2,2,2,2,2,1,2,2,2,0,2,0
2,2,2,2,2,2,2,2,2,2,2,2,2,2,2,2,2,2,2,2,2,2,2,2,2,2,2,2,2,2,2,1,2,2,2,2,2,2,2,2,2,2,2,2,2,2,2,2,0,2,2,2,2,2,0,2,0,0,0,2,2,2,2,2,2,2,2,2,2,2,2,2,2,2,2,2,2,2,2,2,2,2,2,2,2,2,2,2
2,2,2,2,2,2,2,2,2,2,2,2,2,2,2,2,2,2,1,2,2,2,2,2,2,2,2,2,2,2,2,0,2,2,2,2,2,2,2,2,2,2,2,2,2,2,2,2,2,2,0,2,0,0,2,2,2,2,2,0,2,2,2,0,0,2,0,0,2,2,0,2,0,0,0,1,0,0,0,0,0,0,0,0,2,2,0,2
2,2,2,2,2,2,2,2,2,2,2,2,2,2,2,2,2,2,2,2,2,2,2,2,2,2,2,2,2,2,2,1,2,2,2,2,2,2,2,2,2,2,2,2,2,2,2,2,0,2,2,2,2,2,0,2,0,0,0,2,2,2,2,2,2,2,2,2,2,2,2,2,2,2,2,2,2,2,2,2,2,2,2,2,2,2,2,2
0,2,2,2,2,2,2,2,2,2,2,2,2,2,2,2,2,2,2,2,2,2,2,2,2,2,2,2,2,2,2,2,2,2,2,2,2,2,2,2,2,2,2,2,2,2,2,2,2,2,2,2,2,2,0,2,0,0,0,2,2,2,2,2,2,2,2,2,2,2,2,2,2,2,2,2,2,2,2,2,2,2,2,2,2,2,2,2
2,2,2,2,2,1,2,2,1,1,1,2,1,2,2,2,2,2,2,2,2,2,2,2,2,2,2,2,2,2,2,2,2,2,2,2,2,2,2,2,2,2,2,2,2,2,2,2,2,2,2,2,2,2,1,2,0,0,0,2,2,2,2,2,2,2,2,2,2,2,2,2,2,2,2,2,2,2,2,2,2,2,2,2,2,2,2,2
0,0,2,2,2,2,2,2,2,2,0,2,2,2,2,1,2,0,0,2,2,2,2,2,2,2,2,2,0,0,2,2,2,2,2,2,0,2,2,0,2,2,2,2,2,2,2,2,0,0,2,2,2,2,0,0,0,0,0,2,2,0,2,2,2,2,0,0,2,2,0,2,0,0,0,1,0,0,0,0,0,0,0,0,2,2,0,2
2,0,0,0,0,2,0,0,2,2,2,0,2,0,2,2,2,2,2,0,2,0,2,0,1,2,0,2,2,2,0,0,0,2,2,2,0,0,0,2,0,2,0,0,0,0,0,0,2,2,2,0,0,2,2,0,2,2,2,0,0,0,0,2,2,2,2,2,2,2,2,2,2,2,2,2,2,2,2,2,2,2,2,2,0,2,2,2
2,2,2,2,2,2,2,2,2,2,2,2,2,2,2,0,0,0,0,0,0,0,2,2,0,0,2,0,0,0,2,0,2,0,0,0,0,2,2,0,2,0,2,0,0,0,0,0,2,2,2,0,0,1,2,0,2,2,2,0,0,0,0,2,2,2,2,2,2,2,2,2,2,2,2,2,2,2,2,2,2,2,2,0,2,2,0,2
2,2,2,2,2,2,2,2,2,2,2,2,2,2,2,0,0,0,0,0,0,0,2,2,0,0,2,0,0,0,2,0,2,0,0,0,0,2,2,0,2,0,2,0,0,0,0,0,2,2,2,0,0,1,2,0,2,2,2,0,0,0,0,2,2,2,2,2,2,2,2,2,2,2,2,2,2,2,2,2,2,2,2,2,2,2,2,2
2,2,2,2,2,0,2,2,0,0,0,2,0,2,0,2,2,0,0,2,2,0,0,2,0,0,2,2,2,2,2,0,2,2,2,0,0,2,2,0,2,2,2,2,2,2,2,2,2,2,0,2,2,0,2,2,2,2,2,2,2,0,2,0,0,2,0,0,2,2,0,2,0,0,0,0,0,0,0,0,0,0,0,0,2,2,0,2
2,2,2,2,2,2,2,2,2,2,2,2,2,2,2,2,2,2,2,2,2,2,2,2,2,2,2,2,2,2,2,1,2,2,2,2,2,2,2,2,2,2,2,2,2,2,2,2,2,2,0,2,2,0,2,2,2,2,2,2,2,0,2,0,0,2,0,0,2,2,0,2,0,0,0,0,0,0,0,0,0,0,0,0,2,2,0,2
2,2,2,2,2,0,2,2,0,0,0,2,0,2,0,2,2,0,0,2,2,0,0,2,0,0,2,2,2,2,2,0,2,2,2,0,0,2,2,0,2,2,2,2,2,2,2,2,2,2,0,2,2,0,2,2,2,2,2,2,2,0,2,0,0,2,0,0,2,2,0,2,0,0,0,0,0,0,0,0,0,0,0,0,2,2,0,2
2,2,2,2,2,0,2,2,0,0,0,2,0,2,2,2,2,2,2,2,2,2,2,2,2,2,2,2,2,2,2,2,2,2,2,2,2,2,2,2,2,2,2,1,2,2,2,2,0,2,2,2,2,2,0,2,0,0,0,2,2,2,2,2,2,2,2,2,2,2,2,2,2,2,2,2,2,2,2,2,2,2,2,2,2,2,2,2
2,2,2,2,2,0,2,2,0,0,0,2,0,2,2,2,2,2,2,2,2,2,2,2,2,2,2,2,2,2,2,0,2,2,2,2,2,2,2,2,2,2,2,2,2,2,2,2,0,2,2,2,2,2,0,2,0,0,0,2,2,2,2,2,2,2,2,2,2,2,2,2,2,2,2,2,2,2,2,2,2,2,2,2,2,2,2,2
2,2,2,2,2,2,2,2,2,2,2,2,2,2,2,2,2,2,2,2,2,2,2,2,2,2,2,2,2,2,2,2,2,2,2,2,2,2,2,2,2,2,2,2,2,2,2,2,2,2,0,2,2,0,2,2,2,2,2,2,2,0,2,0,0,2,0,0,2,2,0,2,0,0,0,0,0,0,0,0,0,0,0,0,2,2,0,2
2,2,2,2,2,2,2,2,2,2,2,2,2,2,2,2,2,2,2,2,2,2,2,2,2,2,2,2,2,2,2,2,2,2,2,2,2,2,2,2,2,2,2,2,2,2,2,2,0,2,2,2,2,2,0,2,0,0,0,2,2,2,2,2,2,2,2,2,2,2,2,2,2,2,2,2,2,2,2,2,2,2,2,2,2,2,2,1
2,2,2,2,2,2,2,2,2,2,2,2,2,2,2,2,2,2,2,2,2,2,2,2,2,2,2,2,2,2,2,2,2,2,2,2,2,2,2,2,2,2,2,2,2,2,2,2,0,2,2,2,2,2,0,2,0,0,0,2,2,2,2,2,2,2,2,2,2,2,2,2,2,2,2,2,2,2,2,2,2,2,2,2,2,2,2,1
2,2,2,2,2,2,2,2,2,2,2,2,2,2,2,2,2,2,2,2,2,2,2,2,2,2,2,2,2,2,2,2,2,2,2,2,2,2,2,2,2,2,2,2,2,2,2,2,2,2,0,2,2,0,2,2,2,2,2,2,2,0,2,0,0,2,0,0,2,2,0,2,0,0,0,0,0,0,0,0,0,0,0,0,2,2,0,2
2,2,2,2,2,2,2,2,2,2,2,2,2,2,2,2,2,2,2,2,2,2,2,2,2,2,2,2,2,2,2,2,2,2,2,2,2,2,2,2,2,2,2,2,2,2,2,2,0,2,2,1,2,2,0,2,1,0,0,1,2,2,2,2,2,2,2,2,2,2,2,2,2,2,2,2,2,2,1,2,1,2,2,2,2,2,2,1
2,2,2,2,2,2,2,2,2,2,2,2,2,2,2,2,2,2,2,2,2,2,2,2,2,2,2,2,2,2,2,2,2,2,2,2,2,2,2,2,2,2,2,2,2,2,2,2,2,2,0,2,2,2,2,2,2,2,2,2,2,0,2,0,0,2,0,0,2,2,0,2,0,0,0,2,0,0,0,0,0,0,0,0,2,2,0,2
2,2,2,2,2,2,2,2,2,2,2,2,2,2,2,2,2,2,1,2,2,2,2,2,2,2,2,2,2,2,2,2,2,2,2,2,2,2,2,2,2,2,2,2,2,2,2,2,0,2,2,2,2,2,0,2,0,0,0,2,2,2,2,2,2,2,2,1,2,2,2,2,2,2,2,2,2,2,2,2,2,2,2,2,2,2,2,2
0,0,2,2,2,2,2,2,2,2,0,2,1,2,2,2,2,0,0,2,2,2,2,2,2,2,2,2,0,0,2,2,2,2,2,2,0,2,2,0,2,2,2,2,2,2,2,2,0,0,2,2,2,2,0,2,0,0,0,2,2,0,2,2,2,2,0,0,2,2,0,2,0,0,0,0,0,0,0,0,0,0,0,0,2,2,0,2
2,0,0,0,0,2,0,0,2,2,2,0,2,0,2,2,2,2,2,0,2,1,2,0,2,2,0,2,2,1,0,0,0,2,2,2,0,0,0,2,0,2,0,0,0,0,0,0,2,2,2,0,0,2,2,0,2,2,2,0,0,0,0,2,2,2,2,2,2,2,2,2,2,2,2,2,2,2,2,2,2,2,2,2,2,2,2,2
2,0,0,0,0,2,0,0,2,2,2,0,2,0,2,2,2,2,2,0,2,1,2,0,2,2,0,2,2,1,0,0,0,2,2,2,0,0,0,2,0,2,0,0,0,0,0,0,2,2,2,0,0,2,2,0,2,2,2,0,0,0,0,2,2,2,2,2,2,2,2,2,2,2,2,2,2,2,2,2,2,2,2,2,0,2,2,2
2,0,0,0,0,2,0,0,2,2,2,0,2,0,2,2,2,2,2,0,2,1,2,0,2,2,0,2,2,1,0,0,0,2,2,2,0,0,0,2,0,2,0,0,0,0,0,0,2,2,2,0,0,2,2,0,2,2,2,0,0,0,0,2,2,2,2,2,2,2,2,2,2,2,2,2,2,2,2,2,2,2,2,2,0,2,2,2
2,2,2,2,2,2,2,2,2,2,2,2,2,2,2,2,2,2,2,2,2,2,2,2,2,2,2,2,2,2,2,2,2,2,2,2,2,2,2,2,2,2,2,2,2,2,2,2,0,2,2,2,2,2,0,2,0,0,0,2,2,2,2,2,2,2,2,2,2,2,2,2,2,2,2,2,2,2,2,2,2,2,2,2,2,2,2,2
2,2,2,2,2,2,2,2,2,2,2,2,2,2,2,2,1,2,2,2,2,2,2,2,2,2,2,2,2,2,2,2,2,2,2,2,2,2,2,2,2,2,2,2,2,2,2,2,0,2,2,2,2,2,0,2,0,0,0,2,2,2,2,2,2,2,2,2,2,2,2,2,2,2,2,2,2,2,2,2,2,2,2,2,2,2,2,2
2,2,2,2,2,2,2,2,2,2,2,2,2,2,2,2,0,2,2,2,2,2,2,2,2,2,2,2,2,2,2,2,2,2,2,2,2,2,2,2,2,2,2,2,2,2,2,2,0,2,2,2,2,2,0,2,0,0,0,2,2,2,2,2,2,2,2,2,2,2,2,2,2,2,2,2,2,2,2,2,2,2,2,2,2,2,2,2
2,0,0,0,0,2,0,0,2,2,2,0,2,0,2,2,2,2,2,0,2,2,2,0,2,2,0,2,2,2,0,0,0,2,2,2,0,0,0,0,0,2,0,0,0,0,0,0,2,2,2,0,0,0,2,0,2,2,2,0,0,0,0,2,2,2,2,2,2,2,2,2,2,2,2,2,2,2,2,2,2,2,2,2,2,2,2,2
2,2,2,2,2,2,2,2,2,2,2,2,2,2,2,2,2,2,2,2,2,2,2,2,2,2,2,2,2,2,2,2,2,2,2,2,2,2,2,2,2,2,2,2,2,2,2,2,2,2,0,2,2,0,2,2,2,2,2,0,2,2,2,0,0,2,0,0,2,2,0,2,0,0,0,2,0,0,0,0,0,0,0,0,2,2,0,2
2,2,2,2,2,2,2,2,2,2,2,2,2,2,2,2,2,2,2,2,2,2,2,2,2,2,2,2,2,2,2,2,2,2,2,2,2,2,2,2,2,2,2,2,2,2,2,2,2,2,0,2,2,0,2,2,2,2,2,0,2,2,2,0,0,2,0,0,2,2,0,2,0,0,0,2,0,0,0,0,0,0,0,0,2,2,0,2
2,2,2,2,2,2,2,2,2,2,2,2,2,2,2,2,2,2,2,2,2,2,2,2,2,2,2,2,2,2,2,2,2,2,2,2,2,2,2,2,2,2,2,0,0,0,0,0,2,2,2,0,0,0,2,0,2,2,2,0,0,0,0,2,2,2,2,2,2,2,2,2,2,2,2,2,2,2,2,2,2,2,2,2,2,2,2,2
2,2,2,2,2,0,2,2,0,0,0,2,0,2,1,0,2,2,2,2,2,0,0,2,0,0,2,2,2,0,2,2,2,0,0,2,0,2,2,2,2,2,0,2,2,0,0,2,0,0,2,2,2,2,0,2,0,2,0,2,2,2,2,2,2,0,2,2,0,2,0,2,0,0,0,2,0,0,0,0,0,0,0,0,2,2,0,2
0,0,2,2,2,2,2,2,2,2,2,2,2,2,2,2,2,0,0,2,2,0,0,2,0,0,2,2,2,1,2,0,2,2,2,2,2,2,2,2,2,2,2,2,2,2,2,2,0,2,2,2,2,2,0,2,0,0,0,2,2,2,2,2,2,0,2,2,0,0,0,0,2,2,2,2,2,2,2,2,2,2,2,2,2,0,2,0
2,2,2,2,2,2,2,2,2,2,2,2,2,2,2,2,2,2,2,2,2,2,2,2,2,2,2,2,2,2,2,2,2,2,2,2,2,2,2,2,2,2,2,2,2,2,2,2,2,2,0,2,2,0,2,2,2,2,2,0,2,1,2,0,0,2,0,0,2,2,0,2,0,0,0,2,0,0,0,0,0,0,0,0,2,2,0,2
2,2,2,2,2,2,2,2,2,2,2,2,2,2,2,2,2,2,2,2,2,2,2,2,2,2,2,2,2,2,2,2,2,2,2,2,2,2,2,2,2,2,2,2,2,2,2,2,0,2,2,2,2,2,0,2,0,0,0,2,2,2,2,2,2,2,2,2,2,2,2,2,2,2,2,2,2,2,2,2,2,2,2,2,2,2,2,2
2,2,2,2,2,2,2,2,2,2,2,2,2,2,2,2,2,2,2,2,2,2,2,2,2,2,2,2,2,2,2,2,2,2,2,2,2,2,2,2,2,2,2,2,2,2,2,2,0,2,2,2,2,2,0,2,0,0,0,2,2,2,2,2,2,2,2,2,2,2,2,2,2,2,2,2,2,2,2,2,2,2,2,2,2,2,2,2
2,2,2,2,2,0,2,2,0,0,0,2,0,2,0,0,0,0,0,0,0,0,2,2,0,0,2,0,0,0,2,0,2,0,0,0,0,2,2,0,2,0,2,0,0,0,0,0,2,2,2,0,0,2,2,0,2,2,2,0,0,0,0,2,2,2,2,2,2,2,2,2,2,2,2,2,2,2,2,2,2,2,2,2,0,2,2,2
2,2,2,2,2,0,2,2,0,0,0,2,0,2,2,2,2,2,2,2,2,2,2,2,2,2,2,2,2,2,2,0,2,2,2,2,2,2,2,2,2,2,2,2,2,2,2,2,0,2,2,2,2,2,0,2,0,0,0,2,2,2,2,2,2,0,2,2,0,0,0,0,2,2,2,2,2,2,2,2,2,2,2,2,2,0,2,0
2,2,2,2,2,0,2,2,0,0,0,2,0,2,2,2,2,2,2,2,2,2,2,2,2,2,2,2,2,2,2,0,2,2,2,2,2,2,2,2,2,2,2,2,2,2,2,2,2,2,0,2,2,0,0,2,2,2,2,2,2,2,2,0,0,2,1,0,2,2,0,2,0,0,0,0,0,0,0,0,0,0,0,0,2,2,0,2
2,2,2,2,2,0,2,2,0,0,0,2,0,2,2,2,2,2,2,2,2,2,2,2,2,2,2,2,2,2,2,0,2,2,2,2,2,2,2,2,2,2,2,2,2,2,2,2,0,2,2,2,2,2,0,2,0,0,0,2,2,2,2,2,2,0,2,2,0,0,0,0,2,2,2,2,2,2,2,2,2,2,2,2,2,0,2,0
2,2,2,2,2,0,2,2,0,0,0,2,0,2,2,2,2,2,2,2,2,2,2,2,2,2,2,2,2,2,2,0,2,2,2,2,2,2,2,2,2,2,2,2,2,2,2,2,0,2,2,2,2,2,0,2,0,0,0,2,2,2,2,2,2,0,2,2,0,0,0,0,2,2,2,2,2,2,2,2,2,2,2,2,2,0,2,0
2,0,0,0,0,2,0,0,2,2,2,0,2,0,2,2,2,2,2,0,2,2,2,0,2,2,0,2,2,2,0,0,0,2,2,2,0,0,0,0,0,2,0,0,0,0,0,0,2,2,2,0,0,2,2,0,2,2,2,0,0,0,0,2,2,2,2,2,2,2,2,2,2,2,2,2,2,2,2,2,2,2,2,2,0,2,2,2
2,0,0,0,0,2,0,0,2,2,2,0,2,0,2,2,2,2,2,0,2,2,2,0,2,2,0,2,2,2,0,0,0,2,2,2,0,0,0,0,0,2,0,0,0,0,0,0,2,2,2,0,0,2,2,0,2,2,2,0,0,0,0,2,2,2,2,2,2,2,2,2,2,2,2,2,2,2,2,2,2,2,2,2,0,2,2,2
2,2,2,2,2,2,2,2,2,2,2,2,2,2,2,2,2,2,2,2,2,2,2,2,2,2,2,2,2,2,2,2,2,2,2,2,2,2,2,2,2,2,2,2,2,2,2,2,0,2,2,2,2,2,0,2,0,0,0,2,2,2,2,2,2,1,2,2,1,2,1,2,2,2,2,2,2,2,2,2,2,2,2,2,2,0,2,0
2,2,2,2,2,2,2,2,2,2,2,2,2,2,2,2,2,2,2,2,2,2,2,2,2,2,2,0,2,2,2,2,2,2,2,2,2,2,2,2,2,2,2,2,2,2,2,2,2,2,0,2,2,0,0,2,2,2,2,2,2,2,2,0,0,2,0,0,2,2,0,2,0,0,0,2,0,0,0,0,0,0,0,0,2,2,0,2
2,2,2,2,2,2,2,2,2,2,2,2,2,2,2,0,0,0,0,0,0,0,2,2,0,0,2,0,0,0,2,0,2,0,0,0,0,2,2,0,2,0,2,0,0,0,0,0,2,1,2,0,0,2,2,0,2,2,2,0,0,0,0,2,2,2,2,2,2,2,2,2,2,1,2,2,2,2,2,2,2,2,2,2,2,2,2,2
2,2,2,2,2,2,2,2,2,2,2,2,2,2,2,0,0,0,0,0,0,0,2,2,0,0,2,0,0,0,2,0,2,0,0,0,0,2,2,0,2,0,2,0,0,0,0,0,2,2,2,0,0,2,2,0,2,2,2,0,0,0,0,2,2,2,2,2,2,2,2,2,2,2,2,2,2,2,2,2,2,2,2,2,2,2,2,2
2,2,2,2,2,2,2,2,2,2,2,2,2,2,2,0,0,0,0,0,0,0,2,2,0,0,2,1,0,0,2,0,2,0,0,0,0,2,2,0,2,0,2,0,0,0,0,0,2,1,2,0,0,2,2,0,2,2,2,0,0,0,0,2,2,2,2,2,2,2,2,2,2,2,2,2,2,2,2,2,2,2,2,2,2,2,2,2
2,2,2,2,2,2,2,2,2,2,2,2,2,2,2,2,2,2,2,2,2,2,2,2,2,2,2,2,2,2,2,2,2,2,2,2,2,2,2,2,2,2,2,2,2,2,2,2,2,2,0,1,2,0,1,2,2,2,2,1,2,2,2,0,0,2,0,0,2,2,0,2,0,0,0,2,0,0,0,0,0,0,0,0,2,2,0,2
2,2,2,2,2,2,2,2,2,2,2,2,2,2,2,1,0,0,0,0,0,0,2,2,0,0,2,0,0,0,2,0,2,0,0,0,0,2,2,0,2,0,2,0,0,0,0,0,2,1,2,0,0,2,2,0,2,2,2,0,0,0,0,2,2,2,2,2,2,2,2,2,2,2,2,2,2,2,2,2,2,2,2,2,2,2,2,2
2,2,2,2,2,2,2,2,2,2,2,2,2,2,2,2,2,2,2,2,2,2,2,2,2,2,2,2,2,2,2,2,2,2,2,2,2,2,2,2,2,2,2,2,2,2,2,2,0,2,2,2,2,2,0,2,0,0,0,2,2,2,2,2,2,2,2,2,2,2,2,2,2,2,2,2,2,2,2,2,2,2,2,2,2,2,2,2
2,0,0,0,0,2,0,0,2,2,2,0,2,0,2,2,2,2,2,0,2,1,2,0,2,2,0,2,2,2,0,0,0,2,1,2,0,0,0,2,0,2,0,0,0,0,0,0,2,2,2,0,0,2,2,0,2,2,2,0,0,0,0,2,2,2,2,2,2,2,2,2,2,2,2,2,2,2,2,2,2,2,2,2,2,2,2,2
2,2,2,2,2,2,2,2,2,2,2,2,2,2,2,2,2,2,2,2,2,2,2,2,2,2,2,2,2,2,2,2,0,2,2,2,2,2,2,2,2,2,2,2,2,2,2,2,2,2,0,2,2,0,0,2,2,2,2,2,2,2,2,0,0,2,0,0,2,2,0,2,0,0,0,2,0,0,0,0,0,0,0,0,2,2,0,2
2,2,2,2,2,2,2,2,2,2,2,2,2,2,0,2,2,2,2,2,2,0,0,2,0,0,2,2,0,2,2,2,2,2,2,0,0,2,2,0,2,0,0,0,0,0,2,2,2,2,2,2,2,2,0,2,0,0,0,2,2,2,2,2,2,2,2,2,2,2,2,2,2,2,2,2,2,2,2,2,2,2,2,2,2,2,2,2
2,2,2,2,2,2,2,2,2,2,2,2,2,2,2,2,2,2,2,2,2,2,2,2,2,2,2,2,2,2,2,2,2,2,2,2,2,2,2,2,2,2,2,2,2,2,2,2,2,2,0,2,2,0,1,2,2,2,2,1,2,2,2,0,0,2,0,0,2,2,0,2,0,0,0,2,0,0,0,0,0,0,0,0,2,2,0,2
2,2,2,2,2,2,2,2,2,2,2,2,2,2,2,2,2,2,2,2,2,2,2,2,2,2,2,2,2,2,2,2,2,2,2,2,2,2,2,2,2,2,2,2,2,2,2,2,2,2,0,2,2,0,0,2,2,2,2,2,2,2,2,0,0,2,0,0,2,2,0,2,0,0,0,2,0,0,0,0,0,0,0,0,2,2,0,2
2,2,2,2,2,2,2,2,2,2,2,2,2,2,2,2,2,2,2,2,2,2,2,2,2,2,2,2,2,2,2,2,2,2,2,2,2,2,2,2,2,2,2,2,2,2,2,2,0,2,2,2,2,2,0,2,0,0,0,2,2,2,2,2,2,2,2,2,2,2,2,2,2,2,2,2,2,2,2,2,2,2,2,2,2,2,2,2
2,2,2,2,2,2,2,2,2,2,2,2,2,2,2,2,2,2,2,2,2,2,2,2,2,2,2,2,2,2,2,2,2,2,2,2,2,2,2,2,2,2,2,0,0,0,0,0,2,2,2,0,0,2,2,0,2,2,2,0,0,0,0,2,2,2,2,2,2,2,2,2,2,2,2,2,2,2,2,2,2,2,2,2,2,2,2,2
2,2,2,2,2,2,2,2,2,2,2,2,2,2,2,2,2,2,1,2,2,2,2,2,2,2,2,2,2,2,2,2,2,2,2,2,2,2,2,2,2,2,2,2,2,2,2,2,2,2,0,2,2,0,1,2,2,2,2,2,2,2,2,0,0,2,0,0,2,2,0,2,0,0,0,2,0,0,0,0,0,0,0,0,2,2,0,2
2,0,0,0,0,2,0,0,2,2,2,0,2,0,2,2,2,2,2,0,2,1,2,0,2,2,0,2,2,2,0,0,0,2,0,2,0,0,0,2,0,2,0,0,0,0,0,0,2,2,2,0,0,2,2,0,2,2,2,0,0,0,0,2,2,2,2,2,2,2,2,2,2,2,2,2,2,2,2,2,2,2,2,2,0,2,2,0
2,2,2,2,2,2,2,2,2,2,2,2,2,2,2,0,0,0,0,0,0,0,2,2,0,1,2,0,0,0,2,0,2,0,0,0,0,2,2,0,2,0,2,0,0,0,0,0,2,2,2,0,0,2,2,0,2,2,2,0,0,0,0,2,2,2,2,2,2,2,2,2,2,2,2,2,2,2,2,2,2,2,2,2,2,2,2,2
2,2,2,2,2,2,2,2,2,2,2,2,2,2,2,2,2,2,2,2,2,2,2,2,2,2,2,2,2,2,2,2,2,2,2,2,2,2,2,2,2,2,2,2,2,2,2,2,2,2,0,2,2,0,0,2,2,2,2,2,2,2,2,0,0,2,0,0,2,2,0,2,0,0,0,2,0,0,0,0,0,0,0,0,2,2,0,2
2,2,2,2,2,2,2,2,2,2,2,2,2,2,2,2,2,2,2,2,2,2,2,2,2,2,2,2,2,2,2,0,2,2,2,2,2,2,2,2,2,2,2,2,2,2,2,2,2,2,0,2,2,0,1,2,2,2,2,2,2,2,2,0,0,2,0,0,2,2,0,2,0,0,0,0,0,0,0,0,0,0,0,0,2,2,0,2
2,0,0,0,0,2,0,0,2,2,2,0,2,0,2,2,2,2,2,0,2,2,2,0,2,2,0,2,2,2,0,0,0,2,1,2,0,0,0,2,0,2,1,2,2,2,2,2,2,2,0,2,2,0,1,2,2,2,2,2,2,2,2,0,0,2,0,0,2,2,0,2,0,0,0,2,0,0,0,0,0,0,0,0,2,2,0,2
2,2,2,2,2,2,2,2,2,2,2,2,2,2,2,2,2,2,2,2,2,2,2,2,2,2,2,2,2,2,2,2,2,2,2,2,2,2,2,2,2,2,2,2,2,2,2,2,2,2,0,2,2,0,0,2,2,2,2,2,2,2,2,0,0,2,0,0,2,2,0,2,0,0,0,2,0,0,0,0,0,0,0,0,2,2,0,2
2,2,2,2,2,2,2,2,2,2,2,2,2,2,2,2,2,2,2,2,2,2,2,2,2,2,2,2,2,2,2,2,2,2,2,2,2,2,2,2,2,2,2,2,2,2,2,2,2,2,0,2,2,0,0,2,2,2,2,2,2,2,2,0,0,2,0,0,2,2,0,2,0,0,0,2,0,0,0,0,0,0,0,0,2,2,0,2
2,2,2,2,2,2,2,2,2,2,2,2,1,2,2,2,2,2,2,2,2,2,2,2,2,2,2,2,2,2,2,2,2,2,2,2,2,2,2,2,2,2,2,2,2,2,2,2,2,2,0,2,2,0,1,2,2,2,2,1,2,2,2,0,0,2,0,0,2,2,0,2,0,0,0,2,0,0,0,0,0,0,0,0,2,2,0,2
2,2,2,2,2,2,2,2,2,2,2,2,2,2,2,2,2,2,1,2,2,2,2,2,2,2,2,2,2,2,2,0,2,2,2,2,2,2,2,2,2,2,2,2,2,2,2,2,2,2,0,2,2,0,0,2,2,2,2,2,2,2,2,0,0,2,0,0,2,2,0,2,0,0,0,2,0,0,0,0,0,0,0,0,2,2,0,2
2,2,2,2,2,2,2,2,2,2,2,2,2,2,2,2,2,2,2,2,2,2,2,2,2,2,2,2,2,2,2,2,2,2,2,2,2,2,2,2,2,2,2,2,2,2,2,2,2,2,0,2,2,0,1,2,2,2,2,2,2,2,2,0,0,2,0,0,2,2,0,2,0,0,0,2,0,0,0,0,0,0,0,0,2,2,0,2
2,2,2,2,2,2,2,2,2,2,2,2,2,2,2,2,2,2,2,2,2,2,2,2,2,2,2,2,2,2,2,2,2,2,2,2,2,2,2,2,2,2,2,2,2,2,2,2,2,2,0,2,2,0,1,2,2,2,2,2,2,2,2,0,0,2,0,0,2,2,1,2,0,0,0,2,0,0,0,0,0,0,0,1,2,2,0,2
2,0,1,0,0,2,0,0,2,2,2,0,2,0,2,2,2,2,2,0,2,2,2,0,2,2,0,2,2,2,0,0,0,2,1,2,0,0,0,2,0,2,0,0,0,0,0,0,2,2,2,0,0,2,2,0,2,2,2,0,0,0,0,2,2,2,2,2,2,2,2,2,2,2,2,2,2,2,2,2,2,2,2,2,0,2,2,2
2,0,0,0,0,2,0,0,2,2,2,0,2,1,2,2,2,2,2,0,2,2,2,0,2,2,0,2,2,2,0,0,0,2,1,2,0,0,1,2,0,2,0,0,0,0,0,0,2,2,2,0,0,2,2,0,2,2,2,0,0,0,0,2,2,2,2,2,2,2,2,2,2,2,2,2,2,2,2,2,2,2,2,2,2,2,2,2
2,0,0,0,0,2,0,0,2,2,2,0,2,0,2,2,2,2,2,0,2,1,2,0,2,2,0,2,2,2,0,0,0,2,0,2,0,0,0,2,0,2,0,0,0,0,0,0,2,0,2,0,0,2,2,0,2,1,2,0,0,0,0,2,2,2,2,2,2,2,2,2,2,2,2,2,2,2,2,2,2,2,2,2,1,2,2,2
2,0,0,0,0,2,0,0,2,2,2,0,2,0,2,2,2,2,2,0,2,1,2,0,2,2,0,2,2,2,0,0,0,2,1,2,0,0,0,2,0,2,0,0,0,0,0,0,2,2,2,0,0,2,2,0,2,2,2,0,0,0,0,2,2,2,2,2,2,2,2,2,2,2,2,2,2,2,2,2,2,2,1,2,0,2,2,2
2,2,2,2,2,0,2,2,0,0,0,2,0,2,0,0,0,0,0,0,0,0,2,2,0,0,2,0,0,0,2,1,2,0,0,2,1,2,2,2,2,2,2,2,2,2,2,2,2,2,0,2,2,0,2,1,2,2,2,1,2,2,2,0,0,2,0,0,2,2,0,2,0,0,0,2,0,0,0,0,0,0,0,0,2,2,0,2
0,0,2,2,2,2,2,2,2,2,0,2,1,2,2,2,2,2,2,2,2,2,2,2,0,0,2,2,2,2,2,2,2,2,2,2,2,2,2,2,2,2,2,0,0,0,0,0,2,2,2,0,0,2,2,0,2,2,2,0,0,0,0,2,2,2,2,2,2,2,2,2,2,2,2,2,2,2,2,2,2,2,2,2,2,2,2,2
2,0,0,0,0,2,0,0,2,2,2,0,2,0,2,2,2,2,2,0,2,2,2,0,2,2,0,2,2,2,0,0,0,2,2,2,0,2,2,2,0,2,2,2,2,2,2,2,0,0,2,2,2,2,0,2,0,0,0,2,2,2,2,2,2,2,2,2,2,2,2,2,2,2,2,2,2,2,2,2,2,2,2,2,2,2,2,2
2,2,2,2,2,2,2,2,2,2,2,2,2,2,2,2,2,2,2,2,2,2,2,2,2,2,2,2,2,2,2,2,2,2,2,2,2,2,2,2,2,2,2,2,2,2,2,2,0,2,2,2,2,2,1,2,0,0,0,2,2,2,2,2,2,2,2,2,2,2,2,2,2,2,2,2,2,2,2,2,2,2,2,2,2,0,2,0
2,2,2,2,1,2,2,2,2,2,2,2,2,2,2,2,2,2,2,2,2,2,2,2,2,2,2,2,2,2,2,2,2,2,2,2,2,2,2,2,2,2,2,2,2,2,2,2,0,2,2,2,2,2,1,2,0,0,0,2,2,2,2,2,2,2,2,2,2,2,2,2,2,2,2,2,2,2,2,2,2,2,2,2,2,0,2,0
2,2,2,2,2,0,2,2,0,0,0,2,0,2,2,2,2,2,2,2,2,2,2,2,2,2,2,2,2,2,2,2,2,2,2,2,2,2,2,2,2,2,2,2,2,2,2,2,0,0,2,1,2,2,0,2,0,0,0,2,2,0,2,2,2,0,2,2,0,2,0,0,2,2,2,2,2,2,2,2,2,2,2,2,2,0,2,0
2,0,0,0,0,2,0,0,2,2,2,0,2,0,2,2,2,2,2,0,2,2,2,0,2,2,0,2,2,2,0,0,0,2,0,2,0,0,0,2,0,2,0,0,0,0,0,0,2,2,2,0,0,2,2,0,2,2,2,0,0,0,0,2,2,2,2,2,2,2,2,2,2,2,2,2,2,2,2,2,2,2,2,2,0,2,2,0
2,0,0,0,0,2,0,0,2,2,2,0,2,0,2,2,2,2,2,0,2,2,2,0,2,2,0,0,2,2,0,0,0,2,0,2,0,0,0,2,0,2,0,0,0,0,0,0,2,2,2,0,0,2,2,0,2,2,2,0,0,0,0,2,2,2,2,2,2,2,2,2,2,2,2,2,2,2,2,2,2,2,2,2,0,2,2,0
2,0,0,0,0,2,0,0,2,2,2,0,2,0,2,2,2,2,2,0,2,2,2,1,2,2,0,2,2,2,0,0,0,2,1,2,0,0,0,2,0,2,0,0,0,0,0,0,2,2,2,0,0,2,2,0,2,2,2,0,0,0,0,2,2,2,2,2,2,2,2,2,2,2,2,1,2,2,2,2,2,2,2,2,0,2,2,2
2,0,0,0,0,2,0,0,2,2,2,0,2,0,2,2,2,2,2,0,2,2,2,0,2,2,0,2,2,2,0,0,0,2,1,2,0,0,0,2,0,2,0,0,0,0,0,0,2,2,2,0,0,2,2,0,2,2,2,0,0,0,0,2,2,2,2,2,2,2,2,2,2,2,2,2,2,2,2,2,2,2,2,2,0,2,2,2
2,1,2,2,2,0,2,2,0,0,0,2,0,2,2,2,2,2,2,2,2,2,2,2,2,2,2,2,2,2,2,2,2,2,2,2,2,2,2,2,2,2,2,2,2,2,2,2,0,2,2,2,2,2,0,2,0,0,0,2,2,2,2,2,2,0,2,2,0,0,0,0,2,2,2,2,2,2,2,2,2,2,2,2,2,0,2,0
2,2,2,2,2,0,2,2,0,0,0,2,0,2,2,2,2,2,2,2,2,2,2,2,2,2,2,2,2,2,2,2,2,2,2,2,2,2,2,2,2,2,2,2,2,2,2,2,0,2,2,2,2,2,0,2,0,0,0,2,2,2,2,2,2,0,2,2,0,0,0,0,2,2,2,2,2,2,2,2,2,2,2,2,2,0,2,0
2,2,2,2,2,0,2,2,0,0,0,2,0,2,2,2,2,2,2,2,2,2,2,2,2,2,2,2,2,2,2,2,2,2,2,2,2,2,2,2,2,2,2,2,2,2,2,2,0,2,2,2,2,2,0,2,0,0,0,2,2,2,2,2,2,0,2,2,0,0,0,0,2,2,2,2,2,2,2,2,2,2,2,2,2,0,2,0
2,0,0,0,0,2,0,0,2,2,2,0,2,0,2,2,2,2,2,0,2,2,2,0,2,2,0,2,2,2,0,0,0,2,1,2,0,0,0,2,0,2,0,0,0,0,0,0,2,2,2,0,0,2,2,0,2,2,2,0,0,0,0,2,2,2,2,2,2,2,2,2,2,2,2,2,2,2,2,2,2,2,2,2,0,2,2,2
2,2,2,2,2,0,2,2,0,0,0,2,0,2,2,2,2,2,2,2,2,2,2,2,2,2,2,2,2,2,2,2,2,2,2,2,2,2,2,2,2,2,2,2,2,2,2,2,0,2,2,1,2,2,0,2,0,0,0,2,2,2,2,2,2,0,2,2,0,0,0,0,2,2,2,2,2,2,2,2,2,2,2,2,2,0,2,0
2,2,2,2,2,2,2,2,2,2,2,2,2,2,2,2,2,2,2,2,2,2,2,2,2,2,2,2,2,2,2,2,1,2,2,2,2,2,2,2,2,2,2,2,2,2,2,2,0,0,2,2,2,2,0,2,0,0,0,2,2,0,2,2,2,2,2,2,2,2,2,2,2,2,2,2,2,2,2,2,2,2,2,2,2,0,2,0
2,0,0,0,0,2,0,0,2,2,2,0,2,0,2,2,2,2,2,0,2,2,2,0,2,2,0,2,2,2,0,0,0,2,2,2,0,0,0,2,0,2,0,0,0,0,0,0,1,2,2,0,0,2,2,0,2,2,2,0,0,0,0,2,2,2,2,2,2,2,2,2,2,2,2,2,2,2,2,2,2,2,2,2,2,2,2,2
2,2,2,2,2,2,2,2,2,2,2,2,2,2,2,2,2,2,1,2,2,2,2,2,2,2,2,2,2,2,2,0,2,2,2,2,2,2,2,2,2,2,2,2,2,2,2,2,2,2,0,0,0,0,2,2,2,2,2,0,0,0,0,0,0,2,0,0,2,2,0,2,0,0,0,0,0,0,0,0,0,0,0,0,2,2,0,2
2,2,2,2,2,2,2,2,2,2,2,2,2,2,2,2,2,2,2,2,2,2,2,2,2,2,2,2,2,2,2,2,2,2,2,2,2,2,2,2,2,2,2,2,2,2,2,2,2,2,0,1,2,0,2,2,2,2,2,1,1,1,1,2,2,2,2,2,2,2,2,2,2,2,2,2,2,2,2,2,2,2,2,2,2,2,2,2
2,2,2,2,2,2,2,2,2,2,2,2,2,2,2,2,2,0,0,0,0,0,2,2,0,0,2,0,0,0,2,0,2,0,0,0,0,2,2,0,2,0,2,0,0,0,0,0,2,2,2,0,0,2,2,0,2,2,2,0,0,0,0,2,2,2,2,2,2,2,2,2,2,2,2,2,2,2,2,2,2,2,2,2,2,2,2,2
2,2,2,2,2,2,2,2,2,2,2,2,2,2,2,0,0,0,0,0,0,0,2,2,0,0,2,0,0,0,2,0,2,0,0,0,0,2,2,0,2,0,2,0,0,0,0,0,2,2,2,0,0,2,2,0,2,2,2,0,0,0,0,2,2,2,2,2,2,2,2,2,2,2,2,2,2,2,2,2,2,2,2,2,2,2,2,2
2,2,2,2,2,0,2,2,0,0,0,2,0,2,0,0,0,0,0,0,0,0,2,2,0,0,2,0,0,0,2,0,2,0,2,2,2,2,2,2,2,2,2,2,2,2,2,2,0,2,2,1,2,2,0,2,0,0,0,2,2,2,2,2,2,2,2,2,2,2,2,2,2,2,2,2,2,2,2,2,2,2,2,2,2,2,2,2
0,0,2,2,2,2,2,2,2,2,2,2,2,2,2,2,2,0,0,2,2,0,1,2,0,0,2,1,2,2,2,0,2,2,2,2,2,2,2,2,2,2,2,2,2,2,2,2,0,2,2,2,2,2,0,2,0,0,0,2,2,2,2,2,2,0,1,2,0,0,0,0,2,2,2,2,2,2,2,2,2,2,2,2,2,0,2,0
2,2,2,2,2,2,2,2,2,2,2,2,2,2,2,0,0,0,0,0,0,0,2,2,0,0,2,0,0,0,2,0,2,0,0,0,0,2,2,0,2,0,2,0,0,0,0,0,2,2,2,0,0,2,2,0,2,2,2,0,0,0,0,2,2,2,2,2,2,2,2,2,2,2,2,2,2,2,2,2,2,2,2,2,2,2,2,2
2,2,2,2,2,2,2,2,2,2,2,2,2,2,2,0,0,0,0,0,0,0,2,2,0,0,2,0,0,0,2,0,2,0,0,0,0,2,2,0,2,0,2,0,0,0,0,0,2,2,2,0,0,2,2,0,2,2,2,0,0,0,0,2,2,2,2,2,2,2,2,2,2,2,2,2,2,2,2,2,2,2,2,2,2,2,2,2
2,2,2,2,2,2,2,2,2,2,2,2,2,2,2,2,2,0,0,2,2,2,2,2,2,2,2,2,2,2,2,2,2,2,2,2,2,2,2,2,2,2,2,0,0,0,0,0,2,2,2,0,0,2,2,0,2,2,2,0,0,0,0,2,2,2,2,2,2,2,2,2,2,2,2,2,2,2,2,2,2,2,2,2,2,2,2,2
0,0,2,2,2,2,2,2,2,2,2,2,2,2,2,2,2,2,2,2,2,2,2,2,2,2,2,2,2,2,2,2,2,2,2,2,2,2,2,2,2,2,2,2,2,2,2,2,0,0,2,2,2,2,0,2,0,0,0,2,2,0,2,2,2,2,2,2,0,2,0,0,2,2,2,2,2,2,2,2,2,2,2,2,2,2,2,2
