"GID","Estimated_breeding_value","Standard_error","Prediction_error_variance","Reliability"
"7806808",-0.129034841362968,0.129390733848579,0.0167419620058737,-0.448727400345927
"8786051",-0.263120699185339,0.0638307348832365,0.00407436271573403,0.647434338749494
"8786059",-0.359559763999798,0.113980918758353,0.0129916498409983,-0.124202712546522
"8786066",-0.380537615144807,0.0853464000772462,0.00728400800614537,0.369695022653877
"8786068",-0.247647595269805,0.0629916698632933,0.00396795047216614,0.656642478926553
"8786077",-0.403309873791388,0.127734534870074,0.0163161113984742,-0.411877391776011
"8786086",-0.317567538787124,0.0850164636038271,0.00722779908370086,0.374558933231426
"8786087",-0.317567538787124,0.0850164636038689,0.00722779908370797,0.374558933230811
"8786092",-0.261933930041682,0.0698765231627447,0.00488272848931359,0.577484254925646
"8786093",-0.0897311199063293,0.128457843547395,0.0165014175688469,-0.427912437511866
"8786094",-0.253692926772812,0.072767186884931,0.00529506348714648,0.541803788725059
"8786096",-0.229064971813579,0.0934234658712752,0.00872794397540133,0.244747325229152
"8786102",-0.22928960221527,0.0897041485798425,0.00804683427243447,0.303685595963692
"8786104",-0.248192742840675,0.0662660461382075,0.00439118887079104,0.620018511869926
"8786115",-0.253856360328495,0.0824700872490433,0.00680131529086481,0.411463733055262
"8786132",-0.394889808393577,0.0972465984775071,0.00945690091544549,0.181668703240654
"8786136",-0.27239201225341,0.0616065809422693,0.00379537081539638,0.671576264907965
"8786147",-0.410310292441307,0.0761729154747016,0.00580231305191603,0.497910107504341
"8786149",-0.396756880078903,0.0779233607059821,0.00607205014371459,0.474569025040942
"8786150",-0.272724607280681,0.0915578265089503,0.00838283559504305,0.2746104898056
"8786159",-0.38504367802615,0.0648214568477895,0.00420182126786983,0.636405004384574
"8786160",-0.285322034832623,0.117391487593221,0.0137807613593495,-0.19248667342057
"8786165",-0.431206085640348,0.127725206417518,0.0163137283543975,-0.411671180505851
"8786172",-0.318667362886139,0.0471066657627738,0.00221903795928569,0.807980624200616
"8786179",-0.361515638373706,0.124577365235368,0.0155195199289864,-0.342946170433853
"8786193",-0.0123588902439863,0.18008234211258,0.0324296499407524,-1.8062256046401
"8786198",-0.386788483692088,0.0634373406704542,0.00402429619133926,0.651766730956891
"8786202",-0.386788483692088,0.0634373406705102,0.00402429619134637,0.651766730956276
"8786213",-0.250573826659719,0.0646096803938964,0.00417441080060144,0.638776906493424
"8786234",-0.386788483692088,0.0634373406702862,0.00402429619131794,0.651766730958736
"8786238",-0.242930218549408,0.13294307597123,0.0176738614486922,-0.529367187767768
"8786246",-0.169614992635325,0.113992429451836,0.0129942739723319,-0.124429785751186
"8786247",-0.161142702709764,0.110850616137449,0.012287859098052,-0.0633017898793644
"8786251",-0.318586093704856,0.123111040849971,0.0151563283791631,-0.311518220136367
"8786257",-0.408958412685897,0.0931482779918931,0.008676601692855,0.249190112251071
"8786258",-0.430165576555913,0.103152770262179,0.0106404940127618,0.0792491809444715
"8786269",-0.386788483692088,0.0634373406701742,0.00402429619130373,0.651766730959965
"8786275",-0.186391722273957,0.122925902066633,0.0151107773988954,-0.307576570214853
"8786276",-0.320544946193427,0.151717109292979,0.0230180812522178,-0.991817028480737
"8786279",-0.282093137641184,0.161984322445525,0.0262389207181357,-1.27052500695744
"8786281",-0.155813726159802,0.125120124842913,0.0156550456407061,-0.354673578007162
"8786285",-0.387963796908155,0.11218546612057,0.0125855788086895,-0.0890642842795022
"8786286",-0.386900633836699,0.114586999754041,0.0131301805126327,-0.136190147454966
"8786301",-0.428569504442068,0.130372915443415,0.0169970970812159,-0.470804930703945
"8786303",-0.472704474657143,0.150530590195194,0.0226594585845135,-0.960784435950292
"8786304",-0.418433757813577,0.0985045481610133,0.00970314600840538,0.160360447180429
"8786309",-0.347692148979986,0.0919310756751346,0.00845132267478732,0.268684116961103
"8786313",-0.441685874842694,0.11061905607593,0.0122365755671296,-0.0588640867948882
"8786320",-0.39564826778757,0.117157686896206,0.0137259235988694,-0.187741413208341
"8786324",-0.247394946688919,0.118616878250983,0.0140699638060084,-0.217512145857728
"8786329",-0.410341831990008,0.12441986196733,0.0154803020519694,-0.339552541120994
"8786337",-0.250573826659719,0.0646096803939513,0.00417441080060854,0.638776906492809
"8786340",-0.216648211870797,0.124723461128322,0.015555941755828,-0.346097849938178
"8786345",-0.201940364448562,0.118897728623726,0.0141366698718812,-0.223284402739285
"8786347",-0.201723577091985,0.117543404326152,0.0138164519005812,-0.195575072796789
"8786350",-0.193379650850439,0.112490369560191,0.0126540832437882,-0.094992158929915
"8786352",-0.308013364682667,0.121452182897529,0.0147506327305749,-0.276412274841261
"8786353",-0.236806242124986,0.099848423165125,0.00996970760856186,0.137294148625261
"8786357",-0.205341799186263,0.117791021885084,0.0138747248367324,-0.200617588080907
"8786359",-0.417931559450827,0.107135520029919,0.0114780196520812,0.00677581481518907
"8786362",-0.424244729272815,0.125158688766278,0.015664697373694,-0.355508768651816
"8786366",-0.382141130407396,0.129611652402792,0.0167991804385821,-0.45367866658583
"8786367",-0.25127962767212,0.0762448980097921,0.00581328447252361,0.496960720709094
"8786368",-0.140381150746651,0.0888137585560985,0.00788788370886095,0.317440019529376
"8786372",-0.24030192855924,0.0643246604669225,0.00413766194418486,0.641956884754239
"8786374",-0.265189224682166,0.0616680751022068,0.00380295148681142,0.670920288840874
"8786375",-0.253776654595453,0.0635190647749548,0.00403467158988491,0.65086891956792
"8786376",-0.472933919237533,0.146954890378991,0.0215957398063011,-0.868737963755575
"8786377",-0.376221708167073,0.0854375000824769,0.00729956642034324,0.36834871085682
"8786379",-0.144646572484827,0.101076481022823,0.0102164550159571,0.115942425933952
"8786382",-0.117273732750304,0.108666883525569,0.0118084915751595,-0.0218208173979664
"8786389",-0.28206839187467,0.116038704396398,0.0134649809179948,-0.165161334985122
"8786391",-0.239694506734645,0.0846294496361029,0.00716214374570967,0.380240267778323
"8786406",-0.224951226807766,0.142893795939659,0.0204186369180448,-0.766880056860014
"8786424",-0.219660285532101,0.0940282156603482,0.00884130534026895,0.234937858730141
"8786441",-0.33144508272177,0.108339780408984,0.0117375080190669,-0.0156784176810614
"8786442",-0.114763190404691,0.135357666821967,0.0183216979674867,-0.585426239591746
"8786444",-0.388044657265762,0.0655002776217773,0.0042902863685299,0.628749879181468
"8786447",-0.331940004880721,0.0960841740653006,0.00923216850581099,0.201115408439785
"8786455",-0.315130711655283,0.136132201115461,0.0185319761805403,-0.603622183940416
"8786458",-0.290879082638325,0.128088265714253,0.0164066038136852,-0.419707946008163
"8786462",-0.242379267315666,0.11852787426689,0.0140488569782278,-0.215685714778174
"8786479",-0.225293400799199,0.089103697739857,0.0079394689509158,0.312976208561933
"8786483",-0.41023673787496,0.110807337485207,0.0122782660405605,-0.0624716765846305
"8786484",-0.408499452402482,0.111190589293879,0.0123633471475202,-0.069833975630647
"8786487",-0.0918126763154695,0.108225169462062,0.0117126873050921,-0.013530613951795
"8786488",-0.204107740874591,0.0874952984043114,0.0076554272428595,0.337555108284549
"8786491",-0.0546534473878354,0.102294862151318,0.0104642388225571,0.0945010208072753
"8786492",-0.123922756540209,0.117136195569692,0.013720888312541,-0.187305696219502
"8786493",-0.0422174577283111,0.099855839548141,0.00997118869186409,0.137165986468319
"8786495",-0.187785816103765,0.0850963563232558,0.00724138985949452,0.373382886524515
"8786504",-0.277089140436267,0.100888709688924,0.0101785317426959,0.119224029671023
"8786507",-0.388044657265762,0.0655002776217231,0.0042902863685228,0.628749879182083
"8786508",-0.449041013797415,0.0819153114958304,0.00671011825745893,0.419355259811744
"8786524",-0.243138925218325,0.0665798355693771,0.00443287450444529,0.616411340879183
"8786525",-0.244051947305703,0.0633316346416179,0.00401089594637938,0.652926290513765
"8786526",-0.242935990379269,0.0658819490097344,0.00434043120532124,0.624410710389902
"8786527",-0.211601172732011,0.113565085318059,0.0128970286032981,-0.116014880101146
"8786532",-0.287303044529145,0.183118283000177,0.0335323055689329,-1.9016413881146
"8786579",-0.332570579614982,0.152596056108463,0.0232855563398573,-1.01496237358648
"8786581",-0.332570579614982,0.152596056108533,0.0232855563398786,-1.01496237358833
"8786585",-0.229132470127343,0.112259679764931,0.0126022357009248,-0.0905056503617696
"8786591",-0.152622395081851,0.139241584140004,0.0193882187538179,-0.677715177152014
"8786598",-0.40172615651546,0.106845802797137,0.0114160255753646,0.0121403304894546
"8786605",-0.37388062827134,0.106768174891815,0.0113994431697293,0.0135752510441102
"8786612",-0.379524649793585,0.0913872576981636,0.00835163086959056,0.277310719370535
"8786625",-0.379524649793585,0.0913872576978526,0.00835163086953372,0.277310719375454
"8786634",-0.324072635725398,0.105353052696782,0.0110992657125308,0.0395504209230648
"8786635",-0.350507866527899,0.100274571966818,0.0100549897831286,0.12991445065363
"8786636",-0.35467324665607,0.102697051718265,0.010546684431624,0.087366778545137
"8786638",-0.381065178001613,0.098701823515129,0.00974204996521166,0.156993982235199
"8786639",-0.398080264150056,0.13252857572682,0.0175638233841795,-0.519845295465978
"8786660",-0.233067705691204,0.0881309127917941,0.00776705778951481,0.327895414181886
"8786674",-0.0715119393363877,0.0782952002273267,0.00613013837863718,0.469542492455301
"8786676",-0.0715119393363877,0.0782952002271452,0.00613013837860876,0.46954249245776
"8786677",-0.0715119393363877,0.0782952002271452,0.00613013837860876,0.46954249245776
"8786679",-0.0715119393363877,0.078295200227236,0.00613013837862297,0.46954249245653
"8786680",-0.0715119393363877,0.0782952002271906,0.00613013837861587,0.469542492457145
"8786681",-0.0648644197659166,0.0859203021434123,0.00738229832041526,0.361189695057181
"8786683",-0.0807195043022589,0.0799946234045864,0.00639913977364159,0.446265071831754
"8786686",-0.0702833503422443,0.0799476078392191,0.00639161999921356,0.446915778317319
"8786688",-0.0715119393363877,0.078295200227236,0.00613013837862297,0.46954249245653
"8786689",-0.0715119393363877,0.078295200227236,0.00613013837862297,0.46954249245653
"8786694",-0.323847312009326,0.110821388146695,0.0122813800707604,-0.0627411420675024
"8786695",-0.0715119393363877,0.0782952002273267,0.00613013837863718,0.469542492455301
"8786697",-0.230358245101434,0.0777192104709461,0.00604027567622722,0.477318555930105
"8786698",-0.0715119393363877,0.078295200227236,0.00613013837862297,0.46954249245653
"8786699",-0.0715119393363877,0.0782952002270999,0.00613013837860166,0.469542492458375
"8786700",-0.380751777118371,0.0710662280495692,0.00505040876919338,0.562974425320591
"8786701",-0.388044657265762,0.0655002776221028,0.00429028636857254,0.628749879177779
"8786704",-0.30949185453546,0.0854106108297839,0.0072949724423168,0.368746240240841
"8786706",-0.388969718946344,0.0820857343123903,0.00673806777760433,0.41693671199477
"8786707",-0.399879857840882,0.0775490993425153,0.00601386280883531,0.479604133014735
"8786709",-0.399879857840882,0.0775490993423779,0.006013862808814,0.479604133016579
"8786711",-0.400237584545529,0.0777696914488426,0.00604812490804818,0.476639340602374
"8786713",-0.310912457806438,0.0858034583313537,0.00736223346162035,0.362925961733097
"8786715",-0.400149593203949,0.0782899393423353,0.00612931460222654,0.469613776063365
"8786726",-0.399879857840882,0.0775490993425612,0.00601386280884242,0.47960413301412
"8786729",-0.276306950194081,0.109639879724918,0.0120209032260945,-0.0402013739154332
"8786739",-0.252178386804099,0.0680841406585057,0.00463545020920719,0.59888191547313
"8786759",-0.297552163934529,0.126047655305734,0.0158880114080731,-0.374832737991442
"8786763",-0.0719874853548907,0.0788985093040249,0.0062249747703973,0.461336042145318
"8786764",-0.217610758395529,0.0729136389986762,0.00531639875202927,0.539957590363213
"8786770",-0.19438395935703,0.082877305235612,0.00686864772311679,0.405637274991317
"8786785",-0.228361349114805,0.074327101743322,0.00552451805356213,0.52194846248646
"8786787",-0.23145742024989,0.0688626955342054,0.00474207083623668,0.589655743309706
"8786792",-0.250573826659719,0.0646096803939513,0.00417441080060854,0.638776906492809
"8786793",-0.0657670542309736,0.082692396905489,0.00683803250597492,0.408286492802551
"8786794",-0.148817825437981,0.120274139201711,0.0144658685607126,-0.251770858538235
"8786796",-0.250573826659719,0.0646096803940063,0.00417441080061565,0.638776906492194
"8786798",-0.0715119393363877,0.0782952002271452,0.00613013837860876,0.46954249245776
"8786799",-0.0715119393363877,0.0782952002273267,0.00613013837863718,0.469542492455301
"8786800",-0.257067292967459,0.0761191401675469,0.00579412349984665,0.498618771666601
"8786803",-0.32651528232457,0.108605325822561,0.0117951167970247,-0.0206634615545702
"8786819",-0.292878519972585,0.116701860959315,0.0136193243513674,-0.178517091073442
"8786820",-0.242112655678179,0.109254757699797,0.0119366020800413,-0.0329065670030204
"8786825",-0.286387641086231,0.116768662404403,0.0136349205197135,-0.17986666983939
"8786839",-0.362386368759636,0.10108175903434,0.0102175220094765,0.115850096089524
"8786843",-0.307908180932942,0.106232954680484,0.0112854406601457,0.02344019753509
"8786861",-0.300174960108251,0.107256841119246,0.0115040299668792,0.00452507169880578
"8786868",-0.364945144756549,0.0977117384289193,0.00954758382680154,0.173821664860173
"8786870",-0.178345959606324,0.0829286017277645,0.00687715298452218,0.40490129164356
"8786873",-0.0691956854846258,0.141415412475337,0.0199983188855697,-0.730508797010509
"8786911",-0.251005974055437,0.0654376762708054,0.00428208947572273,0.629459178557688
"8786963",-0.243265973562767,0.103061264920923,0.0106216243271007,0.0808820260461137
"8786966",-0.302320512436713,0.0928155421068702,0.0086147248565922,0.254544482790748
"8786967",-0.238803406150229,0.0933527980860341,0.00871474491049185,0.245889476130378
"8786968",-0.360670502045736,0.0895122733415338,0.00801244707876947,0.30666121313843
"8786976",-0.352747373368138,0.0870955070478075,0.00758562734791468,0.343595082590568
"8786978",-0.393914046066045,0.105713805877559,0.0111754087531182,0.032961557012979
"8786980",-0.104100944617079,0.0781944278941676,0.00611436855369618,0.470907098197607
"8786998",-0.252743259527915,0.0637969746311926,0.00407005397209303,0.647807186028181
"8787000",-0.255355271165903,0.0721977365693529,0.00521251316573767,0.548947092030272
"8787002",-0.259473795137765,0.0730726118730579,0.00533960660595056,0.537949351790744
"8787004",-0.282208288844455,0.100186431596468,0.0100373210760338,0.131443371821164
"8787008",-0.264561766011429,0.0701485561987642,0.00492081993677118,0.574188098619038
"8787017",-0.264294712815921,0.0710945868937829,0.00505444028559765,0.562625567266932
"8787023",-0.21510109629014,0.0964920301232429,0.00931071187730481,0.194318837383254
"8787027",-0.151235270904734,0.129474073641946,0.0167635357454401,-0.450594234569224
"8787038",-0.247751922890236,0.0662312754501006,0.0043865818477471,0.620417170074708
"8787042",-0.387681989567197,0.0817334210591908,0.00668035211803897,0.421931004623797
"8787043",-0.237480024789757,0.0657355392190742,0.00432116111642245,0.626078203470163
"8787050",-0.0743316206275314,0.0880061035041861,0.00774507425398951,0.329797709161459
"8787052",-0.0371607213682549,0.0897233454952657,0.00805027872686281,0.303387537975755
"8787059",-0.346037170275154,0.150092060136113,0.0225276265159025,-0.949376649337586
"8787084",-0.217685054613995,0.148581037413926,0.0220763246789986,-0.910324276818777
"8787091",-0.397920916749107,0.128112612726064,0.0164128415394984,-0.420247713348351
"8787099",-0.364277617678282,0.0995091762141348,0.00990207615081573,0.143146482176597
"8787107",-0.180374313892906,0.12721855487379,0.0161845607041755,-0.400493953246034
"8787111",-0.255505971552195,0.0654404476982686,0.00428245219494983,0.629427791478757
"8787121",-0.180374313892906,0.127218554873902,0.0161845607042039,-0.400493953248494
"8787127",-0.101845240448136,0.170363154073507,0.0290236042658734,-1.51149123035973
"8787131",-0.178459497037354,0.0925292281391373,0.00856165806002451,0.259136496690267
"8787150",-0.232720333724858,0.0910954889992384,0.00829838811601036,0.281917959307793
"8787153",-0.0918126763154695,0.108225169462062,0.0117126873050921,-0.013530613951795
"8787155",-0.118094645290013,0.122958983172553,0.0151189115428281,-0.308280439760694
"8787156",-0.256602607935076,0.0700686475676857,0.00490961537196455,0.575157660014448
"8787160",-0.10665231363014,0.110100777028783,0.0121221811023418,-0.0489652233565421
"8787161",-0.256841951659936,0.114430076301733,0.0130942423624205,-0.133080321801803
"8787164",-0.10475110727502,0.109854218794482,0.012067949386946,-0.0442724058699158
"8787176",-0.351008119342747,0.174445552100144,0.0304312506475242,-1.63329869130008
"8787179",-0.330079015648798,0.0803783488659263,0.00646067896641256,0.440939918499594
"8787182",-0.325569234265277,0.0798276199852844,0.00637244891251498,0.448574704468561
"8787187",-0.325569234265277,0.0798276199852399,0.00637244891250788,0.448574704469175
"8787193",-0.250573826659719,0.0646096803938964,0.00417441080060144,0.638776906493424
"8787196",-0.25013264795474,0.0648280198550624,0.00420267215832837,0.636331374524374
"8787197",-0.249691469249761,0.065630327278671,0.00430733985870546,0.627274194403293
"8787204",-0.324876864674361,0.0883409376447806,0.00780412126395902,0.324688211169449
"8787221",-0.256028874716628,0.0715618194908103,0.00512109400883531,0.556857839735619
"8787223",-0.253905947100668,0.0712970318386191,0.00508326674899706,0.560131135170673
"8787224",-0.424790833471096,0.112603528817277,0.0126795547021032,-0.0971962733326808
"8787229",-0.253563705702122,0.128786220768225,0.016585890659762,-0.435222123279738
"8787235",-0.157176757431865,0.137759286413597,0.0189776209931836,-0.642185038800072
"8787281",-0.354419015041432,0.139841941613476,0.0195557686342269,-0.692213722937034
"8787303",-0.250573826659719,0.0646096803939513,0.00417441080060854,0.638776906492809
"8787305",-0.250573826659719,0.0646096803940063,0.00417441080061565,0.638776906492194
"8787309",-0.299825296838074,0.105763601998234,0.0111859395076408,0.0320503022497748
"8787332",-0.0908568852800207,0.128609515247626,0.0165404074122293,-0.431286334455568
"8787337",-0.177103982955796,0.0982234768551685,0.00964785140551783,0.165145239205781
"8787344",-0.0947251999591274,0.126116201704839,0.0159052963324555,-0.37632844939952
"8787345",-0.0573803921694858,0.156696486525087,0.0245537888893068,-1.12470597733815
"8787380",-0.307865835529639,0.0946789957408043,0.00896411223448723,0.224311044946727
"8787385",-0.300662392479212,0.121985130895018,0.0148803721594746,-0.287638979661538
"8787393",-0.0723799456499168,0.136595251300809,0.0186582626779313,-0.61455009722799
"8787407",-0.247073450658287,0.0763155719834967,0.00582406652716827,0.496027720264446
"8787414",-0.395064289598832,0.0668964012100824,0.00447512849486031,0.612754988435741
"8787415",-0.388044657265762,0.0655002776219943,0.00429028636855833,0.628749879179009
"8787421",-0.219652081305761,0.118484992115592,0.0140386933566319,-0.214806229023305
"8787423",-0.253570965324822,0.0887044294255019,0.00786847579970384,0.319119438570553
"8787424",-0.217604433071033,0.116216625757888,0.0135063041025489,-0.168737142271759
"8787425",-0.0800718737809927,0.115295355330352,0.0132930189607521,-0.150281000219868
"8787438",-0.293579613556478,0.0983097570931862,0.00966480833972128,0.163677909677869
"8787441",-0.350540098828806,0.124881749379519,0.0155954513280889,-0.349516720431989
"8787453",-0.254305217989127,0.118161540598609,0.0139621496766367,-0.208182696698153
"8787467",-0.252979451514891,0.063079021877746,0.00397896300105316,0.655689534920341
"8787471",-0.249930028313153,0.0636340805597475,0.00404929620868444,0.649603411620461
"8787472",-0.220020633517772,0.0913644723113334,0.0083474668007284,0.277671047548047
"8787473",-0.322692848684605,0.096452651653235,0.00930311401094031,0.194976301375979
"8787481",-0.247076785914242,0.0642966741105143,0.00413406230167368,0.642268371588074
"8787495",-0.264579766561244,0.131147510667926,0.0171996695543939,-0.488334076472277
"8787521",-0.217973704237189,0.115078454708999,0.0132430507382111,-0.145957114338611
"8787526",-0.249930028313153,0.0636340805596359,0.00404929620867023,0.649603411621691
"8787530",-0.243709734573888,0.0648510348406564,0.00420565671990403,0.636073112312862
"8787532",-0.22434260839828,0.0904066469796437,0.00817336181810191,0.292736824114691
"8787534",-0.249930028313153,0.0636340805593567,0.0040492962086347,0.649603411624765
"8787535",-0.249930028313153,0.0636340805596359,0.00404929620867023,0.649603411621691
"8787536",-0.252537433683428,0.0625310441292834,0.00391013147989838,0.661645713214703
"8787538",-0.208816576072603,0.0983610141428103,0.00967488910320213,0.162805593860523
"8787539",-0.232918001927934,0.0697883194060159,0.0048704095255161,0.578550248289568
"8787540",-0.240840876666184,0.0699907054324323,0.00489869884692951,0.57610229654685
"8787541",-0.313171545698127,0.0796778051143114,0.00634855262783418,0.450642514822652
"8787543",-0.295324602766723,0.101572877611604,0.0103170494663019,0.107237715190612
"8787547",-0.32876059685454,0.0869715250599519,0.00756404617125384,0.345462560365831
"8787552",-0.296208371460792,0.114319860890476,0.0130690305940178,-0.130898679071791
"8787554",-0.31408320461102,0.131405757304932,0.0172674730528826,-0.494201297175883
"8787557",-0.27682069215675,0.111698643276381,0.0124765869097843,-0.0796329195264138
"8787568",-0.253792028220423,0.0994653035247678,0.00989334660527419,0.143901873439232
"8787569",-0.162620886873459,0.109496038713285,0.0119893824939012,-0.0374737994297596
"8787570",-0.167473526255759,0.106653571346498,0.0113749842809625,0.0156917450563431
"8787572",-0.105809064087156,0.113592092044548,0.0129031633750571,-0.116545738547669
"8787573",-0.143639974168427,0.13025989271801,0.0169676396509075,-0.468255899328977
"8787574",-0.151892251018955,0.135206441708638,0.0182807818795112,-0.581885659476685
"8787578",-0.32789922977917,0.0796982560971329,0.00635181202492419,0.45036047034834
"8787580",-0.256264450055375,0.132877141236667,0.0176563346632292,-0.527850547464125
"8787582",-0.05165303481004,0.146136989786571,0.0213560197838802,-0.847994339754346
"8787584",-0.0957788594848348,0.119463386032253,0.0142715006022911,-0.234951671694077
"8787590",-0.0566247233661573,0.126416392797076,0.0159811043678246,-0.382888324399063
"8787592",-0.318749971380659,0.0934534426462006,0.0087335459424267,0.244262571821956
"8787604",0.0393469645843457,0.179579036392691,0.0322486303117273,-1.79056148495825
"8787618",-0.0485051884417627,0.140442955951525,0.0197242238764019,-0.706790612132293
"8787628",-0.328630253466036,0.0854931852396564,0.0073090847224222,0.367525066350775
"8787630",-0.281727778684768,0.0751695023271502,0.00565045408011144,0.511050876391792
"8787658",-0.225778655125892,0.115638685628337,0.0133723056138493,-0.157141889450373
"8787668",-0.37117754164041,0.12233197446353,0.0149651119761458,-0.294971745932829
"8787670",-0.207754180948287,0.0883369295260882,0.00780341311809707,0.324749488952381
"8787676",-0.160461676281952,0.12927214385926,0.0167112871779693,-0.44607302425366
"8787690",-0.0993569736604572,0.140714970334525,0.0198007028762461,-0.713408547508473
"8787692",-0.33618027782005,0.13109050938341,0.017184721650402,-0.487040593779911
"8787702",-0.388044657265762,0.0655002776216689,0.0042902863685157,0.628749879182698
"8787707",-0.353702143057317,0.0724054472432236,0.00524254879049124,0.546348027921075
"8787759",-0.288570191323098,0.146951560750854,0.0215947612071119,-0.868653282912379
