"GID","Env","Estimated_breeding_value","Standard_error","Prediction_error_variance","Reliability"
"7806808","B5I",0.401663838680744,NA,NA,NA
"8786051","B5I",0.125006532591167,NA,NA,NA
"8786059","B5I",0.05702530317986,NA,NA,NA
"8786066","B5I",-0.0834039029200121,NA,NA,NA
"8786068","B5I",-0.105018371321459,NA,NA,NA
"8786077","B5I",-0.0115439265264313,NA,NA,NA
"8786086","B5I",0.0770980689277494,NA,NA,NA
"8786087","B5I",-0.0771971926759071,NA,NA,NA
"8786092","B5I",0.203475703006462,NA,NA,NA
"8786093","B5I",0.0784382392416901,NA,NA,NA
"8786094","B5I",0.0809199775031768,NA,NA,NA
"8786096","B5I",0.0178015300295829,NA,NA,NA
"8786102","B5I",-0.0258229512321578,NA,NA,NA
"8786104","B5I",0.080048108591701,NA,NA,NA
"8786115","B5I",-0.0425956379505673,NA,NA,NA
"8786132","B5I",0.0199596898069642,NA,NA,NA
"8786136","B5I",0.213878077976325,NA,NA,NA
"8786147","B5I",0.0263969151239944,NA,NA,NA
"8786149","B5I",0.115599226895097,NA,NA,NA
"8786150","B5I",0.0933227252272267,NA,NA,NA
"8786159","B5I",0.0303986045258344,NA,NA,NA
"8786160","B5I",-0.0281296213574265,NA,NA,NA
"8786165","B5I",-0.00995742314701166,NA,NA,NA
"8786172","B5I",-0.162503666259463,NA,NA,NA
"8786179","B5I",-0.0942378499160803,NA,NA,NA
"8786193","B5I",0.0351678708666051,NA,NA,NA
"8786198","B5I",0.0301483627944464,NA,NA,NA
"8786202","B5I",0.0632108627284847,NA,NA,NA
"8786213","B5I",0.0665420144372954,NA,NA,NA
"8786234","B5I",-0.0520593935146615,NA,NA,NA
"8786238","B5I",-0.114147544223334,NA,NA,NA
"8786246","B5I",-0.151067328258081,NA,NA,NA
"8786247","B5I",-0.13891886901,NA,NA,NA
"8786251","B5I",0.0269782299456367,NA,NA,NA
"8786257","B5I",-0.120789095369688,NA,NA,NA
"8786258","B5I",0.0736691889146096,NA,NA,NA
"8786269","B5I",-0.0966036548362073,NA,NA,NA
"8786275","B5I",-0.0147778237302256,NA,NA,NA
"8786276","B5I",-0.0741391641787375,NA,NA,NA
"8786279","B5I",0.0835553859668383,NA,NA,NA
"8786281","B5I",0.057265878532749,NA,NA,NA
"8786285","B5I",-0.133731338954761,NA,NA,NA
"8786286","B5I",-0.349874238138483,NA,NA,NA
"8786301","B5I",-0.163226143452789,NA,NA,NA
"8786303","B5I",-0.0900572003828099,NA,NA,NA
"8786304","B5I",0.0184706945128165,NA,NA,NA
"8786309","B5I",-0.0821151090962279,NA,NA,NA
"8786313","B5I",-0.1093857397189,NA,NA,NA
"8786320","B5I",-0.181331888748291,NA,NA,NA
"8786324","B5I",-0.230723658240714,NA,NA,NA
"8786329","B5I",0.0546870519634518,NA,NA,NA
"8786337","B5I",-0.0862220403247214,NA,NA,NA
"8786340","B5I",0.165299999511265,NA,NA,NA
"8786345","B5I",0.0669594281138721,NA,NA,NA
"8786347","B5I",0.0770973360816929,NA,NA,NA
"8786350","B5I",0.260574909315635,NA,NA,NA
"8786352","B5I",0.163776718811141,NA,NA,NA
"8786353","B5I",0.106569111635768,NA,NA,NA
"8786357","B5I",0.0430307634728027,NA,NA,NA
"8786359","B5I",-0.104089458908724,NA,NA,NA
"8786362","B5I",-0.0991420453371297,NA,NA,NA
"8786366","B5I",-0.130401292000826,NA,NA,NA
"8786367","B5I",-0.238327049156128,NA,NA,NA
"8786368","B5I",-0.109106704260686,NA,NA,NA
"8786372","B5I",0.0075964774510011,NA,NA,NA
"8786374","B5I",-0.0194786467274628,NA,NA,NA
"8786375","B5I",-0.0168205507217112,NA,NA,NA
"8786376","B5I",-0.189869212706527,NA,NA,NA
"8786377","B5I",-0.0219797918594428,NA,NA,NA
"8786379","B5I",-0.203742380775098,NA,NA,NA
"8786382","B5I",-0.04820786751908,NA,NA,NA
"8786389","B5I",-0.10556703608322,NA,NA,NA
"8786391","B5I",-0.138720355153654,NA,NA,NA
"8786406","B5I",-0.0208326393183018,NA,NA,NA
"8786424","B5I",-0.164512674913522,NA,NA,NA
"8786441","B5I",0.0206008452549797,NA,NA,NA
"8786442","B5I",0.176483082854444,NA,NA,NA
"8786444","B5I",-0.221439089883058,NA,NA,NA
"8786447","B5I",-0.141614575444135,NA,NA,NA
"8786455","B5I",-0.27837937953921,NA,NA,NA
"8786458","B5I",-0.203719723458044,NA,NA,NA
"8786462","B5I",-0.317069519619627,NA,NA,NA
"8786479","B5I",-0.0706143723028434,NA,NA,NA
"8786483","B5I",-0.0814100226808337,NA,NA,NA
"8786484","B5I",0.0239324127716784,NA,NA,NA
"8786487","B5I",-0.0361411215260793,NA,NA,NA
"8786488","B5I",-0.125589405541555,NA,NA,NA
"8786491","B5I",0.114065889599006,NA,NA,NA
"8786492","B5I",-0.112258402090016,NA,NA,NA
"8786493","B5I",0.0706701342346814,NA,NA,NA
"8786495","B5I",0.0708180791933997,NA,NA,NA
"8786504","B5I",-0.00467426965359045,NA,NA,NA
"8786507","B5I",0.196104073815822,NA,NA,NA
"8786508","B5I",-0.0353635396502674,NA,NA,NA
"8786524","B5I",-0.0280806327528611,NA,NA,NA
"8786525","B5I",0.0414032869132942,NA,NA,NA
"8786526","B5I",0.0171062057972395,NA,NA,NA
"8786527","B5I",-0.055497050007234,NA,NA,NA
"8786532","B5I",-0.179381965874244,NA,NA,NA
"8786579","B5I",0.0876251402302377,NA,NA,NA
"8786581","B5I",0.118599091436487,NA,NA,NA
"8786585","B5I",0.112745882449014,NA,NA,NA
"8786591","B5I",0.33120381775448,NA,NA,NA
"8786598","B5I",-0.136627685034104,NA,NA,NA
"8786605","B5I",0.0617663099239575,NA,NA,NA
"8786612","B5I",-0.0845924532026408,NA,NA,NA
"8786625","B5I",-0.0337394314533332,NA,NA,NA
"8786634","B5I",0.025185676443318,NA,NA,NA
"8786635","B5I",-0.111371350123229,NA,NA,NA
"8786636","B5I",-0.268878256622849,NA,NA,NA
"8786638","B5I",-0.424439857395632,NA,NA,NA
"8786639","B5I",-0.27607129535577,NA,NA,NA
"8786660","B5I",0.21655431098576,NA,NA,NA
"8786674","B5I",0.00616848611450058,NA,NA,NA
"8786676","B5I",0.303608335814771,NA,NA,NA
"8786677","B5I",0.360836325619429,NA,NA,NA
"8786679","B5I",0.241024589674141,NA,NA,NA
"8786680","B5I",0.270632395486553,NA,NA,NA
"8786681","B5I",0.374713918349593,NA,NA,NA
"8786683","B5I",0.193647020168487,NA,NA,NA
"8786686","B5I",0.211997274188747,NA,NA,NA
"8786688","B5I",0.182872745803424,NA,NA,NA
"8786689","B5I",0.26115539674452,NA,NA,NA
"8786694","B5I",0.424760908306828,NA,NA,NA
"8786695","B5I",0.288920231501247,NA,NA,NA
"8786697","B5I",0.217727777598889,NA,NA,NA
"8786698","B5I",0.33477599173784,NA,NA,NA
"8786699","B5I",0.464079627356708,NA,NA,NA
"8786700","B5I",0.174917429583862,NA,NA,NA
"8786701","B5I",0.190665849287888,NA,NA,NA
"8786704","B5I",0.289284500964208,NA,NA,NA
"8786706","B5I",0.197368992390579,NA,NA,NA
"8786707","B5I",0.329299773619574,NA,NA,NA
"8786709","B5I",0.201647319739976,NA,NA,NA
"8786711","B5I",0.267787470659503,NA,NA,NA
"8786713","B5I",0.259188570880842,NA,NA,NA
"8786715","B5I",0.192248749081821,NA,NA,NA
"8786726","B5I",0.0788727312616424,NA,NA,NA
"8786729","B5I",0.199617755051884,NA,NA,NA
"8786739","B5I",0.232733750620383,NA,NA,NA
"8786759","B5I",0.162951837999178,NA,NA,NA
"8786763","B5I",0.120038452079134,NA,NA,NA
"8786764","B5I",0.291890257291157,NA,NA,NA
"8786770","B5I",-0.206464036343979,NA,NA,NA
"8786785","B5I",0.355344082652961,NA,NA,NA
"8786787","B5I",0.179032860524134,NA,NA,NA
"8786792","B5I",0.383884165845881,NA,NA,NA
"8786793","B5I",0.292772617770936,NA,NA,NA
"8786794","B5I",0.273139622919497,NA,NA,NA
"8786796","B5I",0.449212825894725,NA,NA,NA
"8786798","B5I",0.12346119988613,NA,NA,NA
"8786799","B5I",0.256148013475888,NA,NA,NA
"8786800","B5I",-0.00373221011952042,NA,NA,NA
"8786803","B5I",0.154326092778381,NA,NA,NA
"8786819","B5I",-0.178213987972191,NA,NA,NA
"8786820","B5I",-0.056946932386532,NA,NA,NA
"8786825","B5I",0.11503852801431,NA,NA,NA
"8786839","B5I",0.0238122670959507,NA,NA,NA
"8786843","B5I",0.0320300908280115,NA,NA,NA
"8786861","B5I",-0.140714208841912,NA,NA,NA
"8786868","B5I",0.112102286013739,NA,NA,NA
"8786870","B5I",-0.314545366189121,NA,NA,NA
"8786873","B5I",-0.0142207777604369,NA,NA,NA
"8786911","B5I",0.20515645913219,NA,NA,NA
"8786963","B5I",0.135014746092096,NA,NA,NA
"8786966","B5I",0.141052403790445,NA,NA,NA
"8786967","B5I",0.581344882753017,NA,NA,NA
"8786968","B5I",0.0270520548164486,NA,NA,NA
"8786976","B5I",0.222782942768248,NA,NA,NA
"8786978","B5I",-0.0270031511226067,NA,NA,NA
"8786980","B5I",0.135118975878742,NA,NA,NA
"8786998","B5I",0.00834250344942945,NA,NA,NA
"8787000","B5I",0.138222397626681,NA,NA,NA
"8787002","B5I",0.0502973921736973,NA,NA,NA
"8787004","B5I",0.15851545185732,NA,NA,NA
"8787008","B5I",0.469121992096296,NA,NA,NA
"8787017","B5I",0.0965692121011777,NA,NA,NA
"8787023","B5I",0.0893684650651685,NA,NA,NA
"8787027","B5I",0.185421260224708,NA,NA,NA
"8787038","B5I",0.0838210115510961,NA,NA,NA
"8787042","B5I",0.349713008378259,NA,NA,NA
"8787043","B5I",0.391159294460406,NA,NA,NA
"8787050","B5I",0.234583471276627,NA,NA,NA
"8787052","B5I",0.2897105546001,NA,NA,NA
"8787059","B5I",0.119221672383613,NA,NA,NA
"8787084","B5I",-0.105043177220334,NA,NA,NA
"8787091","B5I",0.331523245671711,NA,NA,NA
"8787099","B5I",0.383346606352111,NA,NA,NA
"8787107","B5I",-0.0758652628958925,NA,NA,NA
"8787111","B5I",-0.174872758771667,NA,NA,NA
"8787121","B5I",-0.13339644888628,NA,NA,NA
"8787127","B5I",0.179085770305825,NA,NA,NA
"8787131","B5I",0.170252263480802,NA,NA,NA
"8787150","B5I",0.446445638053139,NA,NA,NA
"8787153","B5I",0.268790006124848,NA,NA,NA
"8787155","B5I",0.193798527539556,NA,NA,NA
"8787156","B5I",0.580396846086093,NA,NA,NA
"8787160","B5I",0.274777029545824,NA,NA,NA
"8787161","B5I",0.183734052986508,NA,NA,NA
"8787164","B5I",0.351195518519225,NA,NA,NA
"8787176","B5I",-0.0559282435063253,NA,NA,NA
"8787179","B5I",-0.00252861832350161,NA,NA,NA
"8787182","B5I",0.166290833959517,NA,NA,NA
"8787187","B5I",-0.024329246813221,NA,NA,NA
"8787193","B5I",0.0351270772200973,NA,NA,NA
"8787196","B5I",-0.0310352594200864,NA,NA,NA
"8787197","B5I",0.166610458940075,NA,NA,NA
"8787204","B5I",0.21898078970792,NA,NA,NA
"8787221","B5I",0.00240634498730112,NA,NA,NA
"8787223","B5I",-0.0380728004129455,NA,NA,NA
"8787224","B5I",0.144306359875734,NA,NA,NA
"8787229","B5I",0.142057270363884,NA,NA,NA
"8787235","B5I",0.613377026758344,NA,NA,NA
"8787281","B5I",0.295251680300137,NA,NA,NA
"8787303","B5I",0.299488367358229,NA,NA,NA
"8787305","B5I",0.142456088927508,NA,NA,NA
"8787309","B5I",0.0732205695553101,NA,NA,NA
"8787332","B5I",0.173930614268201,NA,NA,NA
"8787337","B5I",0.0810302419597106,NA,NA,NA
"8787344","B5I",0.0820203645678857,NA,NA,NA
"8787345","B5I",0.044498977092057,NA,NA,NA
"8787380","B5I",0.2014187587915,NA,NA,NA
"8787385","B5I",0.116728962508603,NA,NA,NA
"8787393","B5I",-0.235203677912649,NA,NA,NA
"8787407","B5I",-0.0575842545266567,NA,NA,NA
"8787414","B5I",-0.069122421467527,NA,NA,NA
"8787415","B5I",0.144859173163425,NA,NA,NA
"8787421","B5I",0.0364578159590668,NA,NA,NA
"8787423","B5I",0.0553957799765992,NA,NA,NA
"8787424","B5I",0.0762002053598557,NA,NA,NA
"8787425","B5I",0.12706088627894,NA,NA,NA
"8787438","B5I",0.108910579958802,NA,NA,NA
"8787441","B5I",0.202578672641663,NA,NA,NA
"8787453","B5I",0.00827194242617087,NA,NA,NA
"8787467","B5I",-0.171289374243504,NA,NA,NA
"8787471","B5I",-0.133407009364174,NA,NA,NA
"8787472","B5I",0.0443250470809667,NA,NA,NA
"8787473","B5I",0.142316954776803,NA,NA,NA
"8787481","B5I",-0.0107018682893726,NA,NA,NA
"8787495","B5I",-0.256109367001622,NA,NA,NA
"8787521","B5I",0.220250560210949,NA,NA,NA
"8787526","B5I",0.00884670757931572,NA,NA,NA
"8787530","B5I",-0.0738118075375913,NA,NA,NA
"8787532","B5I",0.0509977699690805,NA,NA,NA
"8787534","B5I",0.0403296337821421,NA,NA,NA
"8787535","B5I",0.0636630212545776,NA,NA,NA
"8787536","B5I",-0.0475968877856978,NA,NA,NA
"8787538","B5I",0.038862049112466,NA,NA,NA
"8787539","B5I",-0.0881863477849358,NA,NA,NA
"8787540","B5I",-0.0238708061655586,NA,NA,NA
"8787541","B5I",0.00478614293927439,NA,NA,NA
"8787543","B5I",-0.0558085942677966,NA,NA,NA
"8787547","B5I",-0.153171683644477,NA,NA,NA
"8787552","B5I",-0.300909710932634,NA,NA,NA
"8787554","B5I",0.0082023110383289,NA,NA,NA
"8787557","B5I",-0.0962335127968886,NA,NA,NA
"8787568","B5I",-0.317092870778254,NA,NA,NA
"8787569","B5I",-0.00902975189275571,NA,NA,NA
"8787570","B5I",0.139244057212825,NA,NA,NA
"8787572","B5I",-0.0157459523478365,NA,NA,NA
"8787573","B5I",0.0853675909219048,NA,NA,NA
"8787574","B5I",-0.0915231816075886,NA,NA,NA
"8787578","B5I",-0.170633751515781,NA,NA,NA
"8787580","B5I",0.0305202606016465,NA,NA,NA
"8787582","B5I",-0.168203763701253,NA,NA,NA
"8787584","B5I",-0.13644358183229,NA,NA,NA
"8787590","B5I",-0.185933617954298,NA,NA,NA
"8787592","B5I",-0.0902193729315311,NA,NA,NA
"8787604","B5I",0.0197090887887457,NA,NA,NA
"8787618","B5I",0.161699979306468,NA,NA,NA
"8787628","B5I",-0.187378034601471,NA,NA,NA
"8787630","B5I",0.0415157024382106,NA,NA,NA
"8787658","B5I",0.157229518757157,NA,NA,NA
"8787668","B5I",0.0732617494125782,NA,NA,NA
"8787670","B5I",0.0756882562511074,NA,NA,NA
"8787676","B5I",0.0886617023244731,NA,NA,NA
"8787690","B5I",0.166842009957304,NA,NA,NA
"8787692","B5I",-0.00944293956175538,NA,NA,NA
"8787702","B5I",-0.162370392176971,NA,NA,NA
"8787707","B5I",0.00772924073911778,NA,NA,NA
"8787759","B5I",-0.595640278554465,NA,NA,NA
"7806808","B2IR",0.153878221672954,NA,NA,NA
"8786051","B2IR",-0.234830410740493,NA,NA,NA
"8786059","B2IR",-0.0205004905418026,NA,NA,NA
"8786066","B2IR",0.0708394471744414,NA,NA,NA
"8786068","B2IR",0.0693790095462901,NA,NA,NA
"8786077","B2IR",0.114847504339212,NA,NA,NA
"8786086","B2IR",0.21617330534331,NA,NA,NA
"8786087","B2IR",-0.0156491129383163,NA,NA,NA
"8786092","B2IR",0.128521363852674,NA,NA,NA
"8786093","B2IR",0.319165427334109,NA,NA,NA
"8786094","B2IR",-0.063317286165506,NA,NA,NA
"8786096","B2IR",0.244152722678877,NA,NA,NA
"8786102","B2IR",-0.206744388384489,NA,NA,NA
"8786104","B2IR",-0.279767992284998,NA,NA,NA
"8786115","B2IR",0.130427376331507,NA,NA,NA
"8786132","B2IR",0.150104166661815,NA,NA,NA
"8786136","B2IR",0.150927826161532,NA,NA,NA
"8786147","B2IR",0.109506677444892,NA,NA,NA
"8786149","B2IR",0.151920260738308,NA,NA,NA
"8786150","B2IR",-0.308897053875343,NA,NA,NA
"8786159","B2IR",-0.18963054355166,NA,NA,NA
"8786160","B2IR",-0.386728529728538,NA,NA,NA
"8786165","B2IR",-0.232126251601417,NA,NA,NA
"8786172","B2IR",-0.253420509959202,NA,NA,NA
"8786179","B2IR",-0.0174053127361346,NA,NA,NA
"8786193","B2IR",0.377224086878473,NA,NA,NA
"8786198","B2IR",-0.222331654191214,NA,NA,NA
"8786202","B2IR",-0.020661689838588,NA,NA,NA
"8786213","B2IR",-0.504005212314224,NA,NA,NA
"8786234","B2IR",0.0406268073148438,NA,NA,NA
"8786238","B2IR",0.132194929108158,NA,NA,NA
"8786246","B2IR",0.0761690494145904,NA,NA,NA
"8786247","B2IR",0.102869209854608,NA,NA,NA
"8786251","B2IR",-0.14139253406996,NA,NA,NA
"8786257","B2IR",-0.129569493970127,NA,NA,NA
"8786258","B2IR",-0.488256229926128,NA,NA,NA
"8786269","B2IR",-0.177687510029828,NA,NA,NA
"8786275","B2IR",-0.0883804283002078,NA,NA,NA
"8786276","B2IR",-0.0143726411498903,NA,NA,NA
"8786279","B2IR",-0.487618659345507,NA,NA,NA
"8786281","B2IR",-0.330033681158647,NA,NA,NA
"8786285","B2IR",-0.423022338201062,NA,NA,NA
"8786286","B2IR",0.05914875351207,NA,NA,NA
"8786301","B2IR",-0.261364400310518,NA,NA,NA
"8786303","B2IR",-0.344676558790465,NA,NA,NA
"8786304","B2IR",-0.0284310591691714,NA,NA,NA
"8786309","B2IR",-0.0935419882708728,NA,NA,NA
"8786313","B2IR",-0.576119172718622,NA,NA,NA
"8786320","B2IR",-0.529070229208163,NA,NA,NA
"8786324","B2IR",-0.21630196562358,NA,NA,NA
"8786329","B2IR",0.0552948852441064,NA,NA,NA
"8786337","B2IR",0.0625373669041421,NA,NA,NA
"8786340","B2IR",-0.0393057883297078,NA,NA,NA
"8786345","B2IR",-0.320434983711318,NA,NA,NA
"8786347","B2IR",-0.526747573421813,NA,NA,NA
"8786350","B2IR",0.0918092050204778,NA,NA,NA
"8786352","B2IR",-0.0800366188218967,NA,NA,NA
"8786353","B2IR",0.0819867264464382,NA,NA,NA
"8786357","B2IR",-0.16218717308423,NA,NA,NA
"8786359","B2IR",-0.164027632955092,NA,NA,NA
"8786362","B2IR",-0.106734375617249,NA,NA,NA
"8786366","B2IR",-0.549194214093603,NA,NA,NA
"8786367","B2IR",-0.00299862291945809,NA,NA,NA
"8786368","B2IR",-0.244574149922258,NA,NA,NA
"8786372","B2IR",-0.623657809268178,NA,NA,NA
"8786374","B2IR",-0.186129329755195,NA,NA,NA
"8786375","B2IR",-0.373533165188129,NA,NA,NA
"8786376","B2IR",-0.136478773812408,NA,NA,NA
"8786377","B2IR",-0.0335671228612276,NA,NA,NA
"8786379","B2IR",-0.035606438483144,NA,NA,NA
"8786382","B2IR",-0.23215083804372,NA,NA,NA
"8786389","B2IR",0.0756199087761102,NA,NA,NA
"8786391","B2IR",0.11582538865633,NA,NA,NA
"8786406","B2IR",-0.262442095122534,NA,NA,NA
"8786424","B2IR",0.185146725075603,NA,NA,NA
"8786441","B2IR",0.0549219904425518,NA,NA,NA
"8786442","B2IR",-0.282609842956804,NA,NA,NA
"8786444","B2IR",0.387855640106309,NA,NA,NA
"8786447","B2IR",-0.0435682587325117,NA,NA,NA
"8786455","B2IR",-0.260606478217222,NA,NA,NA
"8786458","B2IR",-0.248484497467996,NA,NA,NA
"8786462","B2IR",-0.285089727741371,NA,NA,NA
"8786479","B2IR",-0.215910353953782,NA,NA,NA
"8786483","B2IR",-0.193628115725327,NA,NA,NA
"8786484","B2IR",-0.0209581005673003,NA,NA,NA
"8786487","B2IR",0.0268640138864066,NA,NA,NA
"8786488","B2IR",-0.643060397681688,NA,NA,NA
"8786491","B2IR",0.116252885059881,NA,NA,NA
"8786492","B2IR",-0.0603162925921141,NA,NA,NA
"8786493","B2IR",-0.122248955021904,NA,NA,NA
"8786495","B2IR",-0.0714309418040847,NA,NA,NA
"8786504","B2IR",-0.299790082753467,NA,NA,NA
"8786507","B2IR",-0.170383704980212,NA,NA,NA
"8786508","B2IR",0.0637517927525575,NA,NA,NA
"8786524","B2IR",-0.0638085026483055,NA,NA,NA
"8786525","B2IR",-0.0176641662592053,NA,NA,NA
"8786526","B2IR",-0.60140410580103,NA,NA,NA
"8786527","B2IR",-0.0101981816108472,NA,NA,NA
"8786532","B2IR",-0.546613866987379,NA,NA,NA
"8786579","B2IR",0.546490641467085,NA,NA,NA
"8786581","B2IR",0.315933665624335,NA,NA,NA
"8786585","B2IR",0.421199406896652,NA,NA,NA
"8786591","B2IR",0.146461570673671,NA,NA,NA
"8786598","B2IR",-0.35782390383502,NA,NA,NA
"8786605","B2IR",-0.259121465901491,NA,NA,NA
"8786612","B2IR",0.0806798058405073,NA,NA,NA
"8786625","B2IR",0.132288539744163,NA,NA,NA
"8786634","B2IR",-0.00395108290742467,NA,NA,NA
"8786635","B2IR",-0.0980345454750584,NA,NA,NA
"8786636","B2IR",0.012995870550308,NA,NA,NA
"8786638","B2IR",-0.106964941361898,NA,NA,NA
"8786639","B2IR",0.102845777388184,NA,NA,NA
"8786660","B2IR",0.313898404900768,NA,NA,NA
"8786674","B2IR",0.0189331854829063,NA,NA,NA
"8786676","B2IR",0.078581505766736,NA,NA,NA
"8786677","B2IR",0.199092529151099,NA,NA,NA
"8786679","B2IR",0.181550819185249,NA,NA,NA
"8786680","B2IR",0.241067059169626,NA,NA,NA
"8786681","B2IR",-0.252353412884834,NA,NA,NA
"8786683","B2IR",0.181746871746527,NA,NA,NA
"8786686","B2IR",-0.214359581722361,NA,NA,NA
"8786688","B2IR",-0.0875283896591434,NA,NA,NA
"8786689","B2IR",0.125933981133423,NA,NA,NA
"8786694","B2IR",-0.0284452047490523,NA,NA,NA
"8786695","B2IR",-0.258504375282947,NA,NA,NA
"8786697","B2IR",-0.353517626904009,NA,NA,NA
"8786698","B2IR",-0.136022206700843,NA,NA,NA
"8786699","B2IR",-0.0780660642875912,NA,NA,NA
"8786700","B2IR",0.0896222998063889,NA,NA,NA
"8786701","B2IR",0.396719043384461,NA,NA,NA
"8786704","B2IR",0.136012341318302,NA,NA,NA
"8786706","B2IR",0.183480766799982,NA,NA,NA
"8786707","B2IR",0.111105739108902,NA,NA,NA
"8786709","B2IR",-0.15022516410214,NA,NA,NA
"8786711","B2IR",-0.0939915147915408,NA,NA,NA
"8786713","B2IR",0.0924512054168791,NA,NA,NA
"8786715","B2IR",0.0843523922303585,NA,NA,NA
"8786726","B2IR",-0.108031400861423,NA,NA,NA
"8786729","B2IR",-0.0229411592844139,NA,NA,NA
"8786739","B2IR",-0.0313540651079927,NA,NA,NA
"8786759","B2IR",-0.0242405889307029,NA,NA,NA
"8786763","B2IR",-0.012340388625818,NA,NA,NA
"8786764","B2IR",-0.0119537812375948,NA,NA,NA
"8786770","B2IR",0.0959529577679787,NA,NA,NA
"8786785","B2IR",0.109544909231503,NA,NA,NA
"8786787","B2IR",-0.103742050933126,NA,NA,NA
"8786792","B2IR",-0.530686938418533,NA,NA,NA
"8786793","B2IR",-0.0662144294162841,NA,NA,NA
"8786794","B2IR",-0.112198666832917,NA,NA,NA
"8786796","B2IR",-0.0106621122935687,NA,NA,NA
"8786798","B2IR",-0.160575411197918,NA,NA,NA
"8786799","B2IR",-0.205463683528614,NA,NA,NA
"8786800","B2IR",-0.149959480198283,NA,NA,NA
"8786803","B2IR",-0.499418243551216,NA,NA,NA
"8786819","B2IR",-0.0446971607680496,NA,NA,NA
"8786820","B2IR",0.118440309173843,NA,NA,NA
"8786825","B2IR",-0.150075134069261,NA,NA,NA
"8786839","B2IR",-0.408924718777488,NA,NA,NA
"8786843","B2IR",-0.195691295312398,NA,NA,NA
"8786861","B2IR",0.283490993959043,NA,NA,NA
"8786868","B2IR",-0.17235073379057,NA,NA,NA
"8786870","B2IR",-0.197280566552047,NA,NA,NA
"8786873","B2IR",-0.194909586695916,NA,NA,NA
"8786911","B2IR",0.0505772246193518,NA,NA,NA
"8786963","B2IR",-0.138731780691443,NA,NA,NA
"8786966","B2IR",-0.128018371298601,NA,NA,NA
"8786967","B2IR",0.0863443666531674,NA,NA,NA
"8786968","B2IR",-0.210023756124047,NA,NA,NA
"8786976","B2IR",0.12525648595426,NA,NA,NA
"8786978","B2IR",0.18888040194352,NA,NA,NA
"8786980","B2IR",0.210507231246073,NA,NA,NA
"8786998","B2IR",-0.0724568858315225,NA,NA,NA
"8787000","B2IR",-0.13145072727602,NA,NA,NA
"8787002","B2IR",0.187977459386082,NA,NA,NA
"8787004","B2IR",0.120431787726377,NA,NA,NA
"8787008","B2IR",0.538858792093052,NA,NA,NA
"8787017","B2IR",0.10934234124338,NA,NA,NA
"8787023","B2IR",0.213889529797224,NA,NA,NA
"8787027","B2IR",0.289113357378032,NA,NA,NA
"8787038","B2IR",0.378787339752565,NA,NA,NA
"8787042","B2IR",0.485673926565007,NA,NA,NA
"8787043","B2IR",0.484935117078978,NA,NA,NA
"8787050","B2IR",0.412598414636861,NA,NA,NA
"8787052","B2IR",0.347126531459714,NA,NA,NA
"8787059","B2IR",0.285999872462723,NA,NA,NA
"8787084","B2IR",0.0221822982372782,NA,NA,NA
"8787091","B2IR",0.0610813900001419,NA,NA,NA
"8787099","B2IR",0.0424626626353368,NA,NA,NA
"8787107","B2IR",-0.00485482408245516,NA,NA,NA
"8787111","B2IR",0.0710031446590323,NA,NA,NA
"8787121","B2IR",-0.0658112792657575,NA,NA,NA
"8787127","B2IR",0.135742815772344,NA,NA,NA
"8787131","B2IR",0.285453097396132,NA,NA,NA
"8787150","B2IR",0.495981854854182,NA,NA,NA
"8787153","B2IR",0.280353652084175,NA,NA,NA
"8787155","B2IR",0.256981067858839,NA,NA,NA
"8787156","B2IR",0.403143427180518,NA,NA,NA
"8787160","B2IR",0.242326315991292,NA,NA,NA
"8787161","B2IR",0.0253310945790653,NA,NA,NA
"8787164","B2IR",0.302950265979219,NA,NA,NA
"8787176","B2IR",-0.00822160258263111,NA,NA,NA
"8787179","B2IR",-0.602006913420112,NA,NA,NA
"8787182","B2IR",-0.0869615504875913,NA,NA,NA
"8787187","B2IR",0.103804043312812,NA,NA,NA
"8787193","B2IR",0.070799030573457,NA,NA,NA
"8787196","B2IR",0.200205654756787,NA,NA,NA
"8787197","B2IR",0.227219513595457,NA,NA,NA
"8787204","B2IR",0.221437455408616,NA,NA,NA
"8787221","B2IR",0.128696726993795,NA,NA,NA
"8787223","B2IR",0.0577045790576736,NA,NA,NA
"8787224","B2IR",0.451670067779284,NA,NA,NA
"8787229","B2IR",-0.0101751989677565,NA,NA,NA
"8787235","B2IR",0.348461081330961,NA,NA,NA
"8787281","B2IR",0.373268131433873,NA,NA,NA
"8787303","B2IR",0.0892449859294777,NA,NA,NA
"8787305","B2IR",0.104976323419023,NA,NA,NA
"8787309","B2IR",-0.156868076100056,NA,NA,NA
"8787332","B2IR",0.0699996166207837,NA,NA,NA
"8787337","B2IR",0.106217538471936,NA,NA,NA
"8787344","B2IR",0.125499575678132,NA,NA,NA
"8787345","B2IR",0.12274009977492,NA,NA,NA
"8787380","B2IR",-0.281121432139155,NA,NA,NA
"8787385","B2IR",0.0456152451057271,NA,NA,NA
"8787393","B2IR",0.166921602060827,NA,NA,NA
"8787407","B2IR",-0.241311208515991,NA,NA,NA
"8787414","B2IR",-0.394162220743647,NA,NA,NA
"8787415","B2IR",0.0528384913477973,NA,NA,NA
"8787421","B2IR",-0.154911992269976,NA,NA,NA
"8787423","B2IR",0.107298303397228,NA,NA,NA
"8787424","B2IR",-0.0233453582504507,NA,NA,NA
"8787425","B2IR",0.409795180764676,NA,NA,NA
"8787438","B2IR",0.0122399092682455,NA,NA,NA
"8787441","B2IR",0.165609785914425,NA,NA,NA
"8787453","B2IR",0.0791230809680567,NA,NA,NA
"8787467","B2IR",0.188668332872923,NA,NA,NA
"8787471","B2IR",0.192672764279205,NA,NA,NA
"8787472","B2IR",0.412783442908365,NA,NA,NA
"8787473","B2IR",0.335415756679885,NA,NA,NA
"8787481","B2IR",0.471492946661909,NA,NA,NA
"8787495","B2IR",0.218375138952068,NA,NA,NA
"8787521","B2IR",0.289477878995536,NA,NA,NA
"8787526","B2IR",0.138945809765441,NA,NA,NA
"8787530","B2IR",0.0671519014906607,NA,NA,NA
"8787532","B2IR",0.158376408675586,NA,NA,NA
"8787534","B2IR",0.280436246476914,NA,NA,NA
"8787535","B2IR",0.232019016427924,NA,NA,NA
"8787536","B2IR",0.129759349526327,NA,NA,NA
"8787538","B2IR",0.186600376420392,NA,NA,NA
"8787539","B2IR",0.23729606443146,NA,NA,NA
"8787540","B2IR",0.0900981432377057,NA,NA,NA
"8787541","B2IR",0.0678907782857226,NA,NA,NA
"8787543","B2IR",0.159974190359272,NA,NA,NA
"8787547","B2IR",0.247799061408598,NA,NA,NA
"8787552","B2IR",-0.164425190880595,NA,NA,NA
"8787554","B2IR",0.00777653777590061,NA,NA,NA
"8787557","B2IR",-0.0281265493479746,NA,NA,NA
"8787568","B2IR",0.140725604902881,NA,NA,NA
"8787569","B2IR",0.154969976585108,NA,NA,NA
"8787570","B2IR",0.0443112131758656,NA,NA,NA
"8787572","B2IR",0.434327620071619,NA,NA,NA
"8787573","B2IR",-0.105250563363635,NA,NA,NA
"8787574","B2IR",-0.0376323272747801,NA,NA,NA
"8787578","B2IR",0.25304602677206,NA,NA,NA
"8787580","B2IR",0.38231840771212,NA,NA,NA
"8787582","B2IR",0.198892462697865,NA,NA,NA
"8787584","B2IR",0.0534596657611181,NA,NA,NA
"8787590","B2IR",0.310174064722664,NA,NA,NA
"8787592","B2IR",0.225384253946453,NA,NA,NA
"8787604","B2IR",-0.00358175652315941,NA,NA,NA
"8787618","B2IR",0.202835147528725,NA,NA,NA
"8787628","B2IR",0.217201938630417,NA,NA,NA
"8787630","B2IR",0.356882827495685,NA,NA,NA
"8787658","B2IR",0.194917402145429,NA,NA,NA
"8787668","B2IR",0.387914035111673,NA,NA,NA
"8787670","B2IR",0.321024126042048,NA,NA,NA
"8787676","B2IR",0.23598088306687,NA,NA,NA
"8787690","B2IR",0.178506886754933,NA,NA,NA
"8787692","B2IR",0.128434883052776,NA,NA,NA
"8787702","B2IR",-0.0803319083574399,NA,NA,NA
"8787707","B2IR",0.45138327122045,NA,NA,NA
"8787759","B2IR",-0.0842680211779408,NA,NA,NA
"7806808","F5I",0.845368514950313,NA,NA,NA
"8786051","F5I",0.366620192820458,NA,NA,NA
"8786059","F5I",-0.0285980352980932,NA,NA,NA
"8786066","F5I",-0.124378411729077,NA,NA,NA
"8786068","F5I",-0.204486266521351,NA,NA,NA
"8786077","F5I",-0.065257322992107,NA,NA,NA
"8786086","F5I",-0.328841146885543,NA,NA,NA
"8786087","F5I",-0.32969230007213,NA,NA,NA
"8786092","F5I",0.273541256612457,NA,NA,NA
"8786093","F5I",0.231833917439044,NA,NA,NA
"8786094","F5I",0.485631119165099,NA,NA,NA
"8786096","F5I",-0.0198285625792388,NA,NA,NA
"8786102","F5I",0.274093030377167,NA,NA,NA
"8786104","F5I",0.23631532683255,NA,NA,NA
"8786115","F5I",-0.256992643689538,NA,NA,NA
"8786132","F5I",0.168137323029766,NA,NA,NA
"8786136","F5I",0.0426843107316975,NA,NA,NA
"8786147","F5I",-0.0218584273485197,NA,NA,NA
"8786149","F5I",-0.108579257757556,NA,NA,NA
"8786150","F5I",-0.0403200919546563,NA,NA,NA
"8786159","F5I",0.37846781067057,NA,NA,NA
"8786160","F5I",0.469323036429426,NA,NA,NA
"8786165","F5I",0.214228519028486,NA,NA,NA
"8786172","F5I",-0.188668593438532,NA,NA,NA
"8786179","F5I",-0.0772852456405138,NA,NA,NA
"8786193","F5I",0.405014476701338,NA,NA,NA
"8786198","F5I",-0.100092060961045,NA,NA,NA
"8786202","F5I",-0.0160155306339662,NA,NA,NA
"8786213","F5I",0.422019981798895,NA,NA,NA
"8786234","F5I",-0.117799676113519,NA,NA,NA
"8786238","F5I",-0.16011925986409,NA,NA,NA
"8786246","F5I",0.136742345033981,NA,NA,NA
"8786247","F5I",0.207765477362473,NA,NA,NA
"8786251","F5I",0.0907786249492766,NA,NA,NA
"8786257","F5I",-0.302641009464443,NA,NA,NA
"8786258","F5I",-0.214618716793009,NA,NA,NA
"8786269","F5I",-0.30516242497127,NA,NA,NA
"8786275","F5I",0.144193553883762,NA,NA,NA
"8786276","F5I",-0.201222457383616,NA,NA,NA
"8786279","F5I",-0.00301474400923695,NA,NA,NA
"8786281","F5I",0.31800574621052,NA,NA,NA
"8786285","F5I",-0.154718766280086,NA,NA,NA
"8786286","F5I",-0.378872264619435,NA,NA,NA
"8786301","F5I",-0.548404247935694,NA,NA,NA
"8786303","F5I",-0.0474030516441176,NA,NA,NA
"8786304","F5I",-0.263990671339598,NA,NA,NA
"8786309","F5I",-0.558556520782535,NA,NA,NA
"8786313","F5I",-0.201326352123304,NA,NA,NA
"8786320","F5I",-0.360205853791442,NA,NA,NA
"8786324","F5I",-0.75056829314748,NA,NA,NA
"8786329","F5I",0.121112433505996,NA,NA,NA
"8786337","F5I",-0.102335656772916,NA,NA,NA
"8786340","F5I",0.0740553592489039,NA,NA,NA
"8786345","F5I",0.173122619420913,NA,NA,NA
"8786347","F5I",0.313344403385297,NA,NA,NA
"8786350","F5I",0.291682760206835,NA,NA,NA
"8786352","F5I",0.252053162655005,NA,NA,NA
"8786353","F5I",0.359183967404581,NA,NA,NA
"8786357","F5I",0.0158534122499893,NA,NA,NA
"8786359","F5I",-0.335792372175783,NA,NA,NA
"8786362","F5I",-0.000240048379739857,NA,NA,NA
"8786366","F5I",0.319759942132974,NA,NA,NA
"8786367","F5I",-0.502969416767377,NA,NA,NA
"8786368","F5I",-0.645641770215619,NA,NA,NA
"8786372","F5I",-0.0765718247598434,NA,NA,NA
"8786374","F5I",-0.511139203965132,NA,NA,NA
"8786375","F5I",-0.295917694822787,NA,NA,NA
"8786376","F5I",-0.192598252279727,NA,NA,NA
"8786377","F5I",0.0597810824082724,NA,NA,NA
"8786379","F5I",-0.54254320958254,NA,NA,NA
"8786382","F5I",-0.286126638638964,NA,NA,NA
"8786389","F5I",0.0605554652145723,NA,NA,NA
"8786391","F5I",-0.448573345265072,NA,NA,NA
"8786406","F5I",-0.130097175090026,NA,NA,NA
"8786424","F5I",-0.237112942582647,NA,NA,NA
"8786441","F5I",0.095852305198369,NA,NA,NA
"8786442","F5I",0.18569479897732,NA,NA,NA
"8786444","F5I",-0.309340186659294,NA,NA,NA
"8786447","F5I",-0.40937139384,NA,NA,NA
"8786455","F5I",0.0312925580682391,NA,NA,NA
"8786458","F5I",0.304997693643797,NA,NA,NA
"8786462","F5I",-0.0616061065824834,NA,NA,NA
"8786479","F5I",-0.0193707721881429,NA,NA,NA
"8786483","F5I",-0.295273324805031,NA,NA,NA
"8786484","F5I",-0.135419647252107,NA,NA,NA
"8786487","F5I",0.296448378260801,NA,NA,NA
"8786488","F5I",0.370094667136118,NA,NA,NA
"8786491","F5I",0.825970411874036,NA,NA,NA
"8786492","F5I",0.346926209242179,NA,NA,NA
"8786493","F5I",0.320426935501796,NA,NA,NA
"8786495","F5I",0.226475230870854,NA,NA,NA
"8786504","F5I",0.0393258923734482,NA,NA,NA
"8786507","F5I",0.20414275862714,NA,NA,NA
"8786508","F5I",-0.0260999010397906,NA,NA,NA
"8786524","F5I",0.160100516857684,NA,NA,NA
"8786525","F5I",0.2223087371019,NA,NA,NA
"8786526","F5I",0.089893536911555,NA,NA,NA
"8786527","F5I",-0.201060568129644,NA,NA,NA
"8786532","F5I",-0.0525477817737061,NA,NA,NA
"8786579","F5I",0.273218507682024,NA,NA,NA
"8786581","F5I",0.153669923713535,NA,NA,NA
"8786585","F5I",0.224808658305021,NA,NA,NA
"8786591","F5I",0.359093937219991,NA,NA,NA
"8786598","F5I",-0.478853782040704,NA,NA,NA
"8786605","F5I",0.458142503027616,NA,NA,NA
"8786612","F5I",-0.0636931711633304,NA,NA,NA
"8786625","F5I",-0.424474641322667,NA,NA,NA
"8786634","F5I",-0.198474232328786,NA,NA,NA
"8786635","F5I",0.00755085744700103,NA,NA,NA
"8786636","F5I",-0.840889004553307,NA,NA,NA
"8786638","F5I",-0.614098092883224,NA,NA,NA
"8786639","F5I",-0.323030064849083,NA,NA,NA
"8786660","F5I",0.100565343265628,NA,NA,NA
"8786674","F5I",0.62050974440667,NA,NA,NA
"8786676","F5I",0.668213255027854,NA,NA,NA
"8786677","F5I",0.665575334071424,NA,NA,NA
"8786679","F5I",0.435663897594872,NA,NA,NA
"8786680","F5I",0.731273916543237,NA,NA,NA
"8786681","F5I",0.656913389771896,NA,NA,NA
"8786683","F5I",0.257529574620498,NA,NA,NA
"8786686","F5I",0.462260986145669,NA,NA,NA
"8786688","F5I",0.611732521284961,NA,NA,NA
"8786689","F5I",0.313820340541652,NA,NA,NA
"8786694","F5I",0.492838918806591,NA,NA,NA
"8786695","F5I",0.185310865109611,NA,NA,NA
"8786697","F5I",0.0993437708376926,NA,NA,NA
"8786698","F5I",0.29210258160254,NA,NA,NA
"8786699","F5I",0.501644399035021,NA,NA,NA
"8786700","F5I",0.185750655997154,NA,NA,NA
"8786701","F5I",0.103795732504282,NA,NA,NA
"8786704","F5I",0.514397244336977,NA,NA,NA
"8786706","F5I",0.312659362790299,NA,NA,NA
"8786707","F5I",0.56154609397542,NA,NA,NA
"8786709","F5I",0.351392773237008,NA,NA,NA
"8786711","F5I",0.4094650352142,NA,NA,NA
"8786713","F5I",0.397847050805859,NA,NA,NA
"8786715","F5I",0.41267752323901,NA,NA,NA
"8786726","F5I",-0.114341333211625,NA,NA,NA
"8786729","F5I",0.166061386487871,NA,NA,NA
"8786739","F5I",0.440875072687062,NA,NA,NA
"8786759","F5I",0.103270818521148,NA,NA,NA
"8786763","F5I",0.429635565651286,NA,NA,NA
"8786764","F5I",0.382568704237206,NA,NA,NA
"8786770","F5I",-0.220027298869312,NA,NA,NA
"8786785","F5I",0.78489401248263,NA,NA,NA
"8786787","F5I",0.803190530084009,NA,NA,NA
"8786792","F5I",1.01141881973291,NA,NA,NA
"8786793","F5I",0.614561252776082,NA,NA,NA
"8786794","F5I",1.01810397699538,NA,NA,NA
"8786796","F5I",0.867370448721339,NA,NA,NA
"8786798","F5I",0.792997846571142,NA,NA,NA
"8786799","F5I",0.604306354383517,NA,NA,NA
"8786800","F5I",0.415435569739928,NA,NA,NA
"8786803","F5I",0.319233302260497,NA,NA,NA
"8786819","F5I",0.213003754917226,NA,NA,NA
"8786820","F5I",0.239584533654479,NA,NA,NA
"8786825","F5I",0.225567888054088,NA,NA,NA
"8786839","F5I",0.102912916465139,NA,NA,NA
"8786843","F5I",0.00203469312986091,NA,NA,NA
"8786861","F5I",-0.705988331221028,NA,NA,NA
"8786868","F5I",0.183853507873864,NA,NA,NA
"8786870","F5I",0.0771180685481964,NA,NA,NA
"8786873","F5I",-0.110495814494342,NA,NA,NA
"8786911","F5I",0.273019582466484,NA,NA,NA
"8786963","F5I",0.160424690823133,NA,NA,NA
"8786966","F5I",-0.0673273267188002,NA,NA,NA
"8786967","F5I",0.423396191705553,NA,NA,NA
"8786968","F5I",0.303962770603973,NA,NA,NA
"8786976","F5I",0.0996316673501191,NA,NA,NA
"8786978","F5I",0.0968025074567723,NA,NA,NA
"8786980","F5I",0.299306970893625,NA,NA,NA
"8786998","F5I",0.678127590553044,NA,NA,NA
"8787000","F5I",0.890984580926286,NA,NA,NA
"8787002","F5I",0.0388279505135683,NA,NA,NA
"8787004","F5I",0.580034875975021,NA,NA,NA
"8787008","F5I",0.332994052559767,NA,NA,NA
"8787017","F5I",-0.0719353630347914,NA,NA,NA
"8787023","F5I",0.0688256783966795,NA,NA,NA
"8787027","F5I",-0.0295822027560748,NA,NA,NA
"8787038","F5I",-0.0742426145713382,NA,NA,NA
"8787042","F5I",0.39920269201511,NA,NA,NA
"8787043","F5I",0.307520426374466,NA,NA,NA
"8787050","F5I",-0.0223581474645047,NA,NA,NA
"8787052","F5I",0.170201260429389,NA,NA,NA
"8787059","F5I",-0.292757848562922,NA,NA,NA
"8787084","F5I",0.0228289027025791,NA,NA,NA
"8787091","F5I",0.611289029430311,NA,NA,NA
"8787099","F5I",0.734135970331852,NA,NA,NA
"8787107","F5I",0.464729872103116,NA,NA,NA
"8787111","F5I",0.152750981073518,NA,NA,NA
"8787121","F5I",0.509773742853921,NA,NA,NA
"8787127","F5I",0.833773981183241,NA,NA,NA
"8787131","F5I",0.328845357368421,NA,NA,NA
"8787150","F5I",0.388444872412075,NA,NA,NA
"8787153","F5I",0.480480703621185,NA,NA,NA
"8787155","F5I",0.398108905290143,NA,NA,NA
"8787156","F5I",0.676807676068251,NA,NA,NA
"8787160","F5I",0.539838620643926,NA,NA,NA
"8787161","F5I",0.574751854282627,NA,NA,NA
"8787164","F5I",0.650051536284152,NA,NA,NA
"8787176","F5I",-0.220957814185043,NA,NA,NA
"8787179","F5I",0.41067363972929,NA,NA,NA
"8787182","F5I",0.54793343906756,NA,NA,NA
"8787187","F5I",0.154099530440971,NA,NA,NA
"8787193","F5I",-0.17599086537563,NA,NA,NA
"8787196","F5I",0.27342706613325,NA,NA,NA
"8787197","F5I",-0.0104927791961829,NA,NA,NA
"8787204","F5I",0.00928897378789437,NA,NA,NA
"8787221","F5I",-0.227073174600907,NA,NA,NA
"8787223","F5I",-0.202689011622825,NA,NA,NA
"8787224","F5I",-0.56453703522203,NA,NA,NA
"8787229","F5I",0.24292627952131,NA,NA,NA
"8787235","F5I",0.696917248872197,NA,NA,NA
"8787281","F5I",0.000834258793957765,NA,NA,NA
"8787303","F5I",0.688968356705761,NA,NA,NA
"8787305","F5I",0.0462081691580735,NA,NA,NA
"8787309","F5I",0.527831526085202,NA,NA,NA
"8787332","F5I",0.686507781729312,NA,NA,NA
"8787337","F5I",0.262967381371427,NA,NA,NA
"8787344","F5I",0.73862475255198,NA,NA,NA
"8787345","F5I",0.435099551556019,NA,NA,NA
"8787380","F5I",0.719449663144458,NA,NA,NA
"8787385","F5I",0.127788068644419,NA,NA,NA
"8787393","F5I",-0.0250264631520918,NA,NA,NA
"8787407","F5I",0.693949301056489,NA,NA,NA
"8787414","F5I",-0.0662471965239047,NA,NA,NA
"8787415","F5I",-0.288197716637271,NA,NA,NA
"8787421","F5I",0.640331688894949,NA,NA,NA
"8787423","F5I",0.428502527653331,NA,NA,NA
"8787424","F5I",0.541591141495078,NA,NA,NA
"8787425","F5I",0.061165859966187,NA,NA,NA
"8787438","F5I",0.491616135905488,NA,NA,NA
"8787441","F5I",-0.0449226080380246,NA,NA,NA
"8787453","F5I",-0.0615597928323896,NA,NA,NA
"8787467","F5I",0.0584825137897938,NA,NA,NA
"8787471","F5I",0.237663317044857,NA,NA,NA
"8787472","F5I",-0.021975181201061,NA,NA,NA
"8787473","F5I",0.546223386802957,NA,NA,NA
"8787481","F5I",0.118374453931811,NA,NA,NA
"8787495","F5I",-0.564719048808317,NA,NA,NA
"8787521","F5I",0.347131555162608,NA,NA,NA
"8787526","F5I",0.322306241344346,NA,NA,NA
"8787530","F5I",0.179747641938621,NA,NA,NA
"8787532","F5I",0.109368449683639,NA,NA,NA
"8787534","F5I",0.0965285903501804,NA,NA,NA
"8787535","F5I",0.114851252935679,NA,NA,NA
"8787536","F5I",-0.0180568172805277,NA,NA,NA
"8787538","F5I",0.36609512721926,NA,NA,NA
"8787539","F5I",-0.202842022318333,NA,NA,NA
"8787540","F5I",-0.0357555103621442,NA,NA,NA
"8787541","F5I",0.36287795926802,NA,NA,NA
"8787543","F5I",0.248459586069548,NA,NA,NA
"8787547","F5I",0.049656601086509,NA,NA,NA
"8787552","F5I",-0.0509940877178105,NA,NA,NA
"8787554","F5I",0.526195198511284,NA,NA,NA
"8787557","F5I",-0.295307217602339,NA,NA,NA
"8787568","F5I",-0.306373990937431,NA,NA,NA
"8787569","F5I",0.123494425008856,NA,NA,NA
"8787570","F5I",0.391268984639631,NA,NA,NA
"8787572","F5I",0.0235361909667815,NA,NA,NA
"8787573","F5I",0.571974164212655,NA,NA,NA
"8787574","F5I",0.346973465222489,NA,NA,NA
"8787578","F5I",-0.0677306313803782,NA,NA,NA
"8787580","F5I",-0.0185227953498669,NA,NA,NA
"8787582","F5I",0.0555054159327177,NA,NA,NA
"8787584","F5I",0.329489989405715,NA,NA,NA
"8787590","F5I",-0.0630670814914297,NA,NA,NA
"8787592","F5I",-0.024473667667663,NA,NA,NA
"8787604","F5I",0.539254936337612,NA,NA,NA
"8787618","F5I",0.335717582619821,NA,NA,NA
"8787628","F5I",-0.196753761358489,NA,NA,NA
"8787630","F5I",0.343011705834665,NA,NA,NA
"8787658","F5I",0.0224645389643089,NA,NA,NA
"8787668","F5I",-0.209141030895885,NA,NA,NA
"8787670","F5I",0.383312641436936,NA,NA,NA
"8787676","F5I",0.031346674223518,NA,NA,NA
"8787690","F5I",0.158098525166041,NA,NA,NA
"8787692","F5I",-0.298618992138342,NA,NA,NA
"8787702","F5I",0.109263780697086,NA,NA,NA
"8787707","F5I",-0.245337271500147,NA,NA,NA
"8787759","F5I",-0.573472111192741,NA,NA,NA
