"x_variables","coeff"
"7806808",0.000424477160220875
"8786051",0.000196086438242908
"8786059",-8.93247064991536e-05
"8786066",-0.000115391914617158
"8786068",-0.000220842798853303
"8786077",-0.000340767862257711
"8786086",-0.000227024134099338
"8786087",-0.000201214467289843
"8786092",7.42345858680211e-06
"8786093",0.000287488553866103
"8786094",0.000171293662143892
"8786096",-0.000115137515615345
"8786102",8.8362616886892e-05
"8786104",8.81026302618522e-05
"8786115",-0.000224101734665617
"8786132",0.000127971161854206
"8786136",-0.000138522749829477
"8786147",-0.00013165980498908
"8786149",-0.000206989305863372
"8786150",-0.000165264697131581
"8786159",4.30581019240223e-05
"8786160",0.000185857449853624
"8786165",-0.000191445751117565
"8786172",-0.000183251129823588
"8786179",-0.000299350725568458
"8786193",0.000275740306145528
"8786198",-0.000181373690789604
"8786202",-0.000156950771273953
"8786213",0.000369423375758847
"8786234",-0.000226141168906344
"8786238",-0.000181439359918485
"8786246",0.000137478207354206
"8786247",0.000214118780408129
"8786251",-4.77749570064752e-05
"8786257",-0.000227226118515749
"8786258",-0.000300980079255893
"8786269",-0.000292623018954049
"8786275",6.14295909108387e-06
"8786276",-0.000303199323748577
"8786279",-0.000205594653022587
"8786281",0.000120038815765699
"8786285",-0.000248452905429911
"8786286",-0.000259081172428149
"8786301",-0.000570912081277131
"8786303",-0.000307028248681834
"8786304",-0.00037228319081937
"8786309",-0.000492392842303398
"8786313",-0.000382725196395919
"8786320",-0.00043703350122691
"8786324",-0.000427144986516185
"8786329",-0.000156901848144335
"8786337",0.000149196128696396
"8786340",0.00012904664759549
"8786345",0.000118149852534661
"8786347",0.000292773240706111
"8786350",0.000246569287308659
"8786352",0.000204021568432995
"8786353",0.000306727350859566
"8786357",0.000143640437633044
"8786359",-0.000390155696242893
"8786362",-0.000200929437359646
"8786366",3.70800199234102e-06
"8786367",-5.48038043342345e-05
"8786368",-0.000222081068933127
"8786372",0.00011129630228716
"8786374",-0.000126849855816946
"8786375",0.000139309629407222
"8786376",-0.000270003456530645
"8786377",-0.000107290190752769
"8786379",-9.66996178160584e-05
"8786382",7.49118186019738e-05
"8786389",0.000186625399037038
"8786391",-2.85523550062894e-05
"8786406",-0.000147364736245095
"8786424",5.63228955630234e-05
"8786441",-1.21675163433149e-05
"8786442",0.000157433928173799
"8786444",-0.000306534415892098
"8786447",-0.000543607767598266
"8786455",-0.000101187062867957
"8786458",0.000151877192867189
"8786462",-9.69242700410146e-05
"8786479",-2.93282978440449e-05
"8786483",-0.000336039121913373
"8786484",-0.00020552334994344
"8786487",0.000285104984801861
"8786488",4.51690725947352e-06
"8786491",0.000657752108560299
"8786492",0.000282916066749405
"8786493",0.000261252109680067
"8786495",-9.18304729086494e-05
"8786504",-0.000124052931143745
"8786507",-4.20548993935801e-05
"8786508",-0.000209072917242934
"8786524",3.63213273284321e-05
"8786525",4.44912814144271e-05
"8786526",-3.96656652926798e-05
"8786527",-0.000243367715590988
"8786532",-7.20720873773627e-05
"8786579",5.34764972556449e-05
"8786581",-0.000115169699212573
"8786585",0.000132300170304827
"8786591",0.000279138673564369
"8786598",-0.000408951033187107
"8786605",0.000318992474587839
"8786612",-7.39314190506287e-05
"8786625",-0.000255328769889482
"8786634",-0.000154016437835009
"8786635",-6.4204010809768e-05
"8786636",-0.00055749461538067
"8786638",-0.000283373329484721
"8786639",-0.000209430519535111
"8786660",0.000131307810522061
"8786674",0.000530286928472155
"8786676",0.000548845429556869
"8786677",0.000444244240182464
"8786679",0.000332754131209895
"8786680",0.000497632407318926
"8786681",0.000380468261185162
"8786683",0.000196360608244929
"8786686",0.000420207551803609
"8786688",0.000482018104380479
"8786689",0.000261120439786348
"8786694",0.000112288405107513
"8786695",0.000161044949686966
"8786697",0.000204105790295964
"8786698",0.000265869015443855
"8786699",0.000405390725619285
"8786700",-9.68250716705357e-05
"8786701",-0.000140871245064061
"8786704",0.000231065746348489
"8786706",8.14618518173677e-05
"8786707",0.000256101462861181
"8786709",4.47394551212163e-05
"8786711",9.16973166898088e-05
"8786713",3.9502340677298e-05
"8786715",0.000177380980088487
"8786726",-0.000190553774193279
"8786729",0.000108878618535134
"8786739",0.000150301614556516
"8786759",-8.67114354435665e-05
"8786763",0.00039787321674009
"8786764",0.000149532863754592
"8786770",-5.72904993797727e-05
"8786785",0.000482228475377507
"8786787",0.000499333573964277
"8786792",0.00060327289159031
"8786793",0.000408521051175253
"8786794",0.000626612154514284
"8786796",0.000462973630256649
"8786798",0.000538820438352136
"8786799",0.000411359310203137
"8786800",0.000155437846514297
"8786803",0.000115456597422539
"8786819",2.87951587873722e-05
"8786820",6.45308492321149e-05
"8786825",-9.09148731856595e-05
"8786839",-5.8372733416984e-05
"8786843",-7.98444331053436e-05
"8786861",-0.000510966314365217
"8786868",-7.31231179007232e-05
"8786870",3.87046394786627e-05
"8786873",-0.000130001001005127
"8786911",3.88916849054829e-05
"8786963",-0.000109095345367019
"8786966",-0.000186446532134491
"8786967",2.87299449548905e-05
"8786968",2.23966202247862e-05
"8786976",-0.000126574027365654
"8786978",2.82469497992507e-05
"8786980",0.000364616371671588
"8786998",0.00027665752559641
"8787000",0.000426312917990674
"8787002",-0.00012781133996708
"8787004",0.000271443891434444
"8787008",-8.38811612895699e-05
"8787017",-0.000202228207976488
"8787023",0.000191823303349669
"8787027",-2.83650652221828e-06
"8787038",0.00012115388713239
"8787042",6.14663861490367e-05
"8787043",0.000276593605129229
"8787050",0.000142651937375284
"8787052",0.000188510698598354
"8787059",-0.000199957078034225
"8787084",-9.10146413791776e-05
"8787091",0.000139386407542083
"8787099",0.000202675496540785
"8787107",7.57452862944263e-05
"8787111",3.99849972850338e-05
"8787121",0.000270197185701935
"8787127",0.000618197609958525
"8787131",0.000332306654691628
"8787150",1.70564182019194e-05
"8787153",0.000334571572257547
"8787155",0.000357674597954314
"8787156",0.000142639748062918
"8787160",0.000376136996025443
"8787161",0.000210651539888208
"8787164",0.00050655673166514
"8787176",-0.000231116182738206
"8787179",7.77008072223694e-05
"8787182",0.000241526569901553
"8787187",4.00123942162497e-05
"8787193",0.000119115101737267
"8787196",0.00036409929729006
"8787197",0.000172646172849129
"8787204",-0.000139643435131419
"8787221",-0.000182599308954247
"8787223",-0.000100878021204233
"8787224",-0.000428658890669662
"8787229",7.70719408538202e-05
"8787235",0.000480945208028239
"8787281",-0.000141496369913836
"8787303",0.000529541118461458
"8787305",0.000172592111996558
"8787309",0.000123568567456837
"8787332",0.000482382545256652
"8787337",0.000128014551926256
"8787344",0.000625723560252382
"8787345",0.000387603000122676
"8787380",0.000267961744175506
"8787385",-7.47409115726987e-05
"8787393",0.000271193019998584
"8787407",0.000364896449678798
"8787414",-0.000100374392339192
"8787415",-0.000273185590492157
"8787421",0.000212590840005917
"8787423",0.000188757577029348
"8787424",3.97493914502009e-05
"8787425",0.000189471620990262
"8787438",0.000249937750781851
"8787441",-0.000173638449973868
"8787453",5.1407638585649e-05
"8787467",6.31828882338222e-05
"8787471",0.000136736985601545
"8787472",0.000187997664844168
"8787473",0.000221266248070316
"8787481",6.20647201669718e-05
"8787495",-0.000303604399784617
"8787521",2.22457829005264e-05
"8787526",0.000192553673181369
"8787530",0.000185926933555737
"8787532",-6.21000461159308e-05
"8787534",3.19210473156324e-05
"8787535",-8.22210348286214e-06
"8787536",-6.28119067362363e-05
"8787538",0.000231587924359222
"8787539",-0.000263012800877993
"8787540",-7.32158736140088e-05
"8787541",0.000123202330242184
"8787543",3.24790789272855e-05
"8787547",-1.75293732902618e-05
"8787552",-0.000105403940773905
"8787554",0.000248787569435472
"8787557",-0.000241397357569745
"8787568",-8.51216850791312e-05
"8787569",0.000173286895580527
"8787570",0.00039903723728344
"8787572",0.000201515513813397
"8787573",0.000218254347666726
"8787574",0.00015255520137313
"8787578",-0.000213448482825195
"8787580",-0.000158307523373744
"8787582",0.00024855024147993
"8787584",0.000445222164732503
"8787590",0.000141761512522737
"8787592",-0.000159907739308676
"8787604",0.000503930831359147
"8787618",0.000361084328307882
"8787628",-8.82558669303587e-05
"8787630",6.79317626817037e-05
"8787658",8.11345927291779e-05
"8787668",-0.000251770471480831
"8787670",9.84600160406082e-05
"8787676",0.000126417080024995
"8787690",0.000164829020526787
"8787692",-0.000240154651738883
"8787702",6.88332744419512e-05
"8787707",-0.00018151111928425
"8787759",-7.25463619645632e-05
