"GID","Predicted_value","Standard_error","PEV","Reliability"
"7806808",6.62535619735718,NA,NA,NA
"8786051",6.30190706253052,NA,NA,NA
"8786059",6.1402416229248,NA,NA,NA
"8786066",5.99706935882568,NA,NA,NA
"8786068",6.10384702682495,NA,NA,NA
"8786077",5.86678504943848,NA,NA,NA
"8786086",5.87328290939331,NA,NA,NA
"8786087",5.87328290939331,NA,NA,NA
"8786092",6.12849617004395,NA,NA,NA
"8786093",6.32811212539673,NA,NA,NA
"8786094",6.42871284484863,NA,NA,NA
"8786096",6.1272668838501,NA,NA,NA
"8786102",6.18043756484985,NA,NA,NA
"8786104",6.21044826507568,NA,NA,NA
"8786115",5.85337734222412,NA,NA,NA
"8786132",6.19936275482178,NA,NA,NA
"8786136",6.12679815292358,NA,NA,NA
"8786147",6.06025457382202,NA,NA,NA
"8786149",6.07001256942749,NA,NA,NA
"8786150",6.18043756484985,NA,NA,NA
"8786159",6.18108510971069,NA,NA,NA
"8786160",6.56122922897339,NA,NA,NA
"8786165",6.13268232345581,NA,NA,NA
"8786172",5.91907167434692,NA,NA,NA
"8786179",6.10354232788086,NA,NA,NA
"8786193",6.31129693984985,NA,NA,NA
"8786198",6.045654296875,NA,NA,NA
"8786202",6.045654296875,NA,NA,NA
"8786213",6.3470344543457,NA,NA,NA
"8786234",6.045654296875,NA,NA,NA
"8786238",6.045654296875,NA,NA,NA
"8786246",6.31229400634766,NA,NA,NA
"8786247",6.31229400634766,NA,NA,NA
"8786251",6.02423191070557,NA,NA,NA
"8786257",6.02930212020874,NA,NA,NA
"8786258",5.89153718948364,NA,NA,NA
"8786269",6.045654296875,NA,NA,NA
"8786275",6.35258626937866,NA,NA,NA
"8786276",5.91133880615234,NA,NA,NA
"8786279",5.91133880615234,NA,NA,NA
"8786281",6.35258626937866,NA,NA,NA
"8786285",5.8588924407959,NA,NA,NA
"8786286",5.89511871337891,NA,NA,NA
"8786301",5.64424133300781,NA,NA,NA
"8786303",5.92865705490112,NA,NA,NA
"8786304",5.81845045089722,NA,NA,NA
"8786309",5.81845045089722,NA,NA,NA
"8786313",5.90690946578979,NA,NA,NA
"8786320",5.69963693618774,NA,NA,NA
"8786324",5.53320598602295,NA,NA,NA
"8786329",5.98231840133667,NA,NA,NA
"8786337",6.3470344543457,NA,NA,NA
"8786340",6.23927354812622,NA,NA,NA
"8786345",6.37666702270508,NA,NA,NA
"8786347",6.37666702270508,NA,NA,NA
"8786350",6.3158712387085,NA,NA,NA
"8786352",6.36114645004272,NA,NA,NA
"8786353",6.37666702270508,NA,NA,NA
"8786357",6.37666702270508,NA,NA,NA
"8786359",5.80164623260498,NA,NA,NA
"8786362",6.15900278091431,NA,NA,NA
"8786366",6.25406122207642,NA,NA,NA
"8786367",5.94100952148438,NA,NA,NA
"8786368",5.93331098556519,NA,NA,NA
"8786372",6.3470344543457,NA,NA,NA
"8786374",5.96020030975342,NA,NA,NA
"8786375",6.3470344543457,NA,NA,NA
"8786376",5.98581075668335,NA,NA,NA
"8786377",5.96032571792603,NA,NA,NA
"8786379",6.00699758529663,NA,NA,NA
"8786382",6.3470344543457,NA,NA,NA
"8786389",6.15950012207031,NA,NA,NA
"8786391",6.03994941711426,NA,NA,NA
"8786406",6.02866697311401,NA,NA,NA
"8786424",6.3470344543457,NA,NA,NA
"8786441",6.25093364715576,NA,NA,NA
"8786442",6.22926235198975,NA,NA,NA
"8786444",6.08382987976074,NA,NA,NA
"8786447",5.54452848434448,NA,NA,NA
"8786455",6.18616151809692,NA,NA,NA
"8786458",6.35986614227295,NA,NA,NA
"8786462",6.06729555130005,NA,NA,NA
"8786479",6.25435256958008,NA,NA,NA
"8786483",5.84454822540283,NA,NA,NA
"8786484",5.89823341369629,NA,NA,NA
"8786487",6.5330982208252,NA,NA,NA
"8786488",6.16259765625,NA,NA,NA
"8786491",6.5330982208252,NA,NA,NA
"8786492",6.42626047134399,NA,NA,NA
"8786493",6.5330982208252,NA,NA,NA
"8786495",6.15362167358398,NA,NA,NA
"8786504",5.9400429725647,NA,NA,NA
"8786507",6.08382987976074,NA,NA,NA
"8786508",5.9705491065979,NA,NA,NA
"8786524",6.22733306884766,NA,NA,NA
"8786525",6.22197008132935,NA,NA,NA
"8786526",6.24809551239014,NA,NA,NA
"8786527",5.91613149642944,NA,NA,NA
"8786532",6.01210927963257,NA,NA,NA
"8786579",6.23283624649048,NA,NA,NA
"8786581",6.23283624649048,NA,NA,NA
"8786585",6.10583734512329,NA,NA,NA
"8786591",6.46198272705078,NA,NA,NA
"8786598",5.77982759475708,NA,NA,NA
"8786605",6.15604972839355,NA,NA,NA
"8786612",6.21944427490234,NA,NA,NA
"8786625",6.21944427490234,NA,NA,NA
"8786634",6.15362167358398,NA,NA,NA
"8786635",6.1163501739502,NA,NA,NA
"8786636",6.08382987976074,NA,NA,NA
"8786638",5.72663545608521,NA,NA,NA
"8786639",6.1379919052124,NA,NA,NA
"8786660",6.16487503051758,NA,NA,NA
"8786674",6.52622652053833,NA,NA,NA
"8786676",6.52622652053833,NA,NA,NA
"8786677",6.52622652053833,NA,NA,NA
"8786679",6.52622652053833,NA,NA,NA
"8786680",6.52622652053833,NA,NA,NA
"8786681",6.53141117095947,NA,NA,NA
"8786683",6.46476936340332,NA,NA,NA
"8786686",6.3470344543457,NA,NA,NA
"8786688",6.52622652053833,NA,NA,NA
"8786689",6.52622652053833,NA,NA,NA
"8786694",6.08382987976074,NA,NA,NA
"8786695",6.52622652053833,NA,NA,NA
"8786697",6.52622652053833,NA,NA,NA
"8786698",6.52622652053833,NA,NA,NA
"8786699",6.52622652053833,NA,NA,NA
"8786700",6.16908121109009,NA,NA,NA
"8786701",6.08382987976074,NA,NA,NA
"8786704",6.42920064926147,NA,NA,NA
"8786706",6.38199234008789,NA,NA,NA
"8786707",6.37703800201416,NA,NA,NA
"8786709",6.37703800201416,NA,NA,NA
"8786711",6.38222169876099,NA,NA,NA
"8786713",6.29597902297974,NA,NA,NA
"8786715",6.37847375869751,NA,NA,NA
"8786726",6.37703800201416,NA,NA,NA
"8786729",6.18105983734131,NA,NA,NA
"8786739",6.37703800201416,NA,NA,NA
"8786759",6.13133096694946,NA,NA,NA
"8786763",6.52736282348633,NA,NA,NA
"8786764",6.21944427490234,NA,NA,NA
"8786770",6.10059642791748,NA,NA,NA
"8786785",6.53918504714966,NA,NA,NA
"8786787",6.40286827087402,NA,NA,NA
"8786792",6.3470344543457,NA,NA,NA
"8786793",6.40286827087402,NA,NA,NA
"8786794",6.3470344543457,NA,NA,NA
"8786796",6.3470344543457,NA,NA,NA
"8786798",6.52622652053833,NA,NA,NA
"8786799",6.52622652053833,NA,NA,NA
"8786800",6.33954858779907,NA,NA,NA
"8786803",6.15813732147217,NA,NA,NA
"8786819",6.35224390029907,NA,NA,NA
"8786820",6.35860109329224,NA,NA,NA
"8786825",6.35224390029907,NA,NA,NA
"8786839",6.1194634437561,NA,NA,NA
"8786843",5.99706935882568,NA,NA,NA
"8786861",6.08382987976074,NA,NA,NA
"8786868",6.08382987976074,NA,NA,NA
"8786870",6.21957063674927,NA,NA,NA
"8786873",5.78777742385864,NA,NA,NA
"8786911",6.24411010742188,NA,NA,NA
"8786963",6.13164281845093,NA,NA,NA
"8786966",6.26305150985718,NA,NA,NA
"8786967",6.34547996520996,NA,NA,NA
"8786968",6.11977767944336,NA,NA,NA
"8786976",6.25037050247192,NA,NA,NA
"8786978",6.20149660110474,NA,NA,NA
"8786980",6.52622652053833,NA,NA,NA
"8786998",6.28169012069702,NA,NA,NA
"8787000",6.6604790687561,NA,NA,NA
"8787002",6.18412971496582,NA,NA,NA
"8787004",6.47879695892334,NA,NA,NA
"8787008",6.14826965332031,NA,NA,NA
"8787017",6.07094812393188,NA,NA,NA
"8787023",6.36411094665527,NA,NA,NA
"8787027",5.96944904327393,NA,NA,NA
"8787038",6.40286827087402,NA,NA,NA
"8787042",6.49810981750488,NA,NA,NA
"8787043",6.40286827087402,NA,NA,NA
"8787050",6.37276411056519,NA,NA,NA
"8787052",6.32715177536011,NA,NA,NA
"8787059",5.80967426300049,NA,NA,NA
"8787084",6.16551542282104,NA,NA,NA
"8787091",6.41671466827393,NA,NA,NA
"8787099",6.40137195587158,NA,NA,NA
"8787107",6.58851337432861,NA,NA,NA
"8787111",6.36232280731201,NA,NA,NA
"8787121",6.58851337432861,NA,NA,NA
"8787127",6.51627016067505,NA,NA,NA
"8787131",6.52668190002441,NA,NA,NA
"8787150",6.38430547714233,NA,NA,NA
"8787153",6.5330982208252,NA,NA,NA
"8787155",6.5330982208252,NA,NA,NA
"8787156",6.38430547714233,NA,NA,NA
"8787160",6.43063926696777,NA,NA,NA
"8787161",6.35016202926636,NA,NA,NA
"8787164",6.41114616394043,NA,NA,NA
"8787176",5.73598146438599,NA,NA,NA
"8787179",6.42717552185059,NA,NA,NA
"8787182",6.36263608932495,NA,NA,NA
"8787187",6.36263608932495,NA,NA,NA
"8787193",6.3470344543457,NA,NA,NA
"8787196",6.33857536315918,NA,NA,NA
"8787197",6.28982257843018,NA,NA,NA
"8787204",6.04878997802734,NA,NA,NA
"8787221",6.12849617004395,NA,NA,NA
"8787223",6.12849617004395,NA,NA,NA
"8787224",5.63836765289307,NA,NA,NA
"8787229",6.14409446716309,NA,NA,NA
"8787235",6.52145910263062,NA,NA,NA
"8787281",6.14306879043579,NA,NA,NA
"8787303",6.3470344543457,NA,NA,NA
"8787305",6.3470344543457,NA,NA,NA
"8787309",6.36014795303345,NA,NA,NA
"8787332",6.66167974472046,NA,NA,NA
"8787337",6.39480352401733,NA,NA,NA
"8787344",6.66167974472046,NA,NA,NA
"8787345",6.66167974472046,NA,NA,NA
"8787380",6.3158073425293,NA,NA,NA
"8787385",6.3158073425293,NA,NA,NA
"8787393",6.42434501647949,NA,NA,NA
"8787407",6.47462368011475,NA,NA,NA
"8787414",6.01308917999268,NA,NA,NA
"8787415",6.08382987976074,NA,NA,NA
"8787421",6.31727504730225,NA,NA,NA
"8787423",6.22849702835083,NA,NA,NA
"8787424",6.11201190948486,NA,NA,NA
"8787425",6.3470344543457,NA,NA,NA
"8787438",6.31498765945435,NA,NA,NA
"8787441",5.98180818557739,NA,NA,NA
"8787453",6.18447685241699,NA,NA,NA
"8787467",6.18043756484985,NA,NA,NA
"8787471",6.26596260070801,NA,NA,NA
"8787472",6.3470344543457,NA,NA,NA
"8787473",6.15362167358398,NA,NA,NA
"8787481",6.167076587677,NA,NA,NA
"8787495",6.06437110900879,NA,NA,NA
"8787521",6.17309474945068,NA,NA,NA
"8787526",6.26596260070801,NA,NA,NA
"8787530",6.44138813018799,NA,NA,NA
"8787532",6.05445051193237,NA,NA,NA
"8787534",6.26596260070801,NA,NA,NA
"8787535",6.26596260070801,NA,NA,NA
"8787536",6.06799697875977,NA,NA,NA
"8787538",6.45128059387207,NA,NA,NA
"8787539",6.21349620819092,NA,NA,NA
"8787540",6.15078926086426,NA,NA,NA
"8787541",6.26837205886841,NA,NA,NA
"8787543",6.31297063827515,NA,NA,NA
"8787547",6.19696617126465,NA,NA,NA
"8787552",6.10931539535522,NA,NA,NA
"8787554",6.49040651321411,NA,NA,NA
"8787557",5.74617004394531,NA,NA,NA
"8787568",5.79109573364258,NA,NA,NA
"8787569",6.38207912445068,NA,NA,NA
"8787570",6.41073894500732,NA,NA,NA
"8787572",6.21791696548462,NA,NA,NA
"8787573",6.35258626937866,NA,NA,NA
"8787574",6.39012384414673,NA,NA,NA
"8787578",5.90710639953613,NA,NA,NA
"8787580",6.18107461929321,NA,NA,NA
"8787582",6.29002809524536,NA,NA,NA
"8787584",6.40609073638916,NA,NA,NA
"8787590",6.40609073638916,NA,NA,NA
"8787592",6.18107461929321,NA,NA,NA
"8787604",6.48439979553223,NA,NA,NA
"8787618",6.38156509399414,NA,NA,NA
"8787628",6.20087480545044,NA,NA,NA
"8787630",6.32957553863525,NA,NA,NA
"8787658",6.11301517486572,NA,NA,NA
"8787668",6.04565954208374,NA,NA,NA
"8787670",6.08382987976074,NA,NA,NA
"8787676",6.22118139266968,NA,NA,NA
"8787690",6.20889902114868,NA,NA,NA
"8787692",6.08382987976074,NA,NA,NA
"8787702",6.08382987976074,NA,NA,NA
"8787707",6.02589893341064,NA,NA,NA
"8787759",5.85935211181641,NA,NA,NA
