"stat","summary"
"Min","4.957"
"Max","7.476"
"Phenotype_Variance","0.232"
"Residual_Variance","0.123"
"Number_TrainingSet","281"
"Number_TestingSet","0"
"Number_Predictors","88"
"GS_model","Xgboost"
"accuracy","0.74085193719652"
"mean_squared_error","0.125454779306452"
"bias","0.0542775799284288"
"root_mean_squared_error","0.354195961730864"
"relative_squared_error","0.543308991862289"
"mean_absolute_error","0.280444917248049"
"mean_absolute_percent_error","4.45086034252602"
"nrounds","5000"
"booster","gbtree"
"eta","0.001"
"max_depth","6"
"gamma","0.01"
"subsample","0.5"
"colsample_bytree","1"
"objective","reg:squarederror"
"eval_metric1","rmse"
"eval_metric2","rmsle"
"eval_metric3","mape"
"validate_parameters","TRUE"
