"Coefficient.X_variables","Coefficient.Coeff"
"M9",-0.30941647081792
"M12",-0.178386173179822
"M17",-0.0235327317638824
"M19",-0.194461790053836
"M21",-0.104464074110595
"M22",-0.133419513784183
"M25",0.269021924321408
"M30",-0.354576100282396
"M38",0.0290136881032653
"M41",0.909210818998884
"M43",0.0681702135692248
"M57",0.0709067947060439
"M84",-0.104247439026212
"M100",0.243993731478795
"M115",-0.0512094502657959
"M117",0.109873841184574
"M148",-0.0463563871080287
"M149",-0.238007949786984
"M152",0.0827505407264411
"M168",0.0215359340032685
"M170",-0.068554618196317
"M180",-0.21820720500218
"M187",0.0697875415899792
"M188",-0.231643074269484
"M190",-0.220959747856083
"M201",0.050532985812842
"M202",0.0599742616911837
"M215",-0.251995500273467
"M236",0.0319195640980678
"M246",0.30801723291516
"M250",-0.423206576477926
"M252",0.0662946219154336
"M261",0.661806502783546
"M278",0.625011010365789
"M282",0.0348910773612415
"M297",-0.733055375872928
"M303",-0.458547999250773
"M305",-0.375497888927217
"M306",0.124082690019001
"M312",-0.372286282268327
"M340",-0.045548136102548
"M348",-0.18247508003408
"M354",0.207284430676668
"M357",0.293104352276998
"M370",-0.266798028803408
"M378",-0.460581869967013
"M386",0.443200175947507
"M397",-0.21055612818384
"M417",1.18741617730547
"M422",0.504230622379052
"M427",-0.116667554014198
"M437",-0.0624895290287404
"M448",0.0377981022213583
"M454",0.052832961005744
"M467",-0.05933321480859
"M505",-0.171495938680652
"M642",-0.0574718827481715
"M643",-0.0863540506279499
"M707",-0.359133382953327
"M738",0.0540304310627438
"M761",0.227420350497118
"M800",-0.0654011827537574
"M848",-0.0150574030811606
"M858",0.159818549544028
"M860",0.0841128234186782
"M938",0.0670405530963531
"M954",0.0309078250731131
"M960",0.134552321079136
"M967",0.0117311549013041
"M969",0.0637992507473381
"M971",0.169609062357102
"M983",-0.164142503010151
"M992",0.166772405157442
"M1002",0.0932087503083553
"M1004",0.181523960019205
"M1006",0.138246096139302
"M1008",0.222761612189822
"M1023",-0.140118958618835
"M1025",0.0519184958324267
"M1037",0.0260151629916596
"M1044",0.0714532594177486
"M1054",0.013406422577708
"M1073",0.0306137357081275
"M1087",-0.153668821927547
"M1095",-0.504723257300641
"M1096",0.10821364155346
"M1100",0.0425565999601188
"M1104",0.0831911453655046
"M1111",-0.0627801354698793
"M1142",-0.253469094107383
"M1172",-0.38987203927238
"M1220",-0.225915155763079
"M1233",0.12734182739277
"M1236",0.208111397208512
"M1238",-0.106594495037697
"M1239",-0.0236779245141572
