"Estimated_breeding_value","BLUP","Standard_error","Prediction_error_variance","Reliability"
"7806808",0.502466739581676,0.200152644433992,0.0400610810739198,0.399168
"8786051",-0.0164951082532323,0.219355731889355,0.0481169371127145,0.278347
"8786059",-0.079015415215816,0.201587455422785,0.0406375021838335,0.390523
"8786066",-0.195426969300874,0.205943823154982,0.0424128582956905,0.363897
"8786068",-0.186986326259371,0.199960748319197,0.0399843008683732,0.40032
"8786077",-0.13131044402647,0.207542512086675,0.0430738943232478,0.353982
"8786086",-0.424187729504185,0.206861446732778,0.042791658144378,0.358215
"8786087",-0.368511181661235,0.202171145545797,0.0408731720912999,0.386989
"8786092",0.108869136339903,0.2031435794831,0.0412673138852067,0.381077
"8786093",0.100090753965301,0.203051710564542,0.0412299971631864,0.381637
"8786094",0.278290840805619,0.206108137938228,0.0424805645243637,0.362881
"8786096",-0.0364560269793534,0.203927063826107,0.0415862473607373,0.376294
"8786102",0.1662665837004,0.201473789213729,0.0405916877401381,0.39121
"8786104",-0.0250049470499891,0.196245398896111,0.0385122565878937,0.422397
"8786115",-0.322997296055006,0.206509952223128,0.0426463603671987,0.360395
"8786132",-0.0395515565606304,0.19876862285811,0.0395089654329094,0.407449
"8786136",-0.164396109548702,0.196631834969382,0.0386640785234263,0.42012
"8786147",-0.0673620971004627,0.198919000158122,0.0395687686239067,0.406552
"8786149",-0.0779613940038177,0.197449043188626,0.038986124656104,0.41529
"8786150",-0.137218355794352,0.198990371383784,0.0395971679034562,0.406126
"8786159",0.161019341715668,0.209633981288525,0.0439464061108775,0.340897
"8786160",0.225604721794577,0.205890253470493,0.0423907964741439,0.364228
"8786165",0.127070941789751,0.208438715101592,0.0434466979532027,0.348391
"8786172",-0.249700155958126,0.199870142695759,0.039948073941223,0.400863
"8786179",-0.182704952116471,0.218355774996168,0.0476792444741772,0.284912
"8786193",0.355249867229297,0.214533320246397,0.0460245454959431,0.309729
"8786198",-0.249514145932257,0.213435304522126,0.0455546292164525,0.316777
"8786202",-0.12335872342677,0.216080797423011,0.0466909110149643,0.299735
"8786213",0.228652992190621,0.225085936182287,0.0506636786670564,0.240152
"8786234",-0.177358481764604,0.204967145446323,0.0420115307124142,0.369916
"8786238",-0.240253044462139,0.22288599907588,0.0496781685840533,0.254932
"8786246",0.0659535548047118,0.204330142441543,0.0417508071101811,0.373826
"8786247",0.0711374613164627,0.207650651610839,0.043118793114406,0.353309
"8786251",-0.190951423897432,0.214799199277496,0.0461386960102533,0.308017
"8786257",-0.417277894882497,0.212113048822993,0.0449919454809853,0.325216
"8786258",-0.425035179894914,0.212756599289421,0.0452653705411994,0.321115
"8786269",-0.353580520472858,0.217835915351586,0.0474524860170633,0.288313
"8786275",0.0643394968619995,0.21749183154419,0.0473026967884465,0.290559
"8786276",-0.261411887494501,0.216025411913616,0.0466669785924477,0.300094
"8786279",-0.17480881480193,0.217706642482027,0.0473961821807972,0.289157
"8786281",0.0410222425373488,0.222063832690486,0.0493123457891882,0.260419
"8786285",-0.26246640391228,0.217271801400669,0.0472070356838918,0.291994
"8786286",-0.381356059122889,0.213138811538781,0.045428152984164,0.318674
"8786301",-0.603690570696669,0.216041146703155,0.0466737770688143,0.299992
"8786303",-0.158590516013308,0.18804591651639,0.0353612667184893,0.469656
"8786304",-0.246709338594068,0.190723773860173,0.0363755579154665,0.454443
"8786309",-0.583009307170896,0.222627040563038,0.0495627991898568,0.256663
"8786313",-0.348665452438306,0.206072336740311,0.0424658079696123,0.363102
"8786320",-0.449826225437798,0.216793207883175,0.0469992949842774,0.29511
"8786324",-0.812539468092953,0.214947981969733,0.0462026349528607,0.307058
"8786329",-0.0173148641486538,0.205333860983591,0.0421619944664289,0.367659
"8786337",-0.172279700109811,0.223573353634155,0.0499850444552229,0.25033
"8786340",-0.239397885654114,0.201983228979974,0.0407972247891765,0.388128
"8786345",0.0150277676346738,0.191895476128375,0.0368238737585359,0.44772
"8786347",0.100798226693055,0.192821280559533,0.037180046236618,0.442378
"8786350",0.0681232628151864,0.209750336837264,0.0439952038033456,0.340165
"8786352",0.0217915237454549,0.216691116326325,0.0469550398947489,0.295773
"8786353",0.124083057048829,0.208165798856057,0.0433329998133804,0.350096
"8786357",-0.1989479244745,0.203299269169077,0.0413305928446808,0.380128
"8786359",-0.369190761317527,0.202932926662662,0.0411817727238733,0.38236
"8786362",-0.193620490773872,0.202937482664657,0.0411836218702678,0.382333
"8786366",0.120629228318771,0.222823262144396,0.0496502061526702,0.255352
"8786367",-0.396756193275307,0.203217516630817,0.0412973590655965,0.380627
"8786368",-0.588090537889419,0.208600321812115,0.0435140942601181,0.34738
"8786372",-0.274801847578186,0.205731848954333,0.0423255936741683,0.365205
"8786374",-0.633931393240687,0.196952063122267,0.0387901151681174,0.41823
"8786375",-0.490889222438369,0.19857203705094,0.03943085389856,0.40862
"8786376",-0.300750857878255,0.200337417384815,0.0401350808044176,0.398058
"8786377",-0.0714717017315671,0.203698431671022,0.0414930510652339,0.377692
"8786379",-0.519269281044132,0.201860301488091,0.0407475813168629,0.388872
"8786382",-0.431523773747937,0.201088419164195,0.0404365523219549,0.393537
"8786389",0.0238388533561832,0.21011345231986,0.04414766284577,0.337878
"8786391",-0.514867891913031,0.222038665627236,0.0493011690335234,0.260587
"8786406",-0.34747468792056,0.218069136425278,0.0475541482612665,0.286788
"8786424",-0.258031348940874,0.229878684238754,0.0528442094673406,0.207448
"8786441",-0.0254379453280426,0.208152829118391,0.0433276002699902,0.350177
"8786442",0.0265179783457212,0.205825627542254,0.0423641889531626,0.364627
"8786444",-0.0980786684484858,0.210931508659286,0.0444921013452823,0.332712
"8786447",-0.308116749810521,0.2105415809553,0.044327757311157,0.335177
"8786455",-0.0332349311411278,0.20014491017933,0.040057985070692,0.399215
"8786458",0.151108497496274,0.201771816920218,0.040711866103286,0.389408
"8786462",-0.0798287506236132,0.202237981112221,0.040900201004347,0.386583
"8786479",-0.217695555619473,0.212517917460975,0.04516386524195,0.322637
"8786483",-0.363144489817133,0.198609402394776,0.0394456947196099,0.408398
"8786484",-0.311260890708195,0.198914451565381,0.0395669590415561,0.406579
"8786487",0.214192379363257,0.188819492724349,0.0356528008326805,0.465283
"8786488",0.284184053238496,0.196164358727627,0.038480455635021,0.422874
"8786491",0.629485892568297,0.201562788084489,0.0406275575403926,0.390672
"8786492",0.310941528489318,0.189170424266781,0.0357854494172741,0.463294
"8786493",0.238346048467722,0.20854171241597,0.0434896458173851,0.347747
"8786495",0.205152260491149,0.196984921359059,0.0388030592428346,0.418036
"8786504",-0.0883550058044913,0.210647757807066,0.0443724778691445,0.334506
"8786507",0.00198218225764008,0.208027724879745,0.0432755343186428,0.350958
"8786508",-0.0912856118939274,0.212295554460042,0.0450694024434968,0.324054
"8786524",0.047669088079982,0.189786015800556,0.0360187317934491,0.459795
"8786525",0.110909135874051,0.202624486522999,0.041056682538709,0.384236
"8786526",-0.0986667908129928,0.196477481030912,0.0386034005522523,0.42103
"8786527",-0.241097013455868,0.200546205150732,0.0402187804003596,0.396803
"8786532",-0.165870376016914,0.2170955480733,0.0471304769932466,0.293142
"8786579",0.0604525663990856,0.21662268403776,0.0469253872397234,0.296218
"8786581",0.0164594747308528,0.216825975388333,0.0470135036031021,0.294897
"8786585",0.07322197348795,0.215234866555827,0.0463260477813045,0.305207
"8786591",0.0900094734010774,0.194987513560098,0.0380201304443493,0.429778
"8786598",-0.491136322036098,0.210880604762961,0.0444706294651921,0.333034
"8786605",0.119608395788382,0.210884778095959,0.0444723896325819,0.333008
"8786612",-0.0670333356575311,0.195633560752967,0.0382724900928847,0.425993
"8786625",-0.559333870888175,0.210525413044289,0.0443209495374683,0.335279
"8786634",-0.411453767668764,0.209520832036553,0.0438989790572892,0.341608
"8786635",-0.159266847255637,0.210572016868436,0.044340574288041,0.334985
"8786636",-0.749567043163856,0.203147210213602,0.0412687890175693,0.381055
"8786638",-0.55283303078269,0.202315115377188,0.0409314059100849,0.386115
"8786639",-0.402544830898746,0.207206799708557,0.0429346578454622,0.356071
"8786660",0.00183990228495529,0.21408102578506,0.0458306856011834,0.312636
"8786674",0.53176119563168,0.19406144090527,0.0376598428462297,0.435182
"8786676",0.414693339101401,0.189400310154221,0.0358724774865153,0.461989
"8786677",0.40436263534123,0.191255915015796,0.0365788250285293,0.451395
"8786679",0.235817606533554,0.193126548042568,0.0372978635588383,0.440611
"8786680",0.513582178423285,0.1884445655725,0.0355113542938083,0.467405
"8786681",0.354531888210766,0.190087890969782,0.0361334062933396,0.458075
"8786683",0.157150555318312,0.191776799245019,0.0367783407286644,0.448403
"8786686",0.193564416913707,0.210140592319022,0.0441590685401894,0.337707
"8786688",0.351787979324341,0.2111047724959,0.0445652249705455,0.331616
"8786689",0.168781198021255,0.209642969891813,0.0439501748250597,0.34084
"8786694",0.16133712533658,0.200716388324577,0.0402870685420624,0.395779
"8786695",0.0280201525226432,0.199624282035945,0.0398498539783663,0.402336
"8786697",-0.0749113569176787,0.206321786911657,0.0425686797544192,0.36156
"8786698",0.0779598380478513,0.207633427507545,0.043111640218531,0.353416
"8786699",0.136038397730558,0.198306612482347,0.0393255125542239,0.4102
"8786700",0.103859699646839,0.195268262288693,0.038129694257246,0.428135
"8786701",0.0862594359144976,0.194889952072795,0.0379820934189364,0.430349
"8786704",0.261725052606602,0.159585476458847,0.0254675242965973,0.618041
"8786706",0.159260705669124,0.160009997671512,0.0256031993548372,0.616006
"8786707",0.273329616205898,0.159031860934506,0.025291132792292,0.620686
"8786709",0.14025266560747,0.160110150209046,0.0256352601999634,0.615525
"8786711",0.152085986268059,0.160311493492691,0.0256997749458572,0.614558
"8786713",0.172434356490211,0.159437778878025,0.0254204053335581,0.618748
"8786715",0.232319963238203,0.159056170513879,0.02529886537854,0.62057
"8786726",-0.152082871189128,0.215954067256518,0.0466361591646328,0.300556
"8786729",-0.0523046497836525,0.217475460957103,0.0472955761185046,0.290666
"8786739",0.20793957759958,0.159279262051652,0.0253698833197189,0.619505
"8786759",0.0627066822482168,0.207890327421015,0.0432183882352167,0.351815
"8786763",0.232026934336477,0.215666265781957,0.0465119381963335,0.302419
"8786764",0.0720912681398671,0.211511041190324,0.0447369205454148,0.329041
"8786770",-0.27748831885786,0.227895293679231,0.0519362648811428,0.221066
"8786785",0.61324316064603,0.195507341252136,0.0382231204834792,0.426734
"8786787",0.689363737429293,0.184551378325994,0.0340592112420242,0.489184
"8786792",0.735600784320197,0.192842473414365,0.03718821955257,0.442255
"8786793",0.417961896383001,0.20765923953171,0.0431223597628882,0.353256
"8786794",0.826930135638025,0.197932087714615,0.0391771113470662,0.412426
"8786796",0.679951510289052,0.190994162643002,0.0364787701637015,0.452895
"8786798",0.669442680549333,0.199379467552141,0.0397521720813751,0.403801
"8786799",0.438083623562748,0.20434322875157,0.0417561551366165,0.373746
"8786800",0.264738478814605,0.219117817360768,0.0480126178849467,0.279912
"8786803",0.107478076477841,0.225193250951853,0.0507120002742642,0.239427
"8786819",0.143837539171627,0.198721456620241,0.0394902173212704,0.40773
"8786820",0.104639998457812,0.192897810823702,0.0372095654205766,0.441935
"8786825",-0.0431216306511081,0.195406836195531,0.038183831631947,0.427323
"8786839",-0.144015920456574,0.222311149949484,0.0494222473918618,0.258771
"8786843",-0.115610506330558,0.217649531218402,0.0473713184395901,0.28953
"8786861",-0.611668961743497,0.221344974056004,0.048993597539853,0.265199
"8786868",-0.00693451206230345,0.220701773862047,0.048709272985854,0.269464
"8786870",0.0517198438195511,0.223162738381638,0.0498016078019914,0.253081
"8786873",-0.141660796908564,0.220564558006728,0.0486487242487034,0.270372
"8786911",0.0112268021203506,0.215006895076619,0.0462279649304883,0.306678
"8786963",0.099747314471163,0.189373615073197,0.0358623660858912,0.46214
"8786966",-0.0888057969563478,0.196325466786695,0.0385436889090139,0.421926
"8786967",0.11708023680657,0.193101440996785,0.037288166515035,0.440756
"8786968",0.234273492377529,0.191254884168126,0.0365784307181631,0.451401
"8786976",-0.059095029298389,0.221631990608693,0.0491207392611718,0.263293
"8786978",0.00109249897793463,0.202977828927379,0.0411999990360723,0.382087
"8786980",0.108802251542301,0.21200651095725,0.0449467606882664,0.325893
"8786998",0.464849711995221,0.192249752082575,0.0369599671758115,0.445678
"8787000",0.560091360960968,0.191371040569276,0.0366228751685674,0.450734
"8787002",-0.0467335587659948,0.210566964835581,0.0443384466800689,0.335017
"8787004",0.240271536310499,0.209123229310144,0.0437325250371033,0.344104
"8787008",0.0566100151691618,0.201127850517656,0.0404524122538526,0.393299
"8787017",-0.223173626652954,0.199649527301587,0.0398599337517473,0.402185
"8787023",-0.116177015454829,0.206111036893097,0.0424817595291474,0.362863
"8787027",-0.181852910612879,0.222518216615497,0.0495143567257414,0.257389
"8787038",-0.164685580061358,0.207965198824053,0.0432495239219277,0.351348
"8787042",0.179059529373884,0.212980038916229,0.0453604969767584,0.319688
"8787043",0.0781480422530913,0.219081915666214,0.0479968857719781,0.280148
"8787050",-0.169882963269567,0.214455499964321,0.0459911614649468,0.31023
"8787052",-0.00677025781741406,0.206932932719871,0.0428212386440468,0.357772
"8787059",-0.500891303745251,0.203860314710118,0.0415590279137084,0.376702
"8787084",-0.0272087248011124,0.214568100348684,0.0460394696872427,0.309505
"8787091",0.325858038060446,0.213428557085242,0.0455517489794884,0.31682
"8787099",0.428138021662034,0.210763297230068,0.0444211674592901,0.333776
"8787107",0.276368673104514,0.194917170271625,0.0379927032666976,0.43019
"8787111",0.0562050073526839,0.192462219408645,0.0370417058997016,0.444453
"8787121",0.346492634348903,0.19381890621817,0.0375657684076079,0.436593
"8787127",0.65023846335517,0.215838086002708,0.0465860793693122,0.301307
"8787131",0.200420622376807,0.222117991448011,0.0493364021248989,0.260058
"8787150",0.18049998305504,0.198601445542822,0.0394425341716985,0.408445
"8787153",0.41993416987363,0.181839504428605,0.0330656053708407,0.504086
"8787155",0.295316447305696,0.1802587429701,0.0324932144171604,0.51267
"8787156",0.404003515453005,0.19501271782709,0.0380299601143082,0.429631
"8787160",0.369897470798548,0.185554892004856,0.0344306179469339,0.483613
"8787161",0.452627274912336,0.195975711627234,0.0384064795478006,0.423984
"8787164",0.461800903254722,0.179639696865537,0.032270420689942,0.516012
"8787176",-0.309887149495192,0.213966870097455,0.0457818214993013,0.313369
"8787179",0.200823740533988,0.205021873038242,0.0420339684241091,0.369579
"8787182",0.27235757628875,0.204213686696794,0.0417032298342962,0.37454
"8787187",0.00290509756325758,0.211631604896985,0.0447879361912734,0.328275
"8787193",-0.28527078216214,0.206836070071019,0.0427811598824236,0.358373
"8787196",0.132526622521588,0.224198678218982,0.0502650473151385,0.24613
"8787197",-0.174656523056654,0.207543320293218,0.0430742297983333,0.353977
"8787204",-0.198423147344561,0.219909389345731,0.0483601395224124,0.2747
"8787221",-0.357610374458923,0.195004522132839,0.0380267636522569,0.429679
"8787223",-0.317474327588592,0.194597791440045,0.0378683004333431,0.432055
"8787224",-0.64703229241358,0.20823410449706,0.0433614422756925,0.34967
"8787229",0.0564691773866472,0.226912052378336,0.0514890795145487,0.227772
"8787235",0.222463946270256,0.19431629413203,0.0377588221652057,0.433697
"8787281",-0.157541740667558,0.193471112786047,0.0374310714826712,0.438613
"8787303",0.34043003988871,0.218123801069985,0.0475779925932185,0.286431
"8787305",-0.0989965308954576,0.21908754677094,0.0479993531501088,0.280111
"8787309",0.337554246461571,0.213289178524389,0.0454922736756088,0.317712
"8787332",0.43751389075135,0.195724481432511,0.0383080726320255,0.42546
"8787337",0.132825338723738,0.218366485552418,0.0476839220125145,0.284842
"8787344",0.545670484778947,0.196100132934512,0.0384552621369333,0.423252
"8787345",0.274930761921223,0.200692726901324,0.0402775706310894,0.395921
"8787380",0.406574459052576,0.215275884530019,0.046343706460182,0.304942
"8787385",-0.0300416819842577,0.217789878491824,0.0474324311734835,0.288614
"8787393",-0.088812000877864,0.220346082110421,0.0485523959014124,0.271817
"8787407",0.444952005493491,0.202889264928613,0.0411640538232728,0.382626
"8787414",-0.312236945856067,0.201709830126334,0.0406868555695943,0.389783
"8787415",-0.452598534905089,0.206185174244548,0.0425123260782548,0.362405
"8787421",0.44535631473458,0.200329220386102,0.0401317965405033,0.398108
"8787423",0.158916779924894,0.213394861024775,0.0455373667117831,0.317036
"8787424",0.35920625517266,0.200253090277082,0.0401013001655211,0.398565
"8787425",-0.0799154426392503,0.217690374548164,0.0473890991709197,0.289264
"8787438",0.179637472870626,0.218637208472089,0.0478022289284678,0.283067
"8787441",-0.137882723792524,0.218035756365102,0.047539591053702,0.287006
"8787453",-0.213645556705335,0.219253443532709,0.0480720725009507,0.27902
"8787467",-0.00818232309630504,0.201234120952202,0.0404951714354056,0.392658
"8787471",0.126616491637685,0.20535887465345,0.0421722673989314,0.367505
"8787472",-0.1018488520545,0.216075236786533,0.0466885079523565,0.299771
"8787473",0.327614396597294,0.210064911887752,0.044127267206409,0.338184
"8787481",-0.0485439397233042,0.217667185424066,0.0473790036104347,0.289415
"8787495",-0.551494961374491,0.218946979256405,0.0479377797255046,0.281034
"8787521",0.101733132610546,0.214750397719275,0.0461177333205868,0.308331
"8787526",0.169644035283137,0.196020095573485,0.0384238778686384,0.423723
"8787530",0.0542484947597927,0.188324825589346,0.0354662399332574,0.468081
"8787532",-0.100148581519289,0.196957142147971,0.038792115843096,0.4182
"8787534",-0.0365619318386227,0.189262273971954,0.035820208349035,0.462772
"8787535",-0.041553735054509,0.190178814706017,0.0361679815629856,0.457557
"8787536",-0.142476391269774,0.185821857673472,0.0345297627892199,0.482126
"8787538",0.154444543327116,0.200504021646304,0.0402018626963414,0.397057
"8787539",-0.261606322708626,0.184715750519569,0.0341199084900077,0.488273
"8787540",-0.172508786253711,0.184366463102333,0.0339909927168639,0.490207
"8787541",0.162093238903901,0.190094164173325,0.036135791252755,0.458039
"8787543",0.119990517922774,0.188569082230438,0.0355582987732298,0.466701
"8787547",-0.00958221824032849,0.196339000670111,0.038549003184138,0.421846
"8787552",-0.0710191222747865,0.203644113132299,0.0414709248134407,0.378024
"8787554",0.29964397721112,0.201890189113748,0.0407596484603848,0.388691
"8787557",-0.342761803637349,0.219261338619098,0.0480755346130386,0.278968
"8787568",-0.272696017817992,0.213769547827009,0.0456974195781637,0.314635
"8787569",0.0140232071671612,0.198759123583435,0.0395051892076552,0.407506
"8787570",0.124553273027996,0.198781467023377,0.0395140716319657,0.407372
"8787572",-0.0250216871924813,0.211794145413204,0.0448567600313093,0.327243
"8787573",0.284570011200569,0.200217211742847,0.0400869318780799,0.398781
"8787574",0.209440796174638,0.20179750258981,0.0407222320514845,0.389252
"8787578",-0.0642279770234464,0.197546222288604,0.0390245099404987,0.414715
"8787580",-0.109772713830469,0.197842829150481,0.0391417850462665,0.412956
"8787582",0.000344957636670438,0.203002187025428,0.0412098879371069,0.381939
"8787584",0.232429863458618,0.187472660087365,0.0351459982802326,0.472884
"8787590",0.0149066594761412,0.197027191211263,0.0388197140765997,0.417786
"8787592",-0.068449513706669,0.190879812328877,0.0364351027547074,0.45355
"8787604",0.308615454692406,0.215710055669302,0.0465308281168535,0.302136
"8787618",0.146565104558771,0.213511954086138,0.0455873545376809,0.316286
"8787628",-0.299462515863636,0.21716797000959,0.0471619271980861,0.292671
"8787630",0.182362087759942,0.194063883620292,0.0376607909257901,0.435168
"8787658",-0.169656779736502,0.213376450669188,0.0455295097001806,0.317153
"8787668",-0.241070905682991,0.21330547029892,0.0454992236594433,0.317608
"8787670",0.286734825345485,0.214007343472745,0.0457991430602614,0.31311
"8787676",-0.0378632329429948,0.226384776623237,0.0512500670867529,0.231357
"8787690",0.0623848769909835,0.209739187744684,0.0439905268757998,0.340235
"8787692",-0.511320663636495,0.219776650474678,0.048301776093869,0.275575
"8787702",-0.219332893443839,0.209243769967282,0.0437829552701208,0.343348
"8787707",-0.357367764996886,0.2230585609891,0.0497551216305281,0.253778
"8787759",-0.459217565522408,0.229126214747105,0.0524988222843366,0.212628
